Ticker,FDX,FDX,FDX,FDX,FDX,JNJ,JNJ,JNJ,JNJ,JNJ,AAPL,AAPL,AAPL,AAPL,AAPL,HD,HD,HD,HD,HD,GOOGL,GOOGL,GOOGL,GOOGL,GOOGL,COP,COP,COP,COP,COP,MS,MS,MS,MS,MS
Price,Open,High,Low,Close,Volume,Open,High,Low,Close,Volume,Open,High,Low,Close,Volume,Open,High,Low,Close,Volume,Open,High,Low,Close,Volume,Open,High,Low,Close,Volume,Open,High,Low,Close,Volume
Date,,,,,,,,,,,,,,,,,,,,,,,,,,,,,,,,,,,
2020-01-02,138.87452325603036,141.3163604736328,138.12740339952666,141.3163604736328,3027600,125.9687754842636,126.09831870928423,125.2865619364055,126.05513763427734,5777000,71.72100391407992,72.77658292273667,71.46679725362982,72.71605682373047,135480400,192.98718532515008,193.58618966805648,191.89486668395344,193.49810791015625,3935700,67.09969405120086,68.10836791992188,67.00415018078345,68.10836791992188,27278000,53.79603916339832,54.12567301992384,53.44168386790089,53.944374084472656,4122800,43.27308308875288,43.99993616128367,43.24772557462319,43.9830322265625,7808000
2020-01-03,138.9474391072881,139.71278559915302,138.34608947678626,139.56700134277344,2216500,123.92215846825785,125.53702837241798,123.49037394397821,124.59574127197266,5752400,71.94133580542943,72.7717522953066,71.78396939069293,72.00912475585938,146322800,191.27828500111073,193.5157611043228,190.9347351502628,192.85508728027344,3423200,67.07929686090621,68.36066912200879,67.04545444931702,67.7520751953125,23408000,55.24641554968886,55.32057985477771,53.622974252164184,54.14214324951172,6333200,43.28998285154914,43.48437324596503,42.96036421649196,43.27307891845703,6706000
2020-01-06,137.80852501958609,139.9041285111781,136.82450214781022,139.6763458251953,2389700,124.3539301916254,124.52664134815488,123.36083115881836,124.44029235839844,7731300,71.12787343706493,72.62165386110323,70.87608272259153,72.58291625976562,118387200,190.70570208876495,193.79765067654856,190.62641101617328,193.76242065429688,5682800,67.25992638011208,69.58332136437583,67.22858209701914,69.55794525146484,46768000,54.62013395903324,55.16403089780517,54.29050002225429,54.78495407104492,8823800,42.82513099596619,43.13784890920571,42.647644541919185,43.12094497680664,7476700
2020-01-07,139.73093893514735,141.42564179554125,138.80158216583598,141.04296875,2140100,124.36258560839876,125.60612726333014,122.0914077579525,125.20024871826172,7382900,72.59258596559819,72.84921605109494,72.02122310005907,72.24153900146484,108872000,193.35718836497105,194.2909384679479,191.06684727199817,192.49391174316406,5685400,69.68981296449783,69.84109012983315,69.24693070667955,69.423583984375,34330000,54.75199004864258,54.7931903612122,54.17512908746832,54.78495407104492,5974800,43.13786161254309,43.26463630672582,42.8589514819676,43.03643798828125,4538100
2020-01-08,140.8334624951793,143.73085110887197,140.25032556876369,143.16595458984375,3053200,125.10522166573791,126.06378366675686,124.09484763931508,125.18295288085938,6605800,71.94374389134458,73.70626361557562,71.94374389134458,73.40363311767578,132079200,192.74055801080857,196.41390244762948,192.62603692622028,195.3744354248047,4916200,69.40915447916457,70.25660431481994,69.30017841973043,69.917724609375,35314000,54.76022411300407,54.9085590641631,53.16974624839391,53.515865325927734,6470100,43.0702414184407,43.77174023876085,43.019532835639,43.58580017089844,6185200
2020-01-09,143.91307754459112,144.2410851213852,142.67393935478572,144.0041961669922,2240200,125.87382236817896,126.10698970565991,125.20888367453873,125.55430603027344,6112700,74.38417348369161,75.15648731833909,74.1323901596974,74.96280670166016,170108400,196.12315295170544,198.68656965525594,195.4272493651451,198.36944580078125,4843600,70.75820366435225,71.09409928302898,70.17499344034695,70.65171813964844,33200000,53.21095240319197,54.51300293171235,52.980210544921334,54.44707489013672,6005100,44.09290577558995,44.160521518782915,43.79709495936093,43.99993896484375,7308000
2020-01-10,144.02243385140218,144.35042755090612,142.26394440236206,142.7104034423828,2449600,125.86517468242236,126.23650300660329,125.13113580283321,125.2693099975586,5042600,75.19765137920673,75.69880941545972,74.6287043855216,75.13227844238281,140644800,197.98193554900405,198.63380527026553,196.46678907148925,197.5150604248047,4226600,71.13340830145955,71.4056054391935,70.642256782346,71.10802459716797,26258000,54.274016845185045,54.55420158249093,53.837254585711804,53.91141891479492,7233100,44.07600040643467,44.346456902435584,43.88160677734426,44.126708984375,7686800
2020-01-13,142.7923408245213,145.35261472687873,142.78323452656716,145.1248321533203,1985300,125.63202760090215,125.89973191064381,124.97571983582519,125.82201385498047,4593200,75.44942915816804,76.76405445807666,75.33079296168272,76.73741912841797,121532000,197.76168297600367,197.7704871207359,196.15844149953972,196.73983764648438,6060900,71.42103622672836,71.73105459235768,70.92939109321708,71.65890502929688,30730000,53.861973478779674,53.98558697530995,53.46641154733153,53.67243194580078,3675300,44.126716188393715,44.60846710205078,44.00839185508795,44.60846710205078,8334200
2020-01-14,145.0064392700922,149.88099387201478,144.5235411315392,147.72161865234375,5076600,125.26066594021377,126.60783125523162,124.98431757968955,126.53011322021484,7037500,76.67448226895164,76.88511195829709,75.57774940600967,75.70121765136719,161954400,195.98229687364739,198.15811727013343,195.83254573981952,196.2729949951172,3915100,71.65740633981173,71.78828087353631,71.04881242286127,71.18914794921875,26076000,53.74659590548485,53.83724537256958,53.28511228195738,53.680667877197266,6119400,44.84511492467369,45.005697473293516,44.523946603338054,44.67607879638672,9602000
2020-01-15,148.53250869284076,148.53250869284076,144.56908517148895,145.0064239501953,2971800,126.42649235796222,127.29006133083632,126.28833133683513,126.9532699584961,4960300,75.50028381601487,76.38396369325629,74.94343907710318,75.3768081665039,121923600,195.80606949734963,198.1844921759239,195.67394013132258,197.8409423828125,3444300,71.31006405553765,71.69621832129545,71.24238683022108,71.61759185791016,21550000,53.56529235839844,53.83724073623307,53.103808774612844,53.56529235839844,3933300,44.35490209657454,44.743682861328125,44.042187413976684,44.743682861328125,11342500
2020-01-16,146.318445186636,147.1202444838902,144.7239667949817,145.36175537109375,2343700,127.30731337324703,128.5335795116863,126.25375836274023,127.98089599609375,6476000,75.92152071901803,76.43236486391163,75.55836410557868,76.32099151611328,108829200,199.0213449591694,201.60238394816295,198.5544699390221,201.56715393066406,5390800,71.92861081434542,72.18986633810621,71.65740833978604,72.16299438476562,26080000,53.88668784909128,54.06798678191135,53.367518776486996,53.622982025146484,4315200,47.37219785232246,48.47938152916581,47.0341287894768,47.70181655883789,34590700
2020-01-17,145.22510109491623,146.8560186991153,144.46886105297222,145.76266479492188,1846100,128.16226536877357,129.02583428061436,127.74774280363859,128.81857299804688,9083600,76.57037231867773,77.16837061022176,76.26290232469962,77.16595458984375,137816400,202.26306990839763,204.8969608037538,201.6464437540419,204.2891387939453,7979200,72.77905637158437,73.67526918873557,72.48098189602656,73.62401580810547,52424000,53.796038382681246,53.91965186298973,53.433440517041106,53.622982025146484,4765500,47.54967981504345,48.656863386241916,47.48206729856425,48.60615158081055,15403900
2020-01-21,144.96087715538104,145.015542764352,142.8743803946631,143.5303955078125,2460400,128.3090730747029,129.68214450957132,128.2399859791288,128.90493774414062,9543900,76.79310894375465,77.23615682397768,76.50500406521856,76.64300537109375,110843200,203.95437206159116,205.8306896474443,203.54034880610772,205.2052459716797,4873500,73.59812431900943,74.13954214804811,73.160716663624,73.75985717773438,48930000,53.21095026647024,53.441692115475284,52.69177796258699,52.76594543457031,6974000,47.228509200532194,47.73561429920232,46.63688443601999,47.26231384277344,20833900
2020-01-22,143.4939550714488,144.73309317337365,141.65346747092468,141.7172393798828,1911100,126.68555915358351,128.82720640632772,126.08106353914154,128.0240936279297,10305300,77.1296258918447,77.47099402402007,76.82215592624772,76.91658020019531,101832400,205.9451774231686,208.3588432499155,205.14357030328873,205.1611785888672,4030800,74.13208207250838,74.67199649799004,73.78026373101446,73.84046936035156,28458000,52.576413656248626,52.576413656248626,51.77705651716534,51.92538833618164,6755800,47.48206155340593,47.76096838929182,47.203151493424464,47.211605072021484,10276800
2020-01-23,141.22523698017855,141.53501803431402,139.15696671357009,141.11590576171875,2059100,127.84276132235416,128.47317624075706,126.73739394964514,128.2659149169922,8671900,76.96985393819801,77.3669014145498,76.42027207993955,77.2870101928711,104472000,204.48294356533665,206.85256233863734,203.17040015103518,205.8218994140625,4617900,74.02360392331533,74.31968898431825,73.66382040673582,73.88127899169922,26650000,51.101303306116876,52.213815454031305,50.77991195570452,52.03251647949219,6199900,46.670694380604104,47.034120899669475,46.31571821645145,46.93269729614258,10064500
2020-01-24,141.80833616366363,141.80833616366363,138.7742702362949,140.37786865234375,1973600,128.3090721263897,128.62858841116943,127.74774442037968,128.0845489501953,9051900,77.5339532626897,78.27963174807223,76.8730054274966,77.06427001953125,146537600,206.53543938354667,207.38989844310083,203.0999276484162,204.36842346191406,4467500,74.28584264769104,74.35451457543209,72.810892040463,72.95968627929688,29786000,51.66991668406172,51.66991668406172,51.13426238935671,51.60398864746094,5689500,46.932696934122134,47.000312669285165,45.72409307289642,46.10442352294922,9752000
2020-01-27,136.76985075198553,136.8336226812622,134.40090501028817,135.2938232421875,3368400,127.39368554355593,129.06901128797347,126.94462603400736,128.45587158203125,7587100,75.06688907368486,75.48088552561684,73.8127900649216,74.79815673828125,161940000,201.02097093583373,204.78241009547116,201.02097093583373,203.6548614501953,3595600,71.2364267268566,71.48722657038118,70.63728617423324,71.24588012695312,34132000,50.57389387813932,50.952973855508674,50.13713157593603,50.30194854736328,7321100,44.79439722899704,45.37756840960581,44.676072921983284,44.887367248535156,10649100
2020-01-28,136.44180861591056,136.6240319570513,134.03642436570334,135.21177673339844,2190000,128.2054554677668,130.02758652700055,127.93773801757153,129.1035614013672,7336600,75.68186595866302,77.08606906211398,75.58260222996032,76.91417694091797,162234000,204.2099155575074,207.23139123930454,203.79589214900378,206.00694274902344,3621900,71.74399693020122,72.39388973398827,71.17770407698895,72.17991638183594,29724000,50.77167180364913,50.82935726861849,50.18657457689012,50.41731643676758,4824700,45.470550238559944,46.011463339161075,45.1155772253266,45.656490325927734,9232900
2020-01-29,135.90425737911607,136.73338964564113,134.76534401391717,134.90200805664062,2521600,129.06036107194979,130.5629756039039,128.7840258939784,130.00164794921875,6288600,78.55080525794223,79.37395905172454,77.8075426954761,78.524169921875,216229200,206.92302384052817,207.78631392974512,205.601676272092,206.14784240722656,2564000,72.57600492428035,72.85865775027906,71.92561868355719,72.4884262084961,21566000,50.75518617027221,50.82935364045624,49.66739870332104,49.848697662353516,4102500,46.045270546863605,46.104432714878676,45.3691291809082,45.3691291809082,9027800
2020-01-30,133.02507820052494,135.21178625367986,130.61969378095426,135.084228515625,3380200,129.56125782739048,129.9757672636214,128.71496388512224,129.8462371826172,6470600,77.60418037822573,78.46364841866361,77.17081124396611,78.41038513183594,126743200,204.3684424452474,205.5136131299966,203.98966255984965,205.06434631347656,4685700,71.56286322410585,72.41628127877416,71.40860195394337,72.36652374267578,27110000,49.2388806648161,50.26074333712067,49.107027720998296,50.1783332824707,6931500,44.756597172768906,45.82000233940852,44.577945883634655,45.785972595214844,8685900
2020-01-31,134.0273529634518,134.2004561458218,130.82927479728548,131.7859649658203,3286200,129.3194388440998,129.53533106253735,128.3608768671564,128.5594940185547,8651700,77.69856694811635,78.12224966790679,74.63837103116171,74.9337387084961,199588400,205.2141045372515,205.45193743594135,200.7479430372015,200.9329376220703,5304700,73.04377812590472,73.13384738601565,71.01348397202851,71.29812622070312,43822000,49.44489254852201,49.78276585519205,48.71969991092964,48.97516632080078,7673000,45.25852990291131,45.32658615410611,44.14407998795476,44.45884704589844,11286900
2020-02-03,132.5695176614335,134.30066044092905,130.83837488193797,131.05703735351562,1988400,129.03449783505846,129.95852312921144,128.87906171661356,129.6821746826172,5765200,73.67237193822604,75.89731214570682,73.16879799630816,74.72795104980469,173788400,202.87089046132166,205.71618833691414,202.03403972631702,203.96319580078125,5100900,72.73475112590975,73.96139234126558,72.48395130082353,73.77726745605469,71636000,48.95868434322904,49.725080429698494,48.505440123309434,48.76914596557617,7015300,44.782122399011335,45.59031105665549,44.73108102280047,44.74809265136719,8375100
2020-02-04,133.3621753671273,135.06599896498741,133.02506150944197,134.40086364746094,2573700,130.8220448668906,131.91013683288344,130.5716025307639,130.9170379638672,6541400,76.33794039127015,77.38625661675313,75.93120675854502,77.19499206542969,136616400,206.1566055479083,208.2090999756147,206.1566055479083,207.01107788085938,3505100,72.37846261578684,73.01789968192739,70.76318413051645,71.92662048339844,95880000,48.56312601528171,49.29655809213892,46.502922139336015,46.5523681640625,13403000,45.72643121586095,46.449545574195554,45.70941634039646,45.95612716674805,9375100
2020-02-05,136.2140174698129,137.44404927562314,135.59445536801883,136.6240234375,2013700,131.02068233989485,133.00689356320473,130.66661590739275,132.98098754882812,5979900,78.32562874403418,78.62584328517734,77.21921702642419,77.82447814941406,118826800,208.86099942987207,209.9356964678404,207.7686806616992,209.75070190429688,3868600,72.83229392763356,72.8805632190907,71.14387101489368,71.9584732055664,36376000,47.20339179286852,48.57960966313217,46.8243150213695,48.43951416015625,12891800,46.67073504233335,46.91744586515563,46.2623877727942,46.78133010864258,8237500
2020-02-06,137.92696554867103,137.92696554867103,135.2937984632274,135.42135620117188,1706800,133.2055109343889,133.42140317253217,131.90152655972958,132.583740234375,6201200,78.09563507421905,78.73721039613278,77.53637437960353,78.73478698730469,105425600,209.65378647840254,210.89585625449348,209.19571561829167,210.39373779296875,3930300,72.25355601704628,73.7255224770131,72.17891592181336,73.44734954833984,37822000,48.6784952720045,48.6784952720045,47.73904283953814,48.13460159301758,5901700,47.15564187459173,47.206686494027366,46.45804830191418,46.798336029052734,6976900
2020-02-07,134.20954639514008,143.44841055221366,133.40774698101328,141.82659912109375,6532600,132.41965274574366,132.52328997472654,130.87387020349934,131.16748046875,5700300,78.23244174012544,78.48240085764334,77.1719355094332,77.6645736694336,117684000,210.3937478852675,211.00156986618924,208.35007080775114,209.03717041015625,2456100,73.02039690526739,73.90914563927223,72.92186893297892,73.60360717773438,28360000,47.64016297116817,48.10164669926212,47.434142551519905,47.78849792480469,5081800,46.45803563192504,46.88339760878536,46.29639600375534,46.815338134765625,7588000
2020-02-10,144.68757986040498,146.04515591131405,142.31863412041437,142.8470916748047,3948600,130.98613703470048,131.18476738827033,130.303923335923,131.14158630371094,4835600,76.24489635857795,78.03343963623047,76.1648155367922,78.03343963623047,109348800,208.42055953170674,211.9529571533203,208.05057038816915,211.9529571533203,2568000,73.51005621420106,75.0850230307296,73.40903771305075,75.0740737915039,38302000,47.35172098844216,47.91209664517342,47.145700618868055,47.68959426879883,6756300,46.51759799685358,47.096090693586625,46.46655337822825,47.087581634521484,5115100
2020-02-11,144.2046578601327,145.3800103302597,142.92906655548023,143.95864868164062,2016800,131.51293592767487,131.59066716326987,130.8652590855042,131.25387573242188,3715300,78.53092392160836,78.60372465740163,77.3442200863521,77.56262969970703,94323200,211.9529510497118,213.57380077643674,211.5917795027901,212.8602752685547,2692400,75.30348131760789,76.1300350378507,74.91434289980158,75.14374542236328,34852000,48.49720687272306,48.62905981920974,47.969795086776365,48.3818359375,6143000,47.419376965102394,47.85324495814365,47.37683815115712,47.45340347290039,7120800
2020-02-12,145.05197635213383,145.60776652677978,143.2570481111992,144.4232940673828,1607500,131.15022156879985,131.39201983787493,130.3298336432224,130.4766387939453,5166800,78.01401070527898,79.40941481717738,78.01401070527898,79.4045639038086,113730400,213.2919004744181,213.44165156598174,210.3937376652979,212.8162078857422,3592100,75.4323606906229,75.65330449075212,75.07457418082535,75.57020568847656,31042000,49.36248633234944,50.39258827464704,49.06581646998827,49.24711227416992,5906800,47.82771184260322,48.202029293198166,47.73413166864073,47.79368209838867,7130000
2020-02-13,143.76727187246752,147.44824678569682,142.57369317183918,147.1202392578125,2624400,129.6734932499126,130.43342482814813,129.4316950417903,129.613037109375,5480200,78.67412186901794,79.16676004463604,78.47027235558737,78.83914184570312,94747600,212.2701042830547,214.58687154832202,211.76798570588295,213.4945526123047,2468100,75.14076012943136,75.93446611705389,74.84218453538855,75.30945587158203,22914000,49.039625133849825,49.338394721495945,48.6329658249157,48.815547943115234,5995600,47.470417652656266,47.63205735466165,47.21520099901008,47.58101272583008,5718400
2020-02-14,146.20003533228024,146.956261563823,143.95864773763577,144.52354431152344,1679000,130.0189571595642,130.08804426645352,128.80132160754926,129.6476287841797,5716300,78.80759072301922,79.10851777495836,78.34893117896286,78.85855865478516,80113600,214.44587159398202,215.99624767118362,213.73234616389811,215.84649658203125,2841600,75.36618018532974,75.64086789608571,74.91931151125273,75.57518005371094,23198000,48.85706051202694,49.04794044674175,48.28442070788253,48.64958190917969,4204500,47.555484928822224,47.74264204939669,47.249223692102674,47.50444030761719,4579300
2020-02-18,145.1522246233292,146.61003925452195,142.49172473874054,144.47799682617188,1924000,129.9412117777935,130.17437906738033,128.7235764818591,128.79266357421875,7230700,76.5312490357775,77.5966134445047,76.34923977828454,77.41460418701172,152531200,215.67915570290359,216.79790040687524,214.1992528793489,214.8863525390625,2892600,75.35672784883174,76.16386598952577,75.19101619789893,75.61051177978516,25642000,48.47528612059614,48.608072260004036,47.894345573484856,48.383995056152344,3937800,47.47040999087608,47.60652573386852,46.73878665532094,47.232208251953125,6897800
2020-02-19,144.8697762628201,147.32071998503997,144.71488571753582,146.81959533691406,1699300,128.85310133835284,129.32805361791515,128.30904879927368,128.61993408203125,6115200,77.65729255269991,78.76633753940254,77.65729255269991,78.5357894897461,93984000,215.74078428756124,216.26051100660095,214.06706962020218,214.62203979492188,2713300,75.99666093125346,76.17282066551604,75.6871437222989,75.8807144165039,22746000,48.75747015398413,49.263718435739506,48.69937640026192,49.18072509765625,5267400,47.521451286986725,48.0063637903025,47.20668426182238,47.90427780151367,6075300
2020-02-20,146.75583883941394,150.5643587598364,145.32535686652895,150.25457763671875,2602500,128.33497734836533,128.9999291043613,127.29005316037161,128.12771606445312,7464700,78.29551817542524,78.78572703430541,77.22287385707519,77.73007202148438,100566000,214.66613970779036,217.6876148588401,213.3095486037508,217.5995330810547,3701800,75.58911140978356,75.99019372622803,74.85511755870975,75.48859405517578,25962000,49.17242002109616,49.42139366650966,48.61637898520174,48.865352630615234,5755000,45.9391023857649,47.22369437641762,45.590305627090586,45.72642135620117,58533500
2020-02-21,148.75121750956,149.55301710613682,147.32074930503464,148.7421112060547,1645300,127.88592035610165,129.7426014716095,127.4109548066919,129.47488403320312,7776800,77.32239667498202,77.76650347779221,75.3518440007245,75.97067260742188,129554000,217.1414283716955,217.89900143835786,214.93918264784463,216.1195831298828,3881100,74.8710434826863,75.18803231655097,73.57275374256885,73.820068359375,42520000,48.40060190493249,48.64127781264774,47.94414967138856,48.50019073486328,5216300,45.513742916757515,45.590308221567874,44.314221971565324,44.5949592590332,29536400
2020-02-24,142.37326083493335,143.7035176121091,139.0567460470185,141.0885772705078,3116300,127.31958281105977,129.4922719375284,126.23323824782548,126.80683135986328,10588900,72.13876947323553,73.81810418195764,70.19005719516358,72.36203002929688,222195200,210.07663958285423,214.15520333855264,209.3895399293444,211.15133666992188,5350100,70.81393833170006,71.47727087720753,70.00481082046124,70.65519714355469,49560000,46.59969319470533,47.25532314168621,46.4669070219896,46.79057312011719,10350200,42.79993032380471,42.953060920296345,41.86413187354973,42.263973236083984,28670400
2020-02-25,141.82660146104482,141.95415919696495,131.94082826760763,132.66062927246094,4223800,126.8763711835618,127.53686396744145,124.99916441542811,125.71179962158203,10529000,73.03424203168211,73.41767156165426,69.4377377687625,69.91095733642578,230673600,216.78910112139474,217.5554784263825,208.31484939257018,209.107666015625,8061500,71.20955452359632,71.50065850081133,68.692588654975,68.9861831665039,51580000,46.906746085376184,47.04782996508449,44.43360240649965,44.674278259277344,10447900,42.51919576178355,42.66382056547692,40.46044472474944,40.86028289794922,25568400
2020-02-26,134.3188506760424,136.11377879354242,130.80188654613465,131.68568420410156,2766300,126.32015003724564,127.07624160325857,124.79056841822299,124.86878204345703,10093800,69.53481752247102,72.28922581008212,69.52753744829661,71.02001190185547,198054800,210.6228049376468,212.3317364789075,206.4121118184749,207.2577667236328,6963000,69.41712466045571,70.3471798136507,68.50000813732794,69.19269561767578,49776000,44.83197461888109,45.022854543955425,42.41692393034712,42.46671676635742,11646700,41.021922689738446,41.30265999318275,39.89045792595675,40.18821334838867,22286100
2020-02-27,128.25073558843818,132.5603932469465,124.35109781361726,126.42847442626953,3535000,123.89542221560785,125.81608523190289,120.75805859693719,120.90579986572266,12566700,68.21705893027021,69.40618438433137,66.24164858907926,66.37754821777344,320605600,203.54921621594303,206.85258548333036,197.8233761524717,197.9643096923828,7612800,67.63364403136153,68.14420353278719,65.39932357908593,65.43465423583984,62290000,41.16374721228483,41.17204812801144,39.113861083984375,39.113861083984375,14676100,38.91212250460608,40.16268474870153,38.418700959466065,38.63138198852539,26815200
2020-02-28,123.00262426963556,128.65163089998757,122.14615932805903,128.62429809570312,4391200,117.63811255705258,119.31542265312301,113.69251386619743,116.87332153320312,19820300,62.431618127058165,67.56427882911555,62.215630206085294,66.3387451171875,426510000,192.59079938547106,194.73137579985845,187.0411374142366,191.89488220214844,11809600,63.412330880062434,66.8031174963142,63.10878181731662,66.64388275146484,80198000,37.69471253879388,40.20105454037197,37.445738838689536,40.18445587158203,16558800,37.32126935166659,38.750486252211736,37.16813873766138,38.308109283447266,36978800
2020-03-02,129.54453060158224,129.85432554433066,123.25773557753024,127.33049011230469,4418600,117.1340266501315,121.78358714266228,116.46483462024547,121.68798828125,11508200,68.50343887480543,73.15317015362184,67.39682304876307,72.51492309570312,341397200,193.77998915712558,202.6065931983255,192.46745939501474,202.55374145507812,7150800,67.24799522889303,69.04340471098438,65.94472443894038,68.9861831665039,55430000,40.931370417914756,40.98116641245966,38.90638079449613,40.8566780090332,10672800,38.37616536472052,39.541656494140625,37.77215202165108,39.541656494140625,23234100
2020-03-03,127.55829903191699,129.53545099858155,120.77948434463778,121.26238250732422,4373300,121.6706016840374,122.53099142706434,115.67398447688424,117.83797454833984,13662500,73.69434436871329,73.77442519005979,69.3576638774749,70.21189880371094,319475600,202.63305129900144,207.73346039664477,198.70425208974243,200.79197692871094,8432500,69.55147725951427,70.074474248836,66.14575530731636,66.56774139404297,56602000,41.105653407685175,42.73228780778561,39.37943334597988,39.93547439575195,11785400,39.44807226031274,39.91596982655061,37.3127563784523,37.77214813232422,30206600
2020-03-04,123.0573062890042,124.33289757096873,120.43324550576354,124.28733825683594,2854700,119.65431316851425,124.83400918656145,119.18501821496217,124.69495391845703,10560500,71.93976087414214,73.62880458228122,71.13649400429283,73.46863555908203,219178400,205.25810305796023,212.57837904394714,204.19222366805968,212.36695861816406,6770000,67.6246871548153,68.81002200894605,66.53191209538853,68.75130462646484,47598000,40.4583136283088,41.12224429570169,39.62010175432612,41.02265548706055,8924200,38.41870350895045,38.55481924677093,37.61051489584223,38.48676300048828,21938100
2020-03-05,120.2783240600405,121.3079059033858,117.30804383851637,118.38317108154297,3150000,122.36585296306284,123.99970615140951,121.53153451244859,123.41742706298828,11339200,71.71650798671432,72.69450423193115,70.7191006767236,71.0855484008789,187572800,208.4205810295258,211.07208055542165,205.38147058912364,206.84376525878906,6473900,66.95737348484228,67.35945807850705,64.77232458674723,65.42520141601562,54380000,39.819296735344494,40.36704017052836,38.82339871704496,39.58692169189453,9603800,37.015018119835645,37.38082988038769,35.84952657205102,36.23235321044922,23950200
2020-03-06,115.15072907684267,119.63771014763594,113.35593525126039,116.91805267333984,3886300,120.34959321980885,124.28650488355026,119.4196891629352,123.434814453125,12239100,68.43548440571074,70.5759151634938,68.24862422437134,70.14151763916016,226176800,200.46601906865527,202.86204991700296,195.77963397669185,201.29405212402344,7399900,63.195363838055194,64.827555889874,62.56139381615548,64.47872924804688,64640000,38.159468157806515,38.58272632378416,37.08057994585218,37.620025634765625,14504800,34.46283830876041,35.93459413285097,34.31821674243382,35.594303131103516,30898400
2020-03-09,110.25167894752374,111.33221892389788,104.2537651234738,105.94783020019531,4048100,118.48108419310732,121.3924796452401,117.23829912586585,118.5766830444336,13848600,64.00659319733327,67.48660954634035,63.82458392757783,64.59387969970703,286744800,188.39769730800268,190.4325700379885,182.566155414597,185.3938446044922,10120500,59.96132825146764,62.338463471328105,59.61697392511775,60.50025177001953,69252000,28.17558818277264,30.04289516323203,26.557254833200204,28.275177001953125,29828600,31.349182939060263,33.19525599144069,31.349182939060263,31.90215492248535,28177500
2020-03-10,110.01360578962024,111.48790222185018,104.27209636314373,110.49893188476562,3564900,121.64453134840562,123.36529758579785,116.65603186949058,123.09588623046875,12698100,67.25607654604191,69.5129887846972,65.37045555760074,69.24604034423828,285290000,191.33993766951926,198.93327719096646,185.86955296885537,198.81875610351562,7206600,62.421070002563646,63.48896251764609,60.436554559183975,63.45512390136719,54872000,30.408060307257447,31.055392466524555,27.387172676181752,28.947412490844727,20337700,33.867336702689634,34.02046734151612,31.5193357375208,33.60361099243164,27111000
2020-03-11,107.49539029171748,108.32869124864692,99.38218449440507,101.65315246582031,4746400,120.01066223309668,120.58425538731912,114.28345645717091,114.54418182373047,17763400,67.31673591637701,68.24619329059158,65.9747138459021,66.84107971191406,255598800,192.6998789888807,194.34043585451698,186.66969147486745,188.78912353515625,7253900,62.11652899829391,62.54746738339037,59.27361813002025,60.25691604614258,54732000,27.876819553214187,28.175589187278756,26.150597990830967,27.022008895874023,18460700,32.52318093781717,33.05913801274973,31.00038406751544,31.366195678710938,27376200
2020-03-12,94.50143732054318,96.31454941998993,88.09145591738898,88.82402801513672,5156500,110.64202991609228,116.24756576552677,108.19992921776351,108.99079132080078,21539200,62.11126834135515,65.52333473547242,60.18439634961911,60.240211486816406,418474000,173.2880467919625,183.19351288423738,163.91464783866334,169.01370239257812,10928700,55.863916764377194,59.15468318742386,55.1597827507668,55.31304931640625,94326000,25.179599594254654,26.067607628076313,23.088215211106736,23.403583526611328,16581700,28.848058475563978,29.69878270456351,26.551102408214156,26.63617515563965,27964600
2020-03-13,93.82381795310559,97.68812236293391,87.90832133496592,97.642333984375,4275000,112.38888141786691,117.25569762064674,108.33029266002299,116.70817565917969,20084200,64.28325061879912,67.93071607578169,61.38565875889742,67.45748901367188,370732000,177.75742016012754,182.519501503103,168.4904482145985,182.386474609375,10292300,58.46995836028194,60.431083267311,55.34987319346634,60.42461395263672,79400000,25.39537164692391,26.341473209553957,22.8973300287261,26.04270362854004,17506900,29.15431636792588,31.91916979454128,28.133446761355344,31.90215492248535,33305100
2020-03-16,84.24548152913339,91.45213556197474,82.86275482177734,82.86275482177734,4417400,107.39168079535443,116.24755740667173,106.40093505721107,110.48558807373047,18877900,58.71619794935518,62.873287737827965,58.242974521961955,58.779296875,322423600,161.36952781216817,165.03198279557552,144.64463155117184,146.2852020263672,12536600,54.22127189339046,57.00098160092461,53.10013278981946,53.39472579956055,96520000,22.81434609445866,25.8518325957228,21.503081438628435,21.644166946411133,13774100,26.432000787161446,30.005043096865347,25.8279873805314,26.9254207611084,26789900
2020-03-17,85.06962207350308,91.70853219086287,81.21447648509191,86.95598602294922,5548700,111.71966936512379,118.86347175140705,111.07654865674562,118.70703125,18911800,60.06548484229005,62.5165408014644,57.854678750743666,61.36381912231445,324056000,149.1672556739393,154.99347080433148,137.71877020842743,153.98252868652344,16234400,54.272526168627074,56.03211138595321,52.205409328198975,55.637001037597656,83194000,21.876544617518917,22.28320249336248,20.24161219705628,21.785253524780273,18692900,27.53793431169723,29.8774252556581,25.61529954566316,28.74596405029297,27047400
2020-03-18,82.77118900896843,92.21217542745153,82.23092240062795,91.27815246582031,6997700,113.86626877868527,117.90746430280743,111.85870661788758,117.2904281616211,17521100,58.187153255274865,60.66975874633833,57.54405159077075,59.861637115478516,300233600,141.70938079715253,143.952963735731,124.7095778026312,138.01145935058594,14681900,52.744834644266916,54.986615573524475,51.60328906887955,54.29990005493164,93044000,20.125419993203547,21.245804515597907,17.295412607392052,18.81415557861328,17039700,26.661692576387065,27.937778685827563,23.139695433572047,26.159765243530273,27603000
2020-03-19,90.51808889929698,106.36906120724113,89.1628396640526,102.26667022705078,4646900,117.31652402268774,117.31652402268774,109.63389200856295,110.41606140136719,18482300,60.03636945225578,61.358969521399985,58.87636390068454,59.402976989746094,271857200,135.8210753912108,144.46729799111216,125.92447273702496,142.88880920410156,13499100,54.15209776679258,57.35628004585694,52.52637123041914,55.31901931762695,74064000,19.195920332268873,21.569476141110908,17.428203268654414,21.237510681152344,15655100,25.819479335208708,27.988826980193583,24.44981287833361,26.304391860961914,23929600
2020-03-20,104.28123528517322,108.69496495125242,97.6056968320985,101.69892883300781,4479200,110.22486871105903,110.75500539968915,102.6639064110426,104.1934814453125,19785100,59.985403245758334,61.11386300197094,55.330821042511275,55.631744384765625,401693200,144.3519869126388,150.94972092852376,134.62387851776413,134.92538452148438,12602400,56.275944586197916,56.6531428302749,52.85231423228287,53.1563606262207,82878000,22.45748293960707,23.56126901447007,21.486483040446682,22.27490234375,23790200,26.58512595925911,26.755271414449297,24.832634910360397,25.240982055664062,27472500
2020-03-23,101.58904446059456,105.35261959625042,98.21006651007839,102.33992767333984,3933900,101.68184930373708,103.03760517268688,94.86829950740164,96.58906555175781,20815200,55.350234801464175,55.45215955190559,51.595989830091725,54.449893951416016,336752800,133.0720307399917,146.25862596544644,129.77316278818518,144.0061798095703,12241600,52.5671779570536,53.09167079517627,50.20347875276499,52.455711364746094,83672000,22.200207458160694,22.382788033754064,19.378499163243337,20.3743953704834,16239400,24.79861248225426,25.34307712582432,23.616106250159856,23.658641815185547,26401000
2020-03-24,108.05398247845112,111.533689793474,105.70060364799212,109.92203521728516,3014400,103.21143631522683,103.9849131902097,98.95296388060501,103.57644653320312,17604800,57.359602371991535,60.10915558837772,56.85968427864628,59.9125862121582,287531200,153.76082908270266,164.65063126325444,152.5370520732652,163.8081817626953,14676600,54.93635331479006,56.39686943848624,54.06302620724,56.231658935546875,72468000,21.951234530768126,25.619455910810114,21.951234530768126,25.511566162109375,16724400,25.59828943967844,28.397172632280643,25.011289330181246,28.261056900024414,25905500
2020-03-25,111.13076039528578,116.24043280277999,105.24273452463368,108.33783721923828,4133200,103.34179392676349,107.73062220190096,101.42113080871161,103.76763916015625,13986100,60.85176020184459,62.67185273031452,59.286481367958,59.582550048828125,303602000,163.5421427600131,169.86497264832215,159.6225246127314,161.1832733154297,11497400,55.961448858891174,57.03581063497772,53.892840020620554,54.818912506103516,90324000,25.918221765300363,27.022009242431476,24.47417115369465,25.677547454833984,14295900,28.839551407386043,30.18369394323587,27.435855192460387,28.91611671447754,27198500
2020-03-26,109.29933596209733,116.29537195212215,108.97883830280136,115.01337432861328,2713900,104.78443309234633,110.4594950639332,104.61930662507166,109.99888610839844,15066800,59.825241722917845,62.77621621978865,59.786412185369784,62.71797561645508,252087200,162.71745434849183,175.76215592024883,161.8395254759861,173.11065673828125,10170300,55.47079504467959,58.29529241748378,54.34169466002882,57.869327545166016,76562000,25.826932216554106,26.939015857839387,25.229392942085568,26.631948471069336,13576900,28.754482533699004,31.3491911659315,28.354644293848953,30.379365921020508,26422500
2020-03-27,109.93117788704382,113.86873348615107,106.22254319643154,110.41650390625,2619400,105.72304859514522,110.91143101399133,104.79313796371275,107.03535461425781,12133200,61.33712415208677,62.09428153233142,59.95385443702902,60.12130355834961,204216800,167.15140608534995,174.14819346694998,165.3866853754659,168.9781951904297,7121700,56.10526532209489,57.27865627332936,54.93734899052884,55.24885940551758,62794000,24.997023980621535,25.121510831783944,23.901535574758217,24.27499771118164,10647200,28.618361314402684,29.54565081397126,28.175984344903842,28.933128356933594,33375400
2020-03-30,112.06478386432684,115.0225354266697,109.1986090516744,113.83210754394531,2281000,111.64144314722714,116.44742954031722,110.80712484296387,115.5957260131836,21754000,60.849334516621546,62.0093398541759,60.52414183848412,61.8370361328125,167976400,168.99597372562408,175.7621881165094,166.37106320655522,173.89993286132812,6936700,56.36253564444081,57.276166921251175,54.663159753328635,57.042781829833984,58736000,23.660859413692066,25.013619170889978,22.839244358765324,24.30819320678711,11089600,28.524788220298518,30.0646005594345,28.048384631144973,29.639238357543945,18046400
2020-03-31,112.17466493676682,114.32658568318679,109.20776146930406,111.0391845703125,2643800,117.31653933182103,117.94227492771931,113.02330303925805,113.96190643310547,15746100,62.02875090311736,63.70080528173277,61.15510506386712,61.710838317871094,197002000,172.74711274272647,173.35900148847094,164.45560076528545,165.57296752929688,7335400,57.163206051055234,58.39083443927487,56.56556134705665,57.82106018066406,65228000,24.922326607581546,26.490864103416342,24.65675270608484,25.561359405517578,13481100,29.37551016180591,30.022062471828523,28.6864255294666,28.92462730407715,17122600
2020-04-01,106.23171216208614,108.74076016681668,102.83442272491772,103.91496276855469,2569600,110.98094330033321,113.1797033456358,109.06897977324924,111.94561767578125,12606100,59.82038104472191,60.35912878890937,58.031837774101646,58.46380615234375,176218400,155.99554851666343,162.07006421737233,155.18856473252575,158.40762329101562,7858200,55.932587259759686,56.20229768361806,54.41434472078375,54.842796325683594,51970000,24.33308653282923,25.337283638738278,23.92642872396883,24.582061767578125,11101400,26.95093961311367,27.571967813583655,26.508562693890894,26.8998966217041,23755100
2020-04-02,103.04502611227166,107.41297439400411,102.18425496527928,106.80860137939453,2336100,112.21504852563588,116.45614212413813,110.56381002381514,115.71742248535156,11594500,58.32547341461665,59.49275888105111,57.49065701285396,59.439369201660156,165934000,155.14425829821528,162.03463595384648,154.30180860120723,160.7842559814453,6353900,54.73830070289628,55.87138374005283,54.3964368955584,55.585750579833984,56410000,25.93481662921819,29.395557040602906,25.48666223805622,28.100893020629883,14693200,26.661698549985488,28.924624961262257,26.58513323645428,28.839553833007812,21656000
2020-04-03,105.52662777664463,106.22257071335187,98.61300775390785,100.01404571533203,3205200,115.0482422110451,117.14270451142386,114.35297901816575,116.6038818359375,10071200,58.92247157470053,59.62623930857482,57.99301040837071,58.585147857666016,129880000,159.23235288608825,160.81971797948052,155.13537859986423,158.46971130371094,7299800,55.47029994298398,55.6733278436525,53.49822958250269,54.37503433227539,51374000,28.72333594408043,29.030403364827553,26.233592912799793,27.312480926513672,11505000,28.550308564162062,29.179842726346426,27.95480090744976,28.797016143798828,16926500
2020-04-06,103.51203264258902,109.71139665383832,103.48456241438072,108.98798370361328,3512600,119.07206258458442,122.51360835623571,117.79452018352809,121.46202087402344,14994400,60.88816303362977,63.851271716138356,60.51929359909339,63.695960998535156,201820400,166.71688777807933,170.6276435527432,164.17179919363366,169.66990661621094,7454000,56.38044814116423,59.25420573274645,55.98234991206004,58.87800598144531,63320000,27.785531498811718,28.05110383219636,26.382977415257077,27.221189498901367,13532900,30.566517797488306,31.902154402172183,30.41338719673748,31.48529815673828,18788700
2020-04-07,114.38154816078273,114.90350353372092,105.99362590225242,106.17676544189453,3189300,121.54891878015596,123.43481131582851,119.2893168258804,119.48051452636719,11567100,65.71747694762487,65.93589399470639,62.853867417629125,62.95821762084961,202887200,179.94779590894439,181.00308034808097,170.13101742048275,170.5211944580078,6438800,60.560960685506046,60.748567018759054,58.58242097642709,58.846656799316406,61620000,28.94741249112684,29.827119647909296,27.403771342823866,27.611249923706055,11704200,33.73971749583704,33.73971749583704,31.357690677620944,31.42574691772461,19536700
2020-04-08,112.63252675712022,116.50598989762861,109.81213335347594,114.95843505859375,5576500,119.71517435025793,125.25988140580345,119.32409294832765,124.50377655029297,10758200,63.76148528714011,64.88509036892265,63.395044991841544,64.56961059570312,168895200,172.22388785789275,174.49407331284362,169.85614120601872,172.76483154296875,6094700,59.868771468332326,60.45596430381323,58.915826954161616,60.062843322753906,40334000,28.25856758522335,29.785609283718696,28.109182830358677,29.611328125,8171100,32.08081305974059,33.841812127776095,31.859626166305016,33.49301528930664,15376700
2020-04-09,118.68538495243031,119.04251192931223,110.03191284132966,111.98237609863281,4745600,125.15557692429378,126.3809767474171,121.91392853173626,122.73954772949219,11125400,65.20786807728709,65.54033721316215,64.2371518120858,65.03556060791016,161834800,177.1810331685808,182.67027746854353,174.25461704626244,178.71517944335938,7125100,60.61917842486261,60.80877033274802,59.337305082673424,60.041439056396484,54028000,31.47864592423631,31.520141001147664,27.627844534828338,28.822919845581055,14176800,34.250153293899004,35.602804839697285,34.18209704855177,34.947750091552734,21902200
2020-04-13,114.63794357754281,114.63794357754281,111.4787341965981,113.11785888671875,2821800,121.67062501426042,122.9655528687458,119.79341790281799,121.47074127197266,8153200,65.1131997931994,66.42124311579434,64.5113532264987,66.3120346069336,131022800,177.75743240549104,177.75743240549104,173.25252796123385,176.2853546142578,4415600,59.78915284931368,60.43705624337838,58.83521365989364,60.2325325012207,38702000,29.82711762271385,29.860314953210228,28.026205182552957,28.4660587310791,10222000,34.777605995962304,34.87969199067818,33.39092464961265,33.67166519165039,13369900
2020-04-14,115.14157457998876,116.27706199367103,111.76260352809375,114.5372085571289,3084200,126.38098087073277,128.1191321905245,125.19035146020892,126.91111755371094,13838000,67.9501340306998,69.95223619410436,67.47690692059525,69.66101837158203,194994800,179.02556651481586,185.98687533254187,177.473680573547,183.71669006347656,5655400,61.703500286214066,63.48398554877324,61.13471691802692,62.96049118041992,63358000,28.5241524215072,28.60714574758811,27.94321180242754,28.283479690551758,11082200,34.46284285664505,34.68403301054687,32.64229322113523,33.909873962402344,14471900
2020-04-15,111.43295560284376,111.43295560284376,108.1913354455599,109.79383087158203,2945000,126.49396287002693,128.5449819240966,124.74711233529388,128.3277130126953,11962300,68.53256171861511,69.4862886004415,68.10302246952716,69.02519989013672,131154400,176.1789754430774,179.3448295655015,174.35218597998164,176.01048278808594,5693900,62.028941883647406,63.45213792906103,61.40641842523156,62.56587600708008,42236000,26.698340318001787,27.387170675830472,25.503264919133894,26.72323989868164,11354700,32.50617266369422,33.527042408036245,31.978724539798765,32.66781234741211,15590100
2020-04-16,109.6381521654713,110.80110281525167,107.24814434749251,109.04293823242188,2238700,128.89261099712178,130.95231609949724,127.267443731436,130.07455444335938,12181700,69.74111095168836,69.94010956261418,68.52043554980419,69.57366180419922,157125200,176.57800446409323,179.31820180686378,174.53839385374152,177.22537231445312,7262800,63.05553213901334,63.365053153788786,61.61541867517127,62.57234191894531,57896000,26.424472965425306,26.748139054587053,25.328986279398478,25.785438537597656,13220600,32.20840803033571,33.02510221213638,31.536335356763527,32.63376998901367,27913000
2020-04-17,110.8011106345328,114.42732796239483,110.55387156081915,114.32659912109375,2464000,132.09079586015997,132.36020715530725,130.0137058537506,132.1168670654297,10920000,69.08829799292641,69.63675500516926,67.1881169210457,68.62963104248047,215250000,183.7166629500588,186.44798342736073,182.82100806743207,185.71194458007812,6717600,63.7800697785387,64.19309603629993,62.99880511817582,63.645713806152344,51050000,26.540655930893518,29.354064583003414,26.432767780593377,29.262773513793945,13162600,33.6461427008113,34.114040379002304,32.489157226935475,33.25481033325195,25074500
2020-04-20,112.20215049027689,115.07748459267337,111.56115511190531,112.3028793334961,2242000,131.16959281255367,132.96858592865382,130.43957238618398,131.81271362304688,12226200,67.45265367496387,68.35784190926253,67.18570520408012,67.20511627197266,130015200,182.79444046762012,187.139715883064,182.11160683443705,182.72349548339844,4753100,63.19237866612476,63.53723033913038,62.52307795892024,62.7574577331543,35292000,26.94731188707367,29.603034479008294,26.88921815324204,28.69013023376465,13226400,32.48914523553098,33.63762447111399,32.17437829478047,32.63376998901367,16573800
2020-04-21,110.46229470201132,111.88165056531784,109.5374309583179,110.32494354248047,1605600,130.46561679777548,131.78661534155418,129.11856030952532,130.08322143554688,9951100,67.0473614677832,67.28276042085989,64.41429253639382,65.12776947021484,180991600,178.02350337262516,181.20708357270578,176.92387636343778,177.89935302734375,4845000,61.839850264512044,62.20261405697776,59.96331995092656,60.319618225097656,49648000,27.345673666941433,28.324972681359714,27.063502710823087,27.544851303100586,13639500,31.732013507966393,32.4466219994896,31.102479387609893,31.434261322021484,14134900
2020-04-22,112.19297466760956,112.60504905189303,108.4660289838869,108.54844665527344,2082500,132.80344413531205,134.7067218758406,131.86484086898122,132.9598846435547,11515600,66.39940914673265,67.4405043108994,66.05723821466911,67.0036849975586,116862400,179.03440534537788,182.4219566940038,178.36931146051495,181.05628967285156,4067700,61.760223241371214,63.68949878936644,61.565654060120984,62.62110900878906,46296000,29.212981465792524,29.486851514845117,28.665238201815793,29.030399322509766,12048400,32.21692348395078,32.48064914555431,31.85111183038192,32.1658821105957,10449000
2020-04-23,108.64001600258618,112.10140448863837,108.51181694653421,110.69120788574219,2021100,134.05493272189588,136.44489100380974,133.57693841330442,135.14996337890625,10665000,66.94786041444767,68.37481424450658,66.7051813931717,66.74401092529297,124814400,180.3025481874806,183.5393334358475,179.30046894050076,179.41575622558594,3565500,62.98586521952871,64.10103609301092,62.72660667994224,63.256072998046875,34202000,30.38316191209408,30.872811457720406,29.354066824959002,30.02629852294922,9849600,32.412584591122666,32.659295341319094,31.71499113869149,31.876630783081055,8694800
2020-04-24,111.17654337458937,112.80650882656288,109.40921979194202,112.68746185302734,2111000,135.20211735067306,135.83653891892905,133.52479430013358,134.58506774902344,8653400,67.27062041354411,68.68058478279482,67.22208165212722,68.6708755493164,126161200,181.55288840554525,188.82457873885272,180.77252079287268,188.15948486328125,5025200,62.45142034269284,63.581519212126466,61.904038134854936,63.526283264160156,37402000,30.68193025578275,30.955800306854186,29.694330290787583,29.95160484313965,8683900,32.30199432373047,32.48915141436975,31.69797776114174,32.30199432373047,8567500
2020-04-27,113.69476104419128,117.6689462247264,112.00984798676124,116.5609359741211,2395900,134.54158364318408,135.61924209811298,133.83763457013362,134.08966064453125,8924000,68.38694490813113,69.05189045933044,67.93799464568525,68.71942138671875,117087600,190.69572824335407,195.92780868250406,189.78233364960315,193.10780334472656,5472800,64.29261999002367,64.39712372198137,62.95202913831528,63.24065017700195,44186000,29.76901990647909,31.047088467266768,28.78142319998203,30.83131217956543,8302500,32.871980150890174,33.64613898613741,32.60825774525142,33.44196701049805,11619400
2020-04-28,118.86851458054979,118.94177318158245,114.61046144381642,116.97299194335938,2738700,131.44766590115702,133.0554608380828,130.96967173658132,131.5693359375,8558700,69.18293587962397,69.36494515545422,67.51331034369456,67.60552215576172,112004800,198.63253585512558,198.83649421700133,192.35404715887773,192.99253845214844,5080700,63.854715732055425,63.93233991292163,61.22627956997814,61.33625411987305,80700000,31.445451012157157,32.35835860369828,31.171580950804998,31.935100555419922,9445700,34.51387429682483,35.20296194258067,33.89284613249141,34.139556884765625,12778400
2020-04-29,119.04250388393233,120.69078750147055,117.63231421665775,118.56632995605469,2172500,131.56072286909836,131.77799185876933,129.63137317993645,130.56997680664062,9285200,69.0979899625851,70.29682473918272,68.89414050420481,69.8260269165039,137280800,196.28254747774628,198.79217058227604,194.93463331547144,196.6993408203125,4381100,66.93001606050674,67.68391147672108,66.02086467346707,66.78968811035156,108358000,33.25466190516756,35.31284875144029,32.89779854413323,35.030677795410156,12958100,35.272394208081344,35.495530416951006,34.800379837668196,35.006351470947266,15880400
2020-04-30,117.14698373942835,117.14698373942835,115.15073219801377,116.08475494384766,1970400,129.0229750667964,130.73504187368974,127.8931740850614,130.39610290527344,14829600,70.36720104938254,71.47624586127782,69.97649141267905,71.29908752441406,183064000,192.2476112165582,196.96535064831207,192.00818714468866,194.94346618652344,5152700,66.2512539359075,67.17881846187733,65.76059592377868,67.01460266113281,55842000,35.337749896740974,36.1676641376316,33.8936977246078,34.939388275146484,11760700,34.24254697705077,34.42277011590275,33.470157419387796,33.83918762207031,13431700
2020-05-01,114.02440324873268,114.0610325504141,107.5961110096297,108.23710632324219,3141800,130.03110114666032,130.07455758358688,127.57161534029542,128.87522888183594,7309000,69.46688076275679,72.56103877053023,69.36981062017894,70.15123748779297,240616800,192.2298978568942,194.8281918167861,191.34310589274736,193.8261260986328,3819300,65.88948738417584,67.24998736729863,65.17142379081537,65.55259704589844,48872000,33.64473054785874,34.275464099100866,32.12598567569617,32.48284912109375,9256700,32.91232144862191,33.2298612091671,32.53471057990257,32.95523452758789,12806200
2020-05-04,107.24815520254387,107.65106359376934,104.9497169140166,106.08519744873047,2410400,129.2924175624784,129.5618289534712,127.83236324274512,128.85787963867188,7198400,70.17550415897956,71.27241079901312,69.4838673851674,71.14379119873047,133568000,192.1501017595304,197.4531281504598,190.84652984835026,196.7259521484375,4090900,65.09528031161895,65.90839414561984,64.49216102586087,65.83026123046875,30806000,32.05129360402149,33.52854340552069,31.66123598440345,33.49534606933594,12515600,32.61195094874195,32.80075802816915,31.89963571185454,32.68918991088867,13985100
2020-05-05,107.89829485204386,109.99527516397914,107.25729256788942,107.75177764892578,1703100,129.49228099197848,131.03923469730793,129.17941320544875,129.92681884765625,6562300,71.60487317175793,73.04638718577591,71.45926427424553,72.2115707397461,147751200,199.474958148137,202.94231748126182,198.29552338016734,200.06910705566406,4655200,66.55678740556571,68.22431380913744,66.43387803447494,67.13004302978516,39666000,35.769304011246064,36.15936473384867,33.7443143185392,33.96009063720703,10096700,33.45299686544228,33.73620749523977,32.52613255861381,32.59478759765625,8951200
2020-05-06,108.86893916470348,109.35426513961187,105.38008060171549,105.41670989990234,1917100,130.3613575499628,130.6394681447034,128.65796330978435,128.69273376464844,6191600,72.91534530676655,73.58999276968885,72.5294865058915,72.95660400390625,142333600,201.62987931964938,202.5787531916929,198.4640391262074,198.57044982910156,3321100,67.57691203996187,68.1088688429485,66.936472738984,66.95140075683594,31732000,34.10117680853802,34.71531474921218,33.04718532651571,33.60322952270508,8213000,33.0153063374379,33.1526196675298,31.796647668290284,32.011199951171875,7817800
2020-05-07,107.08331588288834,108.85063953620163,106.35990288631712,106.9001693725586,1842100,129.81384531052962,129.9529006182967,127.86712404596695,128.2668914794922,5570500,73.58512093632648,74.05834791180315,73.2817722099888,73.71131134033203,115215200,200.86725556588075,205.40763990931953,200.7874475316153,203.47442626953125,4501300,67.74163456805904,68.47264440653437,67.3052215502205,68.13823699951172,30652000,34.856408745639,35.97679204611409,34.78171631454916,35.20497131347656,9520700,32.40597615945775,33.590305706630055,32.40597615945775,33.307098388671875,9348900
2020-05-08,108.2829115343723,110.70038993065221,108.2188119930439,110.28832244873047,1770900,129.422734554859,129.6486894330331,128.52758776299873,129.23153686523438,4712100,74.3732060857613,75.51931637355732,74.04470105585122,75.46578216552734,133838400,206.35650904708743,208.88387182318232,204.98197865186694,207.89065551757812,4365200,68.7622572406244,69.4997287699174,68.27408972188776,68.88765716552734,33326000,36.14376704784704,36.33655577886796,35.255262739448995,36.1102409362793,6974200,33.90784004915231,34.474257923341845,33.641797323792446,34.39702224731445,12096400
2020-05-11,108.41110437681131,109.30850489008002,106.47895218842335,107.65106201171875,1863500,129.01423666016763,130.44821898435796,128.72744019532954,129.58782958984375,5887500,74.97179952522458,77.14965158521665,74.76252676945559,76.65325164794922,145946400,205.5317529300574,211.73929594247883,205.0706173746368,209.77947998046875,4378300,68.51194548372064,70.43972524742269,68.44775348367992,69.84556579589844,32718000,35.39775654996199,36.27788010605964,35.27202644053708,35.4312858581543,7076800,33.796269911137585,34.379852268426646,33.72761162260598,34.182464599609375,10106400
2020-05-12,108.05398986856322,108.15471872310953,103.54868959482961,103.60363006591797,1979400,130.4482788389013,130.65684853736468,127.7802098503433,127.87580871582031,7039200,77.33946490194451,77.79207364909227,75.65558421726155,75.77725219726562,162301200,211.56195073148749,212.1649627302921,206.53382873535156,206.53382873535156,4399600,70.07597118487982,70.38001377865767,68.39849009246208,68.43183135986328,33918000,35.724660183808425,36.16891553438312,34.81100729719678,34.85292053222656,7375900,34.302627736878435,34.388447359777395,32.91232627449217,32.9724006652832,13605600
2020-05-13,103.54868350653376,103.61278304781017,99.12579419948293,100.12391662597656,2905900,126.95457149945494,129.44881435091284,126.89372983915503,127.86710357666016,6970500,75.95732422038697,76.88200539450654,73.78189997803335,74.86231231689453,200622400,206.65798391531604,209.54893424623674,202.66742025924395,204.0508270263672,6237200,68.48059978522438,68.93692187825766,66.0845538197152,67.09571838378906,40368000,34.38352260496116,34.5176366544222,33.1429668480637,33.43634033203125,7666400,32.74068167142347,32.852246508175305,31.410454817489725,31.745159149169922,11565900
2020-05-14,98.31080415909081,99.9773990971521,94.68458683186928,99.91329956054688,3254700,126.35491296605235,128.41461809033422,125.37285320115525,128.31033325195312,6871400,74.09823268490378,75.38304620688119,73.37308887883164,75.32221221923828,158929200,200.74306924813274,208.0945813535218,200.59231625552442,207.93495178222656,6434500,66.358740454696,67.54556349090912,65.85017034843136,67.52018737792969,36660000,32.63164670798113,33.914112139223896,31.6677000547074,33.4698600769043,6718700,31.118671137743735,32.586211687304555,30.492178673951607,32.44889831542969,14986600
2020-05-15,98.47562405212659,99.77593281769566,97.29435527676034,98.45730590820312,2940000,128.5102280919127,130.7785163507342,126.58957809291735,130.74375915527344,10340400,73.08595821938853,74.92314177584109,73.05188761996168,74.87690734863281,166348400,206.4362892858154,215.69439928322285,206.35648125892735,212.2359161376953,16176300,67.09222695041696,68.40195924389432,66.63142502744019,68.32632446289062,41544000,33.41956855257772,34.82776737051833,33.29383845661939,34.257781982421875,7242300,31.976868384134434,32.44888598985633,31.770900041462863,32.00261688232422,9175800
2020-05-18,103.92410149045392,109.88538561630963,103.28310620222199,109.14366149902344,3602300,132.52535838971122,133.50740491411165,130.76113577796076,130.8132781982422,7388400,76.20553196590271,77.01583751017019,75.51202293913698,76.64109802246094,135178400,218.0089212339365,220.2081749267107,216.4126930799458,217.57440185546875,8314800,67.75506542085085,69.30664542495049,67.38781793513687,68.92945098876953,47094000,36.42037433461273,37.392701789825985,36.18567239885057,36.546104431152344,9047300,33.40149954797929,34.88620430294321,33.19553117913671,34.56866455078125,14722400
2020-05-19,108.9696852700313,109.33597132366624,104.98634102927423,105.11454010009766,2484600,130.44826211939306,131.3173377810518,128.97082288573947,129.50965881347656,6107300,76.65813571214994,77.50737593072427,76.16659969162133,76.19823455810547,101729600,213.22909429771005,215.0115545484624,210.87910134444147,211.1451416015625,9387000,68.94437777014069,69.29320440850012,68.36116757338164,68.39301300048828,31586000,36.629933185428285,36.78081188192335,35.7162802777775,35.766571044921875,6126300,34.414186560574116,34.8003813435538,33.71903922501887,33.75336837768555,8895500
2020-05-20,106.9551241811878,109.4092316979374,106.06688275733926,107.14742279052734,2604100,130.14411677975062,130.7003248285344,127.98881224834409,128.34512329101562,5713400,77.05962650901947,77.75069971271533,77.02069186607584,77.68013763427734,111504800,214.6036042234411,214.84304178553137,208.35171965859197,211.2249298095703,7534200,69.12749997341068,70.26556016251162,69.04091594784161,70.12274169921875,38262000,36.53772516176692,37.5519626896332,36.29464248888077,37.00712585449219,7203000,34.38844288085206,35.401130013444345,34.36269765209731,35.23807144165039,12031600
2020-05-21,106.75366354434145,108.44772866324644,105.79216353793103,106.01193237304688,1740300,129.0577454289939,129.0577454289939,126.7286288464852,127.50210571289062,6487300,77.54143540411926,78.08407725078851,76.86252601832638,77.10099792480469,102688800,210.71947772884909,213.87645458971005,209.0966469990845,213.6104278564453,4772700,70.21381213676726,70.48600931605345,69.38775960567644,70.00282287597656,30894000,37.20828405782309,37.610626016839184,36.56285949934009,36.64668273925781,6646000,34.98918620771086,35.12649953592893,34.191051464378354,34.5858268737793,9654200
2020-05-22,105.99362790686452,107.65106382684655,105.23358552895674,107.13826751708984,2245900,126.51323414123122,128.01839410315378,126.06692452219573,126.33820343017578,6140900,76.83819763463005,77.68014544919457,76.73600068439247,77.597412109375,81803200,213.45080145233257,214.90513958502922,211.64175198243973,214.49722290039062,3041800,69.86100197282914,70.51288417543044,69.46539424513811,70.3257827758789,28544000,35.96773215614356,36.34492877625594,35.456421537494556,36.277870178222656,4674000,34.52576102991757,34.79180710138111,34.15673075529119,34.43994140625,6468900
2020-05-26,112.623367932972,116.05728643922687,111.72597447567944,114.28996276855469,3823000,127.93088057397726,128.14965559011637,126.27694198608434,126.50446319580078,7072300,78.71918977774382,78.89925602718259,77.01583791238306,77.07180786132812,125522000,220.05740534181476,220.11948727008968,214.66572247857047,215.029296875,4535200,71.75493560524927,71.9116873877713,70.63230460863535,70.73033142089844,44590000,37.56034426860014,37.82018838077075,36.46228354409238,36.60477828979492,7702600,35.93321865125567,37.58098203432409,35.658591966378985,37.49515914916992,19709900
2020-05-27,117.2110764565634,119.75675340554245,114.92179761952114,119.43624877929688,3203000,126.29445853106422,127.10829525130349,125.14806613192559,126.79325866699219,7950000,76.92822809774341,77.55359582351838,76.1860490206754,77.4075927734375,112945200,215.2155554876585,219.38347523643537,213.52177949775725,219.35687255859375,4664800,70.66217598789508,70.9284050225862,69.39822209639657,70.67610931396484,31684000,37.166384389110384,37.45137708915439,36.00964893628112,37.4429931640625,5768100,39.2888192177852,40.26717725890725,38.88546308825767,40.2156867980957,25892400
2020-05-28,119.9581917886187,122.62291528025916,118.40148522405914,120.09554290771484,3238000,127.78212192078325,129.61107794768495,127.59834502220511,128.61346435546875,6189600,77.08153336599706,78.70458757066594,76.80413421876992,77.4416732788086,133560800,221.27232123185044,223.67551973103303,216.75854012488747,217.38816833496094,5259300,69.66692194094234,71.87934390822512,69.6211431898544,70.5745849609375,35170000,37.484906892602034,37.484906892602034,35.85877073646375,36.05155944824219,5871500,40.55039131146023,40.61046570335028,38.001508524263905,38.104496002197266,17615900
2020-05-29,119.21648144119902,119.85747669140318,115.78256334441042,119.55529022216797,3409400,129.4798041823234,130.69619266987786,127.17828686836668,130.17112731933594,8504000,77.68498800975172,78.1473247460618,77.00851448794498,77.36621856689453,153532400,217.31724019445556,221.44083101535793,217.02459721764018,220.35006713867188,5341600,70.68356469901353,71.49468919080876,70.462127348285,71.33495330810547,37044000,35.71627076599213,35.8587654983273,34.928348183569,35.355838775634766,10172200,37.76979182796444,38.43919734316567,37.34927108230317,37.93285369873047,13102100
2020-06-01,118.17256647623724,119.46372298574565,116.71658162479847,118.77693939208984,1990300,128.89347122521195,129.81232888226415,127.7733443099564,128.80596923828125,6141800,77.32000143580059,78.43934833911615,77.18859793786604,78.31768035888672,80791200,221.1747773703646,221.50288605273698,218.03552637675566,219.29476928710938,3407800,70.94581564745266,71.73603636424069,70.77562407491,71.40213012695312,25162000,35.42291186134006,36.62994171434545,34.903220228813694,36.370094299316406,6344300,38.20747201069907,38.679486391647536,37.718293053776904,38.3619499206543,8649500
2020-06-02,119.80256015386823,123.24563102277426,119.69267922408281,122.88850402832031,2522000,128.69221035397373,129.821096888569,127.8696141760124,129.73358154296875,6078300,78.05002036888385,78.70459478928636,77.60714707589307,78.68025970458984,87642800,220.48309857580742,224.1100745965289,219.03762329045082,224.10121154785156,5301000,71.40859947866784,71.8066977191186,70.74228284294568,71.7723617553711,23442000,36.898166843453325,37.45976847828912,36.62993871972109,37.04904556274414,5858300,38.77389107385766,39.70075528730097,38.51642897422387,39.1171760559082,11179200
2020-06-03,125.45248944908015,128.08974333356434,125.02210387841363,126.44145965576172,2728800,129.96984899119627,130.51240669007913,128.15838567581804,130.08360290527344,6339500,79.00143274067266,79.37617209910724,78.42715616564102,79.11336517333984,104491200,224.62752123724158,225.54636980700624,223.3696752336021,223.91384887695312,4638100,71.79176648096278,72.10576361612307,71.24040169551722,71.62008666992188,27732000,37.81181732970269,37.91240206991094,36.89816434585539,37.82019805908203,8024200,40.31867271702389,40.75636129548317,39.85523890705829,40.25859832763672,11253500
2020-06-04,125.72722170087172,127.51285675679556,124.21628898228083,127.47623443603516,2001300,128.46469053719878,129.8385906777878,127.39706740358498,128.40342712402344,8170500,78.93576753713425,79.23506606043094,78.05732072747928,78.43206024169922,87560400,222.8165703527526,224.95757367474818,220.764767562076,222.08505249023438,4759400,71.497177182306,71.72310206654205,69.96599963959787,70.37852478027344,26982000,37.45137515941115,37.82857183084703,37.032268457266916,37.47652053833008,5577000,40.08695144736472,41.83769902296269,40.069786870293164,41.78620529174805,15279600
2020-06-05,130.94676420016364,133.4832893491104,130.03105256240025,130.22335815429688,3583900,129.24352541565779,130.9499678015639,128.28966958878806,128.90223693847656,9725400,78.68268407951567,80.72670465644849,78.65348495250613,80.6658706665039,137250400,225.10926448239175,228.24049903946863,223.36078131980338,227.39300537109375,5054300,70.44520002096422,71.9709103787135,70.0461071028752,71.65840148925781,42642000,39.722933537783014,40.888049682195216,39.42117619440394,40.728790283203125,11578800,44.02613372671359,44.49814815791313,42.25822477271438,42.507102966308594,17976100
2020-06-08,132.72323977914903,137.34758609234055,131.990667714336,136.78900146484375,2709900,127.65960748622585,129.17352692781003,127.53709400574449,128.43844604492188,7555600,80.36170065582685,81.17687760567065,79.64872807646304,81.14280700683594,95654400,225.24306977599807,229.09687884984547,225.03787994861634,229.06118774414062,3811900,70.9746746217983,72.10526325973755,70.88509891401527,72.0574951171875,33878000,42.08668609569634,42.57285131066597,40.913189475908176,42.170509338378906,10242200,43.35672484058541,43.494038167899845,42.37836697424404,43.039188385009766,12150300
2020-06-09,133.58399208451505,133.62976647933786,130.1226038879716,132.49429321289062,2253100,129.73360307496574,130.67871288184793,127.45833724140093,127.72962951660156,8247200,80.82160644800746,84.09933458379527,80.7899715861673,83.70513153076172,147712400,227.77660024234083,230.41718404034387,226.4652311200181,229.0522918701172,3716100,71.91816171630913,73.04079279119881,71.77484210279437,72.25852966308594,33624000,40.443807031703564,41.23172668079547,40.13366888863447,40.7623291015625,8203600,41.8119579675778,43.50262805526967,41.683225263596334,43.25374984741211,15090400
2020-06-10,131.86247005027792,132.23791515871824,128.49265807808732,128.56590270996094,2079600,128.28968051997978,131.29126746569338,128.28968051997978,129.3397979736328,10137100,84.65655505227689,86.32827143644016,84.21611768334387,85.85863494873047,166651600,229.6678059482128,231.30924273919751,226.78635517623903,226.9915313720703,3589800,72.72779445199085,73.28811152943916,72.37199732197752,72.88653564453125,31762000,40.2677635076942,40.47731681088054,38.44883917332135,38.48236846923828,7882300,42.93620576507515,43.33956514173571,41.71755025727018,41.78620529174805,14770900
2020-06-11,122.65956938898476,123.13574334638423,117.037100569714,117.95281219482422,4389300,130.022364340407,130.53867015450942,123.17032948836099,123.27533721923828,11913300,84.99966970000351,85.42550756039871,81.63433719073035,81.73653411865234,201662400,222.00477894700805,223.5748472202531,212.97686255455523,213.62808227539062,6563700,71.70867022307195,72.2346589692547,69.5878130130695,69.76148223876953,47144000,35.272019702627674,37.090941157930914,35.03731778764678,35.305545806884766,8435200,39.58919286757804,40.507476485740035,38.138817167375535,38.25038528442383,17961900
2020-06-12,123.24560970795882,123.6210547833291,118.25498473530975,121.53323364257812,2272900,124.9993215162868,125.7606678443275,122.75906692295422,124.39550018310547,8687400,83.88276702365586,84.63223846471662,81.32773960827684,82.44221496582031,200146000,216.83960224169329,219.80132412107392,211.46923447685197,216.2864990234375,5238500,70.95376958003494,71.38421437179544,68.96030198853704,70.30985260009766,36676000,37.97945390560949,38.06327397454359,35.29717013181964,36.65507507324219,8928400,40.129858394948435,40.292920228610136,38.722395913409244,39.717918395996094,14093100
2020-06-15,117.59570688107942,123.28228326844817,116.56095506918057,122.41234588623047,1835300,123.38911224635301,124.61424702676095,121.98020057240007,123.6078872680664,8649600,81.09170230417108,84.1163662672843,80.92866395631923,83.4617919921875,138808800,211.9777071734631,216.08131279102187,209.02490140105985,215.31411743164062,6250900,69.14393211467979,70.91098145927349,69.0299749795907,70.6989974975586,30468000,34.42542602937219,36.80595234792099,34.24101804773197,36.336551666259766,7992100,38.3276243621718,41.06531064739534,38.2761306294228,40.67911911010742,14758800
2020-06-16,126.50554729777733,127.6227165264973,121.78963832029928,124.11553955078125,1651800,126.09315795496438,127.25704257725492,124.93803287872232,126.41695404052734,7579100,85.52284659086101,85.94625617218522,83.88276474697345,85.67371368408203,165428800,222.4865374384955,224.49373359522193,216.66120923705867,222.97718811035156,5291600,72.10526358516627,72.51182051857924,71.10952825884952,71.9793701171875,30648000,37.97107277620635,38.28959481716557,36.54610911668446,37.81181335449219,6932400,42.42986240751299,42.567175750949275,40.258594141361584,41.67464065551758,13551500
2020-06-17,125.18694865722405,125.81877797301969,123.50202856381533,124.22544860839844,1214400,126.80197737427848,127.25703308696696,125.5505908555921,126.03189849853516,5100100,86.42074143781001,86.4815754114289,85.43279830032078,85.5544662475586,114406400,225.49285007824426,227.14320297275302,223.09313370771991,223.78004455566406,4234000,72.30133456430534,72.76212896872691,71.415068821233,72.28142547607422,30610000,37.7112310522933,37.80343186183264,36.80595883472642,36.898162841796875,5967200,41.79479021421605,41.8634452503317,40.90225182805372,40.98807144165039,8674400
2020-06-18,123.54782107522907,127.59526511866804,123.1632238373622,126.725341796875,2416200,124.71926935921921,126.11942150034777,124.15044628531918,125.49810791015625,4797400,85.51069272033729,86.00710017036369,84.97778636060843,85.58856201171875,96820400,222.45080894434543,224.58289627311694,220.4614587986954,222.31700134277344,3347800,72.14756380354159,72.30281975696262,70.97267707547431,71.36480712890625,34862000,36.48743261586282,37.58549345149457,36.194059170003186,37.25859069824219,7293700,40.43882033390644,41.5201658594235,40.310090906264904,40.83359909057617,9825200
2020-06-19,128.89559516807688,129.00549009164547,124.18883681096348,126.02942657470703,2828500,127.58086597834343,127.6596351530559,125.35811710704057,125.86567687988281,12206900,86.29666530516798,86.76386617293707,83.9874020783935,85.09944915771484,264476000,225.78723648898415,226.85773822033536,219.79241045881565,220.03326416015625,11114600,71.65740986390969,71.88133775111594,70.61240293282405,70.89306640625,52784000,38.47399882765464,38.47399882765464,36.36170053931962,36.62992858886719,13702800,41.58881976484765,41.77762684880817,40.08695356667425,40.275760650634766,20962700
2020-06-22,125.04039578052931,126.13924667756486,123.80417978845979,125.8004379272461,1448100,125.55063095858692,125.71690213861939,124.29048449199323,125.48062133789062,5285600,85.4936540555532,87.46954083393744,85.4474196297417,87.32597351074219,135445200,219.18577289694196,223.0752727564489,219.01627418921217,222.27239990234375,3815200,70.91148255316699,72.2023083095252,70.62186681199631,72.18787384033203,29442000,36.244345236531124,36.86462130053773,35.75817997782266,36.5125732421875,5009100,40.16418629502892,40.8593368631154,39.94963401431423,40.661949157714844,11657400
2020-06-23,126.87184090248408,128.05310268060452,125.80046004158886,127.34801483154297,1385200,125.78689995859541,126.0844308039144,124.85928258612145,125.01680755615234,5921600,88.5742789095001,90.61343520003089,88.15330507538052,89.1899185180664,212155600,225.69802569031222,226.09054617380752,223.13774018956101,223.29830932617188,3105300,72.25455152562985,73.40903563217812,71.90621842213413,72.85070037841797,37752000,36.98197392664546,37.32564128915678,36.537721852492616,36.722129821777344,4962200,41.42576031975247,41.60598347405601,40.85934235350673,41.099639892578125,9672600
2020-06-24,126.04770317250514,126.36820783941911,122.82440822125761,123.70348358154297,2357300,123.81790651851428,124.43047386133541,121.39387572660068,122.35649108886719,8211200,88.81761971025675,89.73986501886358,87.24080011710065,87.61553955078125,192623200,221.06809673059675,223.28046887372403,216.53629273865462,219.56939697265625,3873000,72.8158676184772,73.43838725263467,71.15978391672346,71.29414367675781,31592000,36.04318341359646,36.185678185300446,34.308081584139764,34.358375549316406,7137200,40.84217247629073,40.893666202470776,39.83806609553179,40.29291915893555,12806200
2020-06-25,122.44898442686524,124.79320442629287,121.08456879896482,124.63753509521484,2310900,123.01283312335111,123.01283312335111,120.36126741368456,122.22523498535156,7421200,87.77128710141119,88.81762879904495,87.0096443292993,88.77869415283203,137522400,218.38293267851185,219.76567045581467,216.06350068999294,218.9003448486328,2938400,71.22049025097112,71.77284971319233,70.63926944685834,71.71214294433594,23958000,34.08175661722432,35.3055474102667,33.95602332857694,35.25525665283203,5981000,40.086947961612694,41.93209891375531,39.94105397990321,41.87202453613281,15014300
2020-06-26,124.39828395664459,124.56391027812816,118.95126006710116,119.68734741210938,3282000,122.10273821274245,122.16400164036978,119.90624136715454,120.59756469726562,12849700,88.67405701121628,88.8954936232834,85.90245689556569,86.05089569091797,205256800,218.87357571288752,219.5426410387527,214.32392605213693,215.0019073486328,5002700,71.29065960372779,71.5091128593862,67.42762851107032,67.8028335571289,97640000,34.844540133192645,34.886450174933685,33.66265904992038,33.82191848754883,8399400,41.45150763440125,41.51158202219101,40.00113512749232,40.378746032714844,20082500
2020-06-29,120.80985845446789,123.96581367175489,119.7241266324024,123.80020141601562,2336200,121.41139270067173,122.25148131914538,120.74630807866492,121.67391204833984,5309800,85.9584251297807,88.12898509123728,85.47905300682135,88.0340805053711,130646000,216.47381173476674,219.89942218463804,214.4041635803658,219.5604248046875,3468300,67.69336296671155,69.56740658298106,67.2609287443365,69.5261001586914,45074000,33.86382349305697,34.66012368511535,33.46147823708311,34.61821365356445,5764800,40.82501260946809,41.0224003385454,40.03546169315882,40.541805267333984,9380800
2020-06-30,125.33678941253956,129.50486677233846,124.14064929160507,129.0172119140625,6473300,121.98894021283431,123.40661135739639,120.62378628715499,123.06532287597656,7738300,87.62042049858218,89.05610878837916,87.60095688672507,88.76896667480469,140223200,220.34552462953533,224.49372440542598,219.53372206134793,223.47674560546875,4524600,69.51166652596817,70.86120953969471,69.01652859220182,70.56512451171875,40286000,34.25778253955486,35.48995732467432,33.76323648000281,35.22172927856445,6313900,40.3873224609884,41.64888764417325,40.3873224609884,41.451499938964844,11894300
2020-07-01,146.15877117928787,150.57526655567906,143.3156343801231,144.14373779296875,17967500,123.11784416083951,123.73041160480297,122.566526784788,122.84656524658203,6174800,88.84682302233178,89.39189318717276,88.55238859500506,88.6010513305664,110737200,222.7095141673661,223.31614040586265,220.28303643771469,221.3713836669922,3677300,70.62086427511922,72.07939091455171,70.3725473926324,71.75692749023438,42182000,35.49833603646921,35.900681280317905,34.09852120016562,34.1488151550293,5600000,41.545907375179546,42.120909243416264,40.55038483091781,40.85934066772461,11363800
2020-07-02,145.92875291813607,146.95926669137577,142.8739956050367,143.05801391601562,4046900,123.60791152565159,124.12421747350605,122.80282089010643,123.36288452148438,5152200,89.51113285524976,90.14867187148857,88.48669056028642,88.6010513305664,114041600,224.7523903215053,225.07354217079342,221.1661969398156,221.68360900878906,3369800,72.24659805024832,74.07187120886894,72.20827571187772,73.14678955078125,57218000,35.0540905277864,35.63245672819789,34.85292106570021,35.02056121826172,4775000,41.93210427942224,42.07799827980045,40.91941710733289,41.01382064819336,7488800
2020-07-06,145.28465933570823,145.7447121062959,141.38342082653045,143.78489685058594,3015800,124.41297436905244,125.81313981120476,124.15920122605804,125.1218032836914,6156400,90.03430074503379,91.44078222719904,90.00266588363523,90.97114562988281,118655600,223.26263458925564,224.35989787281295,220.38118355537637,222.62033081054688,3133800,74.05345615982517,75.14075662187608,73.49761142237459,74.62571716308594,44712000,35.73305791921294,35.93422745596386,34.66852592818189,34.89484405517578,5825100,41.94068354879549,42.3697881576093,41.794789553226806,41.89777374267578,10649600
2020-07-07,141.94469436603694,147.17088741741694,141.81588014405776,145.87353515625,2582800,123.73038194447687,125.98814142783407,123.5903627471449,125.0080337524414,5622600,91.35075503882443,92.1318614031436,90.57694845637647,90.68888092041016,112424400,220.67559256224376,223.7176129916775,220.4079773086498,220.6577606201172,2927800,74.45055656016098,75.70406216918913,74.13058365914364,74.14153289794922,42364000,34.49248933367821,34.894831459482134,34.006323933208265,34.064998626708984,5995100,41.64030579354112,41.6660510188414,40.67052859693317,40.756351470947266,8750700
2020-07-08,145.48711899070366,146.64646123938684,143.78493175019074,145.8919677734375,2110700,125.02554704091752,125.4806028318463,124.00168152605363,125.37559509277344,6257400,91.66951476530353,92.83266025069595,91.58190996618218,92.801025390625,117092000,221.12159523944274,222.83440060651944,219.64965716822329,222.28131103515625,2294000,74.68294002022051,75.19897413072191,74.25995924949038,74.82227325439453,31766000,34.014698815727314,34.84452823033724,33.7799969065952,34.40027618408203,4896800,40.87650324015307,42.0436682224957,40.576128069628,41.97500991821289,12322200
2020-07-09,145.3766746677167,146.06675381962043,142.91079857063497,143.2972412109375,2238300,124.92928346131244,126.39069900247128,123.021571683394,124.6930160522461,5738600,93.69649607659868,93.75003027778281,92.14888313949528,93.2000961303711,125642800,222.71843415071808,223.4766999009508,219.76562848509602,221.20188903808594,2994700,75.13726983285122,76.09320218311657,74.42368620829713,75.57169342041016,41836000,34.08175107982107,34.27453974623495,32.09518654565815,32.145477294921875,9189500,41.880612179466915,42.0951644993144,40.35300070977159,40.773521423339844,9119900
2020-07-10,143.72048863303337,146.30598306369296,143.5088682809768,145.91954040527344,1746200,124.92054739849266,125.02555514437152,123.76540878195027,124.58800506591797,4282400,92.79373105488341,93.42154196968667,92.18052712914378,93.3631362915039,90257200,221.49629851997145,223.31616381405354,220.02436026013726,223.11990356445312,2745300,75.30248471212418,76.70030474090636,74.67897031172721,76.58435821533203,35918000,32.15386974600793,33.37766066479004,32.03652036989604,33.26869201660156,9218300,40.84217750426666,42.80747743234021,40.78210311989833,42.73881912231445,13386000
2020-07-13,147.21687903597814,147.41930336782826,143.2236245616542,143.74807739257812,1735900,125.67313004583015,128.32468236816774,125.38434540093607,127.07329559326172,6951900,94.67226133249306,97.29055790079552,92.71827442121031,92.93241119384766,191649200,224.73457275622488,230.03355851109015,222.20996471786307,222.68276977539062,4437500,77.12825841563946,78.44297203416643,74.96958014308842,75.2517318725586,42954000,33.637518459412085,33.95603738007389,32.69033603289373,33.24355697631836,5887000,43.79441339256735,43.79441339256735,42.80747480019514,43.099266052246094,14904000
2020-07-14,143.7480723687994,146.22315830744256,143.10400135346543,145.8367156982422,1641100,127.16954165488552,129.85609177990582,127.11702443705354,129.44479370117188,7447100,92.31192546978035,94.66255171537146,91.37508797222462,94.47032165527344,170989200,222.12967750619342,230.3190301671593,221.64795648408824,229.97113037109375,4614200,74.28434999897787,75.77770617369718,73.94297977071558,75.68116760253906,38108000,33.0591369231032,34.651743738145,32.91664217311521,34.6265983581543,4953500,43.14217375354936,43.40821976485976,41.97500880223775,43.339561462402344,16075600
2020-07-15,147.60336072401452,149.54478439171473,146.3336103135691,148.36705017089844,3332800,131.0287691636325,131.44882693774773,129.71611866370796,129.74237060546875,8512800,96.35131273104463,96.60194849384463,93.91795292676309,95.12003326416016,153198000,232.0675646545852,233.09345943392327,227.61603125613206,229.9800567626953,4343700,75.79911032958475,76.45099251906724,74.53515653534063,75.48312377929688,31026000,35.36422165196207,35.55701034729865,34.40865890223715,34.88644027709961,5777100,45.04739176996859,45.04739176996859,43.305225276893,44.06903076171875,17424200
2020-07-16,148.84548517915732,153.74964965709685,147.64934510458963,152.8295440673828,4100000,130.10990529509272,130.68747469381285,128.35970470719226,130.6087188720703,9304700,93.98851197519926,94.8085529497705,93.3485372297674,93.94957733154297,110577600,229.05227841302676,232.38867524993304,228.37428354695916,230.2298126220703,2511200,74.71778467158745,75.43486121845835,74.05943310844663,75.3855972290039,26484000,34.60983421124979,35.255258953194165,34.08175884101702,34.861297607421875,4655700,44.26642879868498,45.922769418976344,44.0604571656049,45.17612838745117,25026800
2020-07-17,153.91528699794196,154.68817244968227,151.734640887782,152.71914672851562,2047900,131.26502252497548,131.77258221442827,130.11864346473232,130.6962127685547,7441100,94.40216835638182,94.5578994757678,93.28525000521282,93.75975799560547,92186800,231.96939555596828,232.52248517353854,229.9086766392345,232.28163146972656,3091300,75.48460487369971,75.80905769154303,74.5485816531521,75.48162078857422,34264000,35.01371018699051,35.284674563966554,33.68429020302986,33.836708068847656,6699300,45.29628099745794,45.49366872264504,44.60971428510969,44.97874450683594,16263800
2020-07-20,151.71625844884144,152.32353170099995,149.80243652790955,151.01698303222656,1593300,131.46628200075008,131.54505115663753,129.89109917751566,130.91497802734375,6191500,93.8473898583791,95.87437528671072,93.50184950233145,95.73567199707031,90318000,231.08626698104402,233.01317852550406,230.17632064862858,232.09432983398438,2451100,75.38956453557115,78.07721543774436,74.77749296936797,77.8199462890625,30166000,33.83670479299968,34.15847617081325,33.227036618902744,33.303245544433594,6407600,44.420906242674704,44.686952270198084,44.069040605657726,44.50672912597656,10423600
2020-07-21,151.90942922272802,154.17288097329552,151.27455415815297,152.2774658203125,1731700,130.91499261211345,132.72644304591455,130.82747725269658,131.03750610351562,5575900,96.52894250206293,96.60437605553066,94.16371667540041,94.41435241699219,103433200,233.3878154724834,235.39501138492835,232.58494255237278,234.10150146484375,2439900,78.87441455255636,78.97493191676237,77.26161883496677,77.42583465576172,27486000,33.955260604855155,35.63185742633775,33.870585433332124,35.276214599609375,7950900,44.71270210548991,45.013077317284754,44.214942426282896,44.9530029296875,11951200
2020-07-22,151.48620568339072,152.68234593131154,150.38208162365578,151.94625854492188,1231800,131.20373307530102,131.6237906781824,129.38353687467898,131.27374267578125,5910200,94.11503952134649,95.36335409074172,94.02744214680403,94.67958068847656,89001600,234.2531032381219,236.92936402305324,233.72677521733863,236.55470275878906,2750000,77.4153749127673,77.97619307910186,76.7943435285577,77.87020111083984,24482000,34.776628272165375,34.929046186664735,34.14155470513511,34.624210357666016,5158400,44.626878327014396,44.92725023699984,43.76008847690765,43.76866912841797,13604000
2020-07-23,152.194669590537,154.01647473455387,151.49538035407,152.72833251953125,1387200,131.44883265383473,132.0088963573715,130.6349823649459,130.92376708984375,6566300,94.41190829825081,94.48977758073065,89.55736078613936,90.37010192871094,197004400,238.90092594589885,238.90092594589885,233.5484030892379,235.3415069580078,2680100,77.92395335639043,78.14390246974544,75.0705906466516,75.47665405273438,33910000,34.319366950387064,34.82742762991385,34.065338225698916,34.260093688964844,5953500,43.76008625939176,43.98321919924406,43.176503772014215,43.391056060791016,13527000
2020-07-24,151.53217377626405,153.54720702419715,151.0721210361769,151.8542022705078,1545900,131.70260086542018,131.7901162404064,128.666001624405,129.61985778808594,5405900,88.56212064394785,90.4917729162458,86.76872848149942,90.14623260498047,185438800,236.43877274846105,238.0891393293173,234.60997785776277,236.67962646484375,2984500,74.6028386333552,75.41097153590187,74.02559650691151,75.05168914794922,29902000,34.497183918737356,35.02217695510127,34.00605900428568,34.107669830322266,5202600,43.39106568891777,43.59703409851368,42.97054166912879,43.064945220947266,6860800
2020-07-27,151.8174403560098,157.08044607819403,150.76852042059258,157.0068359375,2926400,128.96348182867573,130.3198894898201,128.51718563885254,128.79721069335938,5675200,91.21205332883926,92.37519895851747,90.98818839691468,92.28273010253906,121214000,236.48338756484233,239.68597727798874,236.48338756484233,238.5619659423828,2412500,75.30298784991724,76.51220308106483,75.25670794866738,76.10763549804688,27124000,33.80283977260712,34.277029090294064,33.39639317036851,33.67582702636719,5312400,42.833214527534906,44.257841451944024,42.67873663312122,44.04328918457031,12087100
2020-07-28,155.88426837780736,156.7215677322058,153.39079039497975,153.59320068359375,2374500,128.98973634226425,129.50605549725717,128.42092667602722,128.49093627929688,4842200,91.8520459577215,92.02968392219287,90.76189793621897,90.76676940917969,103625600,239.5789071200325,240.0338802484945,236.10870249068438,236.65286254882812,2227000,75.88718593599701,75.93744461336621,74.6690109658058,74.82476806640625,30910000,33.50647907358506,33.836716791268834,32.85446986398974,32.989952087402344,6188300,43.62276907063101,43.957470087736354,43.09067708434308,43.13358688354492,7287900
2020-07-29,153.74963531463806,157.67847570763522,153.66681514911983,156.00389099121094,4623800,128.10590767989794,129.05101742400655,127.82588258144072,128.23716735839844,4489100,91.2509849817971,92.69153713216036,91.21448607300921,92.50659942626953,90329200,236.2246399932585,238.28535890118667,235.6626480200987,236.09976196289062,2874100,74.89193888511915,76.30169506581362,74.79290978342082,75.81303405761719,22676000,32.99840777475496,33.819766998291016,32.68510263934206,33.819766998291016,6305200,43.142174783864576,43.476875831817615,42.807473735911536,43.41680145263672,8074300
2020-07-30,160.23639359187592,160.5584361857782,156.28914652443197,158.9114532470703,5407300,129.02477554386752,129.07727941935963,127.88714261398438,128.4997100830078,5922500,91.67681516469625,93.73057108721883,91.26801256876887,93.62593841552734,158130000,234.92221650043948,238.4994945266771,233.32537294922966,237.57171630859375,2347800,74.5421129020531,76.67790540720966,74.40277966422465,76.55250549316406,36042000,32.27867729685271,32.57504695190215,30.398861402934216,31.872230529785156,13421000,42.6563188903198,42.6563188903198,41.95632544515253,42.302001953125,9410100
2020-07-31,158.2581714714638,158.91145265907474,154.56855287691457,154.94578552246094,2488000,128.34219411189343,129.03351737075235,125.9794263239478,127.55459594726562,8259600,100.142485220989,103.57838786224833,98.13739181757805,103.42752075195312,374336800,236.40308073634853,238.33892171580382,232.48680531231713,236.84019470214844,3640600,74.49633966059952,74.89294207022046,72.35407768262465,74.04350280761719,91468000,31.372633757009922,31.83835372964829,31.08473360899055,31.660533905029297,7719900,42.36250192229224,42.37114235295758,41.71436083406246,42.24151611328125,9669900
2020-08-03,156.0038928523233,156.9607964103107,155.065381296052,155.70025634765625,1503400,128.1059426909687,129.33107786836126,127.89591379499915,128.946044921875,4078700,105.31580157029778,108.66167105374215,105.01650308916155,106.03364562988281,308151200,237.9463526143616,239.596691627477,237.0007426625049,237.4556884765625,2363500,74.1952746917589,74.530168009216,73.2358571600964,73.78523254394531,45482000,31.558913715324746,31.660524552211484,31.06778874843003,31.08472442626953,8064700,42.53533354674422,43.13162206779198,42.103239555563526,42.74273681640625,9912400
2020-08-04,155.70029874734342,157.77973272289796,155.6818927009191,157.02525329589844,1264000,128.63099081276357,128.83226013183594,127.60712512056485,128.83226013183594,4162200,106.22344584387962,107.83676443958547,105.49830201297321,106.74175262451172,173071600,237.85715399501882,238.98119229291862,235.3682237172409,238.9633331298828,2224000,73.98179492968481,74.30027198256265,72.85318812445986,73.31448364257812,37212000,31.042401309919914,32.2363396976033,30.88151714071143,31.872230529785156,5808100,42.7773032552007,43.01063439582291,42.41434590086529,42.56989669799805,6445200
2020-08-05,158.12015622466205,158.64460912679505,156.63878561663748,157.9821319580078,1309000,130.4774336737162,130.6611972218745,129.3398008432816,129.86485290527344,5467500,106.4619011739729,107.44984441915975,105.99469293819868,107.1286392211914,121776800,239.4272963923744,239.4272963923744,237.19707839501334,238.61549377441406,1959900,73.48966050340952,74.14552151348077,73.21098639334856,73.60261535644531,29134000,32.600439262083846,32.76132338389957,31.931494408482813,32.193992614746094,7315000,42.85508127868355,43.17482990240119,42.72545176540089,43.01063537597656,6636100
2020-08-06,158.2581734935955,159.61992593905282,157.632508383955,158.47900390625,1364900,129.8648598473363,130.60870033279775,128.20217486602928,129.12103271484375,4837900,107.46202710488257,111.36270230609243,106.8707224953162,110.86629486083984,202428800,237.8304571440053,241.25606878527896,237.7680045050661,240.30152893066406,2203400,73.45630713721422,74.9551379108816,73.24481674977106,74.88945007324219,33306000,31.872217528669374,32.54116230645436,31.846815625511866,32.219390869140625,6588700,43.062488884525166,43.19211510433474,42.55261784139689,42.73409652709961,5701100
2020-08-07,158.69059419563715,169.18900115394348,158.69059419563715,168.86695861816406,6311100,129.0860474650624,130.08366132718942,128.77101080581323,130.0399169921875,3635100,110.38605796245164,110.84435557432207,107.54608428478957,108.34566497802734,198045600,241.40761669100266,245.25253617683845,240.69395807921276,242.3264923095703,2846300,75.09299683965341,75.64286587460231,73.9599099041371,74.5620346069336,27718000,32.06698218489474,32.50730027006916,31.626664099720323,32.43109130859375,4445300,42.52668620512644,43.61556481642821,42.41434415053415,43.51185989379883,6225900
2020-08-10,173.127060691621,184.4443615706793,172.3725674144922,184.00270080566406,10815100,130.2674114011639,130.39867108503384,129.2697977448458,129.54107666015625,4096600,109.79611320774808,110.94185716723757,107.26085805079369,109.92044067382812,212403600,243.022334945824,245.32390726069062,242.46921817737856,245.0830535888672,2393100,74.18532353114587,74.9989309564981,73.5229856891654,74.48489379882812,20546000,32.60890887156444,33.59115584544029,32.55810505421901,33.56575393676758,5612600,43.64149950781508,43.92668316618242,43.434092911128275,43.710636138916016,6518300
2020-08-11,184.0118961592744,187.32426739432995,179.5493790585262,180.7547149658203,5998200,130.51242999359224,130.59118579885373,128.0883989477895,128.61346435546875,6388400,109.18181853754392,109.68155371834231,106.39059512633617,106.65143585205078,187902400,247.72358836229347,249.222287668743,244.79754471546534,245.2525177001953,3321300,74.34456082208418,75.1626557930458,73.55782532310258,73.67476654052734,31098000,34.3532331966471,34.84435812409554,33.5149382068989,33.62501525878906,7975900,44.62666055885659,45.68961123096549,44.56616767239134,44.74764633178711,11792600
2020-08-12,184.02112597257212,189.76259015720754,183.11942638642188,185.8245391845703,6238400,129.11224719505964,131.47502786042017,129.06850287774765,130.96746826171875,5257300,107.74596761374468,110.45430815645663,107.55095084699191,110.19590759277344,165598000,249.56135557044453,252.43387699878113,247.0724250448902,251.19386291503906,3867900,74.00220039154834,75.22386058442733,73.8967019688904,75.00341033935547,22512000,34.18388744414824,35.29315027994413,34.08227659229045,35.276214599609375,11822500,45.48221751191639,46.16492355874383,44.860001067602006,45.266170501708984,8949400
2020-08-13,184.6467803547315,188.42841483577055,183.66227468850948,187.57272338867188,3663800,129.98736446828903,130.55618755158818,129.10351816422897,129.5148162841797,5155500,111.58053628624776,113.15288579947423,111.09054684512458,112.1460952758789,210082000,250.8192304655521,252.14843162901576,249.55245471311216,251.26527404785156,2202400,75.05169051228404,76.48285191890565,75.05169051228404,75.4716796875,22388000,34.84435533839453,35.42015537205578,34.39556802294842,34.40403747558594,8286400,44.87728338196132,45.33530196988397,44.6871609658656,45.09333038330078,5728700
2020-08-14,185.92573295132695,192.89092457891223,185.73250461072612,191.93402099609375,4633000,129.17350574978542,130.6874249431622,129.14725381919826,129.72482299804688,4240200,111.97059590519345,112.13636091412904,110.23004099312963,112.0461654663086,165565200,250.80137975921534,251.5685615956903,249.061799028659,250.2750244140625,2490400,75.32040392648128,75.62793939616182,74.59338041774163,74.87354278564453,21942000,34.05687626388985,34.71735167677534,33.83671563949409,34.56493377685547,3349800,44.66123727743832,45.41307993414457,44.635312691674,45.1970329284668,5782300
2020-08-17,193.22218603125202,194.6575485954182,189.57856148862413,190.13063049316406,2662000,129.79487948516604,131.46631086586382,129.71611031198384,130.38119506835938,4306900,113.17238664899372,113.19676560303644,111.12468097941458,111.75361633300781,119561600,253.70955135145607,258.0094174625059,252.9691310793168,257.1351623535156,5584400,75.43783887619192,75.82648373152185,74.891948664715,75.4512710571289,19990000,34.505651633229334,34.70040707078047,33.794369359927316,34.463314056396484,6089300,45.11061794103292,45.19703542943965,44.15136865528515,44.3155632019043,7333000
2020-08-18,189.88219613770136,191.77761150679106,187.86716254289504,190.43426513671875,3040400,130.6174002552846,131.35249428570523,130.01359256856517,131.34373474121094,4322600,111.50498397074077,113.11145831572809,111.1685737018232,112.68485260009766,105633600,257.7239460996434,259.2226458260822,252.49632899754013,254.24481201171875,6934300,75.942923667668,77.49798904405237,75.72148630647905,77.41886901855469,28378000,34.39557989808755,34.99678526707892,33.98066701979233,34.150020599365234,5711500,44.220506420397896,44.393344711156644,43.771131479687845,44.004459381103516,6450000
2020-08-19,190.31462778001134,194.08706613478523,190.31462778001134,191.27154541015625,2218000,130.8974790147521,132.6476792743108,130.66995778807805,131.60630798339844,7816300,113.09439419603572,114.24501107161466,112.73117227554131,112.82624053955078,145538000,256.43931414701194,256.89428721593583,251.50607426546023,252.33570861816406,4986800,77.25514432932671,78.06975406339483,76.63361934240044,76.86302185058594,30472000,33.96372198524667,34.14154174125896,33.46413083967644,33.57421112060547,4526200,44.237783143879334,44.96370120576457,44.194574402606,44.39333724975586,5957600
2020-08-20,189.75339023082313,192.48610522036645,188.67686827126036,192.136474609375,1532800,131.04625938974314,132.6476944123548,130.87124201440758,132.50767517089844,4874700,112.86767022580362,115.44437022786464,112.85060421374463,115.32979583740234,126907200,250.2660826759647,251.4882374518273,249.2847815778633,250.39096069335938,3530000,76.6321282685512,78.63256655639358,76.35794168422376,78.4375,26382000,33.07461439122408,33.286305464114314,32.795180624537245,32.82905197143555,3943200,43.840252501567406,44.134076524325664,43.64148967685083,43.9007453918457,5186300
2020-08-21,192.44929252339134,195.9272906017914,191.84201945200152,193.67303466796875,2034100,132.8227489020706,134.45918251582665,131.78137720132636,133.6803436279297,6722800,116.29271066660041,121.7581423853081,116.28052490809851,121.27303314208984,338054800,249.7575143557631,252.95117276136926,248.37479086122528,252.6657257080078,5519100,78.21605349977197,79.21528172540805,77.74381628283706,78.4036636352539,34838000,32.71898478169644,32.86293644845423,32.13471834993426,32.312538146972656,5034200,43.71927302740209,44.43654738557337,43.641495972022966,44.16000747680664,6408500
2020-08-24,195.94571779083816,200.537036289234,195.05321413073057,200.03097534179688,3393700,134.5524247838207,134.69336250039686,132.4470155816229,134.0326690673828,5387900,125.49276470400675,125.57809477103142,120.85130005912201,122.7234878540039,345937600,254.23590243666868,255.8951986549274,251.49721563839188,255.8059844970703,4430900,79.2446345587043,80.05626022081937,78.37728319040286,78.88037872314453,25638000,32.46496158329371,33.4980156418244,32.25327038967029,32.91374588012695,5357400,44.341485454414666,45.3439433570551,44.21185594165145,45.25752258300781,7728500
2020-08-25,201.65954962523796,202.03679630378173,196.18492392428254,197.18783569335938,2160200,134.58766647932467,134.8431421543604,133.4953150780946,133.95339965820312,3863500,121.59239290506812,122.0628763223725,119.98835110470337,121.71671295166016,211495600,256.26984903904366,256.4572069298289,253.25461753745708,255.2528839111328,2854500,78.62907393281236,80.06122982776336,78.51860203471604,79.91045379638672,25150000,33.37099029880009,33.40486165554138,32.55809711791119,32.89680099487305,4160600,45.63776844553863,45.70690176975151,44.80814547867537,44.98098373413086,8425500
2020-08-26,198.49437687866487,199.77332309928434,196.97620825667173,198.53118896484375,1518200,133.7772164469297,134.4731409985289,132.70248731014874,134.16482543945312,8008300,123.03795523691794,123.83022293693548,121.9677808342838,123.3719253540039,163022400,256.68025216007766,260.59650069398975,255.3777852856074,260.427001953125,4001900,79.93284358851191,82.2462840692637,79.66811043713714,81.81533813476562,52188000,32.87986905880974,32.98994612470803,31.770606334381494,31.80447769165039,6753300,44.929127701869284,45.03282932065518,44.60073539632975,44.68715286254883,5920800
2020-08-27,198.83482177862876,201.3927141720307,197.89631015438076,200.7762451171875,2014900,134.2705241030463,135.01049753099636,133.80363514670813,134.7638397216797,5575400,123.97648471809909,124.3104548230282,120.74890305425278,121.89708709716797,155552400,260.685713447033,261.33694688074786,255.63649680680913,257.4831237792969,3430900,81.93875040400734,82.00742232920561,80.55536494935534,81.03855895996094,31350000,31.982301855881524,32.41415041472672,31.753675008204347,32.304073333740234,6231600,44.730365952470066,45.689615085363386,44.66123263208411,45.464927673339844,8910100
2020-08-28,200.79463153097186,205.79081200010205,200.59220718550011,204.17141723632812,2996100,134.55240348515778,135.3980834181191,133.81241674151636,135.34523010253906,5395700,122.87463439456488,123.2939271755795,121.4753699990524,121.69964599609375,187630000,257.1975438705077,257.6614192070848,254.039548966604,255.39553833007812,3100100,81.08583513332398,81.67700292551035,80.89375267803553,81.58145904541016,22418000,32.4564951102639,32.56657220440298,32.07545031860605,32.49883270263672,5058100,45.80197422306105,45.80197422306105,45.32667137629595,45.706912994384766,8743800
2020-08-31,204.0794294289464,206.28767730220363,202.23921818799957,202.27601623535156,1839300,134.78145686669365,136.01474586651483,134.12956785716418,135.14263916015625,6362700,124.4031081470526,127.73794429666664,122.86245023954196,125.82674407958984,225702700,254.2447654443041,255.75239447699053,252.344615999301,254.28045654296875,4105400,81.78748473158811,81.8337646346118,80.87982915033425,81.08882904052734,26422000,32.47342671838913,32.558105131083344,31.81295125013005,32.08391571044922,6165700,45.70690351348562,45.70690351348562,45.15382371222028,45.1624641418457,8026600
2020-09-01,202.413997900134,208.44988725371348,201.63190267146027,207.4469757080078,1901800,135.54784078343724,135.73284083229694,132.20033862781523,133.47767639160156,6307700,129.45409155934158,131.44330113966103,127.279625733532,130.83872985839844,151948100,253.37948448588384,255.74350973063872,252.90667943693288,255.0833740234375,3235100,81.21970143861716,82.56626055007472,81.08882688778215,82.36024475097656,22652000,31.68592808437729,31.838345962625585,31.00851708669066,31.465770721435547,6267700,44.86863202474376,45.64640241593229,44.66986921291004,45.43899917602539,5568800
2020-09-02,208.97438737248964,210.7041904593571,205.2479707817134,209.70127868652344,1680700,132.83461593732943,135.9530965820448,131.47799795326105,135.51263427734375,6881900,134.16380741866254,134.54409526224742,123.8375172300071,128.12794494628906,200119000,255.45103692411095,258.31180369253974,254.33004766901823,257.5585021972656,3464600,83.00365344587165,85.89433583929082,82.61451509252599,85.46090698242188,49522000,31.330287133030698,31.47423555046708,30.805294036865234,30.805294036865234,7441600,45.46492941505407,46.20813159321264,45.3439436272823,46.018009185791016,7547100
2020-09-03,210.5040965354486,213.68753788509852,201.70117347970753,203.8972930908203,4003800,136.39357574884895,136.95736703089312,130.64113841363684,131.74229431152344,8672800,123.74979379664647,125.63172736189051,117.49940684107021,117.86994171142578,257599600,257.64819132382667,258.0069298241668,244.07975869031193,246.28585815429688,5380100,84.57166962599298,84.59555749578361,80.0030120217837,81.08782958984375,63726000,30.508923819575127,31.220206126874597,30.348039727860442,30.475055694580078,8733400,46.320480807020076,46.994549766219315,45.110619445886435,45.58592224121094,11029600
2020-09-04,205.27213021025094,210.60555026882795,200.60306800325696,208.6493377685547,2879800,132.288453753659,132.9755739088237,129.61044871838175,130.89659118652344,7200100,117.08011491662583,120.61972095191703,108.12870745933931,117.94795227050781,332607200,247.11088402952456,248.20497074162978,237.35381561102892,241.82879638671875,5253500,80.06720294777561,81.36051923220332,76.53260313427657,78.68431854248047,55850000,30.788361086343702,31.067791722065333,30.204091450483844,30.364978790283203,8285300,46.18221036499892,46.45875029020247,44.73037410937235,45.551353454589844,9413000
2020-09-08,206.49934490976926,208.30791595662046,202.74381195247295,203.97105407714844,2121100,132.3589143256161,132.9227055028735,129.40781169103695,129.72494506835938,8756800,111.11250193799896,116.02700063472479,109.87412977263537,110.0106430053711,231366600,239.54198425332785,243.066395939622,235.6857914313443,241.47010803222656,5241200,75.88718676343119,77.40741495849956,75.4642059639063,75.81752014160156,54032000,29.89078547725323,29.89078547725323,28.56983495666485,28.84079933166504,9338600,45.188392791682915,45.188392791682915,43.28717847007082,43.3563117980957,10946600
2020-09-09,208.5386219383738,211.16842877617515,206.80387137421835,208.3079376220703,3222700,130.50898424167966,133.1077227668342,130.48255757697618,131.87442016601562,6960700,114.34009416642051,116.1732773411802,112.38989645051765,114.39859771728516,176940500,244.33982284898943,250.8684643665002,243.70310849899764,248.4471435546875,4754700,77.0765070123546,77.56516810215537,75.89565197626554,76.993408203125,39242000,29.509740109428346,29.509740109428346,28.97628082586989,29.179502487182617,6440000,43.71926929162191,44.61802556662357,43.58099934905361,44.12543869018555,8808100
2020-09-10,211.7589775615916,211.7589775615916,205.6689060511686,207.09915161132812,2443300,131.47801715515357,131.94490619097672,129.0730963839718,129.41665649414062,6191800,117.3628949087768,117.49940814881735,109.69861756632326,110.6639633178711,182274400,249.31696773268197,251.98043909161728,243.1829182871127,244.5550079345703,3156300,77.14019418699958,78.30860397286067,75.63837173852811,75.9394302368164,33024000,29.154100609753524,29.230309540342642,27.824680666260033,27.875484466552734,8582800,44.35877063443268,44.58345805891766,43.356309412008166,43.46001434326172,8609100
2020-09-11,208.94462769337827,215.6160141499575,208.049571423564,214.8040008544922,4865200,129.53994283236528,130.84370725235019,129.16995617703876,130.18301391601562,3934700,111.71705524591432,112.36062394434131,107.26085458483016,109.21105194091797,180860300,245.7030014488212,249.290168272624,245.23665224626382,247.81044006347656,3729200,76.04393489459162,76.56892127073058,74.29579252540272,75.42738342285156,30706000,27.841613902662594,28.315799891297495,27.63838902885493,28.03636932373047,6769100,43.52050361899224,44.030374617099994,43.26124790564928,43.51185989379883,8969700
2020-09-14,222.3704951261302,222.37971743154947,214.60104776685958,218.0797576904297,6583700,130.48249737054732,131.67175050084103,130.38559516406534,130.68511962890625,4375800,111.86332602698766,113.04319458206483,109.99113827543115,112.48738861083984,140150100,249.80133266902837,253.30779171889074,249.32603413309837,251.68460083007812,3055800,76.21809682607592,77.47956754747086,74.89741517443528,75.08252716064453,42660000,28.146459473765603,28.679918898149435,27.9517007542149,28.38355255126953,5436000,44.03901492596124,44.56617007640752,43.46865103951112,44.20321273803711,8812200
2020-09-15,216.8340245363237,221.31852799160865,212.70015165056503,218.38421630859375,9847300,131.654158444609,132.65841179580522,130.83490514524607,131.1608428955078,3658800,115.38343686650313,115.87098624147585,110.78096957645455,112.66291046142578,184642000,253.8278821111394,257.1101423924621,253.23599641766424,256.105712890625,4174900,76.03100168037477,77.18050476355,75.7428817865187,76.39077758789062,23042000,28.56136654371866,28.97628257501605,28.459755706928583,28.62063980102539,8333400,44.21185377317721,44.36740786221737,43.44272705326492,43.54642868041992,7660100
2020-09-16,233.48020460756348,236.38682130523515,227.2701868742732,230.9611358642578,17073300,131.6013224436059,132.19154029907307,130.68516679499,130.7292022705078,4323000,112.36061840613317,113.11144107787773,109.25005139587964,109.33780670166016,154679000,256.13261300427934,257.0025018737816,251.71143737701448,252.5634002685547,3379100,76.75702925240749,77.34869819515173,75.21987604229885,75.24475860595703,22128000,28.89160382378143,30.085541639088763,28.493626705445802,29.704500198364258,9240700,43.62420512641709,44.85999409649487,43.477294764681034,44.20321273803711,8699700
2020-09-17,223.88377434165102,230.49979964677155,223.40394696313464,225.22174072265625,4254300,130.4120604337956,130.9318161180188,128.65902923629767,129.64566040039062,5461400,106.98784309353663,109.40608398688913,106.00299120807408,107.59239959716797,178011000,249.22732327801356,253.5408881036958,248.37536042557983,251.06573486328125,3166600,73.93700680508756,74.5764514754621,72.77506627110589,73.99821472167969,40008000,29.12869607051204,30.576662390367755,28.925471197303448,30.55972671508789,13147700,43.54643134516085,44.01309364083784,43.19211440880213,43.425445556640625,7533700
2020-09-18,224.19746282700345,229.02337453140862,223.25626692294318,224.0221405029297,4348700,129.0642687993772,131.83037173057727,128.79118430187128,131.4163360595703,12174000,107.65091477299849,108.11895805599245,103.44823366112779,104.17955780029297,287104900,249.6757560233453,250.94918478657237,242.86013429740962,246.7880859375,6072900,74.06091812890595,74.40427775863802,71.24040328279774,72.20926666259766,63056000,30.314168439607094,30.864566656406403,29.975464577857704,30.373441696166992,12409800,43.529142097773516,44.02172892004532,43.25260224304602,43.27853012084961,10743900
2020-09-21,219.56534116029414,220.70954049897463,212.47872534355488,220.2943115234375,4109500,130.00684795481328,130.31516348517917,125.93698079598398,127.82215881347656,7574500,101.93682671673261,107.44613627717712,100.53268210169752,107.33887481689453,195713800,243.81066493430274,244.73435894898665,239.0218023114647,244.2411346435547,3548000,71.24040107533145,71.66039017863206,69.80028765833156,71.16675567626953,56908000,29.475876173456736,29.7045029975259,28.866204642605645,29.094831466674805,11316000,42.22421192636679,42.42297470354729,41.05755654298414,41.792118072509766,12909900
2020-09-22,221.0047953618739,224.9448873917396,217.42458437890792,224.61270141601562,2651700,127.46098703189251,128.04240051449435,126.60648906432887,127.03814697265625,5295900,109.874118243747,110.0496363016209,106.44177420460605,109.0257797241211,183055400,243.6403067831742,245.29039984975705,242.69868666062513,245.10208129882812,2972000,72.17095367719028,72.85020894355684,71.13490659228187,72.64369201660156,33950000,29.07789296156763,29.475873308879354,28.798459127033812,29.044021606445312,7963000,41.68842914574094,41.99089361675748,40.556341717650255,41.16127395629883,11164400
2020-09-23,226.0614059427745,231.15490547026505,222.41658250920176,222.76722717285156,3083000,129.91875808128327,129.98042925623974,127.18789984777561,127.24075317382812,8784400,108.84051984457511,109.31831612573531,104.11128518620949,104.45257568359375,150718700,246.99437533216894,248.07050892212783,237.37179080066826,239.03981018066406,4467600,72.25903690168364,72.30830088742725,69.80029475994638,70.13419342041016,37726000,29.09482735597866,29.289582794117507,27.84161634307429,27.875484466552734,7714500,41.36003326712777,41.688425590954665,40.089676003951105,40.1156005859375,8248100
2020-09-24,225.15712534235269,228.10065960615924,220.9955851541268,225.3509063720703,3048300,127.34644950841256,127.95428959245523,126.2717204929427,127.44335174560547,5614800,102.55115280375313,107.50465715946265,102.38538777091682,105.52520751953125,167743300,238.2864609014707,241.86467758312332,236.64534450455074,238.2775115966797,3095600,69.80028750186223,71.5573821324961,69.7739091004015,70.80448150634766,34552000,27.782350393750022,29.010156599169022,27.48598081680505,28.451292037963867,7084000,40.21931514089859,40.97979829865749,39.63166696660198,40.279808044433594,9832700
2020-09-25,223.0071123680025,232.43748736674712,222.81334544712317,230.84115600585938,3212400,126.85310728899954,128.83518709039015,126.75620507214688,128.31544494628906,5531200,105.72996379838419,109.64011209223098,104.98888662302512,109.48409271240234,149981400,236.9233607601393,242.26823071202932,236.6812368951318,240.83335876464844,2457700,70.91345895052334,71.95298352093256,70.04909181006649,71.61062622070312,30326000,28.019441837520247,28.781531299344298,27.926297211058337,28.535968780517578,5240900,39.99462809796537,40.90202832839857,39.68351982428727,40.65141296386719,9816000
2020-09-28,235.547154165028,239.86557204416584,234.4490945268752,234.78128051757812,3309800,129.25804834311447,130.63228841477832,128.98496389834037,129.59280395507812,5843200,112.14611662005213,112.44839487161504,109.97164299267533,112.09735870361328,137672400,243.86452492975994,245.9181852869619,242.40275029258635,244.22323608398438,3061100,73.2493005572153,73.29905809078035,71.96991766342995,72.58596801757812,30784000,29.07789230465176,29.416599387922595,28.468220846824302,28.544429779052734,8958400,41.38595281212451,42.46618755162083,41.31681950303644,41.80940628051758,9466200
2020-09-29,235.28879358349607,238.25078656686804,229.87231595718708,233.91390991210938,2195400,130.02444326269298,130.30633207323135,128.6678121963445,129.54873657226562,6768600,111.69755247153874,112.43862208344467,110.74195252856961,111.2490005493164,99382200,245.18282405594223,245.57741455917517,243.12916357792201,244.0259552001953,2048900,72.84722744607932,73.24979803297072,72.35407885679199,72.95222473144531,31816000,28.552906302937025,28.603710116902505,27.24041845287922,27.485980987548828,6662600,41.54151206584188,41.705706579967796,40.781025791218525,40.82423782348633,11355600
2020-09-30,233.88620303962142,237.6140692733721,230.22293516925748,232.0868682861328,2506000,129.8923096002452,131.9008163039284,129.35494513923447,131.15203857421875,8487700,110.95648187938991,114.34007555606303,110.79071688597794,112.92617797851562,142675200,245.25453283986008,251.0298719023322,244.39359335265354,249.04794311523438,4778800,72.69941953772366,73.95641032525084,72.4416568506786,72.93131256103516,40924000,27.714600372487133,28.188789632672623,27.562182511361442,27.8077449798584,8111700,41.19583735202777,42.336568461134,41.08349529384188,41.783485412597656,15047300
2020-10-01,235.53788928443836,237.872427321008,233.34178435368185,234.44906616210938,2862300,131.5308326351169,131.83034373381673,129.02020591929877,129.77780151367188,6457800,114.71061497135939,114.78862465587767,112.94568863575778,113.88178253173828,116120400,250.59942175524338,251.10162281143386,247.37994351834539,248.96725463867188,2696900,73.8300187453481,74.39780739351073,73.48864851059548,74.04100799560547,32884000,27.291221544714883,27.723073281786856,26.833969519414083,27.460575103759766,7929600,42.129159814108164,42.40569967633822,40.53041352955219,40.84151840209961,25275400
2020-10-02,231.1918213545266,238.57370529226858,230.6843130498463,235.4825439453125,3015300,128.7999588421319,130.73798977965143,128.4652032780901,128.82638549804688,5485600,110.07889779908955,112.49714598356358,109.42558341904119,110.20565795898438,144712000,246.56385935195644,252.07014497871637,245.81055776952863,250.4828338623047,2943600,72.63424173336936,73.5996275418768,72.02316481739436,72.43370056152344,31222000,26.740823499360136,28.18879166961014,26.630744822301143,28.00250244140625,7069100,40.17610311946678,41.77484966245887,40.11560692424805,41.455101013183594,12681800
2020-10-05,238.80438309797714,240.7974988875808,237.8170756664043,239.18270874023438,2427800,129.4959189969613,130.71159927260825,128.98498110490453,130.57945251464844,4992800,111.07349695083026,113.74526531692963,110.72246082221426,113.5989990234375,106243800,251.9267167612214,253.2719042063268,250.83262987781933,252.98492431640625,2330700,72.78452509611937,73.88178015904693,72.65713577801895,73.78872680664062,21602000,28.417418009572692,29.052491389639407,28.137984171871217,29.02708625793457,5652500,41.85261662966008,42.25014223798372,41.29089322474826,41.99952697753906,19140100
2020-10-06,240.02239989174709,244.50691740028225,238.23228744163575,239.23806762695312,3152200,130.62349607940894,130.91420280479224,128.50046460853966,128.84402465820312,5118200,112.81892262806667,113.22846975785129,109.45483490950848,110.34217834472656,161498200,253.34361076913856,253.79200654041136,247.30819383536036,247.9359588623047,2992500,73.4239703631467,73.87282086187555,71.90672613927885,72.20579528808594,26096000,29.53514949148627,29.70450305372649,28.044842019952956,28.1972599029541,6645600,42.51805382137069,42.69953252538674,41.02300885171374,41.25634002685547,22980200
2020-10-07,243.4642635893098,249.74810290064016,243.14129987404363,247.53353881835938,2986500,129.04664877335438,130.57944896602646,128.4476130589371,130.27113342285156,5603100,111.76582617611366,112.6726683499166,111.28802241183179,112.21437072753906,96849000,251.86390572063328,254.68879355585835,251.1016274494378,253.6036834716797,3423700,72.61831435660335,73.09901783970815,71.32051821827476,72.60985565185547,36108000,28.34121134657555,29.23877972838897,28.214195368320574,29.069429397583008,6633200,41.80942032470805,42.492126403970076,41.68843452070253,42.094600677490234,12019100
2020-10-08,248.8898832772047,251.46429946112258,245.771027434344,250.1171112060547,1993000,130.81728289225228,132.00653629528173,130.41205172443884,131.1608428955078,4413500,113.35522661630749,113.50149291272723,111.73655916424462,112.10710144042969,83477200,254.54533961118744,255.54079257775194,252.1509212226925,255.1551513671875,2256200,72.9238486190655,74.04747434340368,72.9238486190655,73.81857299804688,26076000,29.213383655916658,30.161759264362065,29.044030061156477,30.08555030822754,6758800,41.463738893670424,42.76866458985409,40.841522493020435,42.345211029052734,23836600
2020-10-09,253.1990044544271,253.7526522367009,248.71451655337071,250.56919860839844,2172000,131.8303675979129,133.4424613094547,131.65418535748148,132.99319458007812,5054100,112.40938507947115,114.0865561551348,112.05834892691767,114.05730438232422,100506900,256.007107867917,257.6302985297804,254.76953103889218,256.4106750488281,2240100,74.28783048431298,75.23281359404584,73.99622536956137,75.16314697265625,32966000,30.432722594977406,30.458127732847245,29.501282703576077,29.746845245361328,6382000,42.72544742878739,42.976062704168285,42.11187482763979,42.19829559326172,11381800
2020-10-12,251.22445190964876,253.0237726456923,250.35707664458758,252.36863708496094,2063600,133.548138757689,134.9047563617935,133.03720101431904,133.75955200195312,7273200,117.07035922140598,122.06286774169322,116.30978334982996,121.30229187011719,240226800,257.7289011335409,258.5718598957684,256.53615321057083,257.2984313964844,2411900,76.53409699657146,79.04309772139084,76.10116164428408,77.85726928710938,55344000,29.696032675641078,30.348041770394026,29.40813259783004,30.136350631713867,7214600,42.57853874333678,44.0822238614107,42.37113219431869,43.84889602661133,17615000
2020-10-13,251.27983974300622,253.9742170123297,250.84615206585846,251.66737365722656,1657100,131.25774558900562,132.24437669070176,130.1742122582614,130.69395446777344,11057600,122.15061740846656,122.26763193691325,116.67056718260892,118.08445739746094,262330500,256.21337026044813,260.7600828585225,256.21337026044813,260.39239501953125,2699900,78.4753115330063,78.88087376061287,77.56068564132751,77.98067474365234,39072000,30.085551415539182,30.48353189335078,29.382738332121146,29.53515625,8121000,44.1772819430349,44.28098685853689,43.20075204667052,43.58963394165039,17448000
2020-10-14,253.52202704656915,257.40674248802554,252.61773451961076,254.8968963623047,2079400,131.09921740684425,131.28420406232055,129.83948812394402,130.46495056152344,7706400,117.98693956467062,119.96638868276364,116.64130607261743,118.17221069335938,150712000,259.6301784141657,260.338624164793,255.72015230173528,257.4599304199219,2221000,78.35539239500633,78.81568566560401,76.92721520969711,77.80004119873047,33174000,28.82387000524401,30.085547548671858,28.82387000524401,29.23878288269043,9817400,43.995813234623306,44.410623100587344,43.53779462573681,43.77112579345703,20330100
2020-10-15,251.99027583651525,260.34106363900423,250.7538114792226,260.3133544921875,2254700,129.91873121333907,130.28871786103403,128.90567349525807,129.66326904296875,5978600,115.76372578098064,118.18196653560398,115.20791978630072,117.70417022705078,112559200,254.79645519585162,260.2937927339213,253.89966348961934,257.8634948730469,2699400,76.8575521545092,78.19615368912379,76.68985869767641,77.4034423828125,31210000,28.679917491751365,30.034742855702753,28.510563917488597,29.9754695892334,8633700,43.14889289869572,44.825415879986494,43.14024917543658,44.35875701904297,21059700
2020-10-16,262.0573382590908,264.97319089494067,260.2118640459986,261.9373779296875,2990300,130.02448822126422,131.0463506348643,129.50473244395695,130.46495056152344,6097000,118.25996903954183,118.52324985437662,115.85147406239771,116.05624389648438,115393800,258.50014250412397,262.44601951803025,257.6033510296951,257.9710388183594,3108600,77.71993288993987,78.5101536902644,77.51242883951979,78.01203918457031,34194000,29.838316103847266,29.97546421747282,28.929707807409866,28.94685173034668,8312900,44.53160752829187,45.17110811234778,44.445190045107736,44.80814743041992,16923300
2020-10-19,262.80480514187815,268.71955454611145,257.9604343725163,260.1842346191406,3453100,130.84371734027198,131.1696551099376,126.96765484500472,127.1350326538086,7250800,116.97283808725243,117.42138259241214,112.7799181793268,113.09194946289062,120639300,259.8543067776308,260.16816189982814,254.13277278333626,254.4466552734375,2428100,78.42157124529685,78.8196694818718,75.78368541921667,76.13350677490234,29734000,29.246863691501257,29.31543938672909,28.012530606222338,28.029674530029297,21684100,45.101971547005576,45.101971547005576,43.89211029778007,44.03038024902344,12677000
2020-10-20,262.05734055547305,270.0759283344008,261.23609100679363,265.19464111328125,3924900,127.43456399302063,128.39476864224437,126.95885715123622,127.33766174316406,5325400,113.306462726598,116.01724328424638,112.7506567810562,114.58384704589844,124423700,255.71114263155954,259.8812176523027,254.80537445463273,256.51824951171875,2281500,75.79314561217218,78.31757567925243,75.66326575661667,77.18498992919922,41670000,28.209681608959997,28.32968580907371,27.489653138408496,27.926815032958984,19243000,44.55752480722025,45.171097363017,44.39332701298247,44.4797477722168,11177600
2020-10-21,266.81874407391473,270.63886218254714,260.4518617863873,260.4703063964844,3219200,126.95883593728952,128.03356491363036,126.7738493178283,126.79145812988281,5221300,113.76477649436593,115.75397896154352,113.55025356563891,113.95980072021484,89946000,255.93532955037566,258.29386811629035,254.04308532630822,255.14614868164062,2304500,78.11902079681084,80.37274941652576,77.98416747068921,78.92218017578125,60322000,27.57537040765123,27.78109423602772,26.21246108046598,26.263891220092773,19210200,44.49702971357012,44.77356953615244,43.43407585578934,43.53778076171875,18583200
2020-10-22,261.6698258151472,263.57069052136944,252.84845965955998,254.62936401367188,2962900,126.99407836074735,128.3418917620656,126.71217607040683,127.80452728271484,5279700,114.52536383827295,115.1006760628372,111.73658036454893,112.8676986694336,101988000,254.62597857495305,256.1953635430814,251.68450384369137,252.14187622070312,2787000,78.87291283355273,80.28714906559912,78.49870246258452,79.95075988769531,30512000,26.246747784379473,27.40393486760623,26.11816998852353,27.35250473022461,15029400,43.572354165220915,44.92048853261034,43.31309844365785,44.739009857177734,13264400
2020-10-23,256.7885221631679,261.9373829256308,255.4689866742661,261.6513366699219,2498300,128.5092791569883,129.90994598181268,127.16146565508679,127.94548797607422,4154400,113.49174346426179,113.64776283593191,111.43428449669388,112.17536163330078,82572600,253.23603151751146,253.9624305674806,250.69809581184356,253.7920379638672,1750600,80.36827170244585,81.31723367329468,80.21201344374147,81.26050567626953,30548000,27.661088558194905,28.44968944023955,27.36107642897577,27.892526626586914,15335200,45.15382419547724,45.46493241117253,44.540251490420246,44.82543182373047,11538500
2020-10-26,258.3572014467432,258.82780646961237,252.2763661641086,256.1703186035156,2321400,127.23193899740036,127.53146359008154,125.75199205784116,126.82672119140625,6929500,111.17100842634152,113.64776009630111,110.06914209886924,112.18511199951172,111850700,250.77880914719933,252.47373099248634,243.92730837821586,247.55035400390625,2911900,80.36577109765061,81.0912986260321,78.01600527143772,78.83757781982422,35826000,27.22393222815008,27.369652332761355,25.783875108446868,25.98959732055664,11522800,44.20321663389774,44.31555869808593,43.036560879279556,43.485939025878906,15561400
2020-10-27,258.3110640344954,258.6893896803262,253.18988363984894,253.2083282470703,1912300,126.62409528195474,127.10859301424472,125.90173072382403,126.10433959960938,4890100,112.61415013058482,114.35957774824622,111.68780931378838,113.6965103149414,92276800,248.4023202861207,250.85954811533347,247.62211589835886,248.26780700683594,3014100,79.0684835060431,79.7188698570278,78.47432400613587,79.56361389160156,25902000,25.85244577151003,26.30674995187102,25.68100979988165,25.93816375732422,13017800,43.42544624067827,43.451370825307976,41.9822538882889,41.99089431762695,11593300
2020-10-28,242.43080063482446,246.29707248827043,238.0662427142346,239.90248107910156,4039200,124.58917459174782,125.07368586792767,121.72616930013744,121.8847427368164,8426100,112.1851208602056,112.55565572913613,108.33347610413212,108.43098449707031,143937800,242.35794313255494,245.4249826138923,240.95895034960364,241.8826446533203,3255900,77.13173899969712,77.32082977436303,75.06511950680083,75.1805648803711,45174000,25.16670431479456,25.552432785680807,24.47239012431715,24.67811393737793,15274500,41.100780347323614,41.576083063490394,40.78102843024914,41.10942077636719,13622800
2020-10-29,240.1054886231086,248.89917483279336,239.96708364640315,246.3893280029297,2680700,121.56761181659111,122.18425643453824,119.84981129450819,120.85406494140625,7205400,109.57184138543087,114.01828898706523,109.40606895582341,112.44837951660156,146129200,241.85571570404605,245.45185858315097,239.7213474326942,241.80191040039062,2872500,75.49008161554319,79.05901715361654,75.46669489176469,77.47360229492188,55406000,24.103812470601337,25.0209913901574,23.598078024969208,24.995275497436523,15560100,40.9614173266542,42.16283710516445,40.526120642372966,41.89295196533203,10887800
2020-10-30,244.15630014850436,245.4388903783889,235.8147469031295,239.4226531982422,2706900,120.40475717245886,121.16235279878562,117.7355569470865,120.78356170654297,7364100,108.29446818664717,109.20131035012999,105.03764183054732,106.14925384521484,190272600,241.0755331495775,241.7929555082135,234.98631030358973,239.18328857421875,3872800,82.9752986633924,83.66599669620678,79.6974670927325,80.42100524902344,99878000,24.798118690875317,24.8324049038677,23.683788157267784,24.532394409179688,15681700,41.75366393456349,42.014841323303415,40.926599436011514,41.9190788269043,14907400
2020-11-02,242.4030874203138,246.82297858342702,238.99818470687026,246.35240173339844,2042900,122.43090779846068,122.45733446341298,121.11833863301764,122.17544555664062,7088000,106.39302272628981,107.9239274305086,104.64759511176818,106.06148529052734,122866900,242.26822903926026,246.42037824801398,240.80645445030487,242.79733276367188,2956400,80.79075106483944,82.51749631331757,80.32795964779757,80.8295669555664,44228000,25.218138133464564,26.186747067965317,24.438107481052647,25.912450790405273,13762900,42.554605801659434,43.39037465839001,42.17154258487026,42.98990249633789,16337800
2020-11-03,250.93844004840315,255.5244459222049,247.4043401375988,253.27296447753906,2630800,123.34710435692595,124.17517588740729,121.37382780432883,122.00809478759766,6363000,106.9293426114221,108.71376783877459,106.0225003905584,107.6899185180664,107624400,246.48312225335252,250.68009944539568,245.46974359047462,248.74302673339844,3037500,81.1500216385177,82.55529790999582,80.22195599803307,81.89147186279297,31432000,26.332468945091332,26.349612872328354,24.97812975712951,25.123849868774414,12131300,43.88661515665534,44.800737604009875,43.88661515665534,44.55697250366211,13142200
2020-11-04,255.33061054021033,257.259127968057,247.7826267715767,248.30859375,2810600,122.8801814940347,125.56699086241599,122.18424350881041,122.80088806152344,10263500,111.29776550877692,112.71165565418494,109.5523379354268,112.08759307861328,138235500,248.1959790751951,257.41499292072905,247.52338557274498,253.5408477783203,3525300,84.87322803918391,88.08039850699622,84.74484402888567,86.87715148925781,71342000,25.363858335555257,26.24675091300989,25.03813027846393,26.041027069091797,15178400,43.99108839417641,45.549451552753865,43.97367612568916,44.77462387084961,17378000
2020-11-05,251.90721899759924,260.4609814612343,251.90721899759924,257.50823974609375,2234600,123.81395707587654,124.94153950544559,122.67755679739592,123.1180191040039,8016200,115.01290102705485,116.64132168469465,113.95979997203881,116.06600952148438,126387100,258.58981796209713,259.17272692623993,254.76050098651803,256.34783935546875,2516600,88.10129620277502,89.16471643777604,86.63729476579961,87.7056884765625,39758000,25.80101708562787,26.495329703410913,25.7495869452196,25.818161010742188,10316600,45.270861259974026,45.94992311613745,44.905213590055446,45.44498062133789,9444300
2020-11-06,257.0008140738514,262.33423519341153,255.70898732788223,258.15423583984375,1894800,123.68180003245844,126.13958702635459,123.02110662749479,125.31151580810547,5942500,115.5727390073877,116.4323036892573,113.43358602193297,115.93415069580078,114457900,257.1370517935035,257.18188042398214,253.6574961896836,254.90402221679688,2839100,87.15033442042348,88.0042535306438,86.42082052718563,87.56784057617188,28622000,25.82672354565122,26.272455654524357,24.66953674348307,25.020978927612305,10484500,45.775804861978955,45.81062607572721,44.844266821891644,45.009681701660156,6453900
2020-11-09,253.05145734531166,253.29137804418272,236.543702395607,243.49191284179688,5907200,130.75560437213068,131.2489333353206,127.66356451677147,128.68544006347656,12351600,117.70210831549566,119.15750989185466,113.35543592706722,113.6191635131836,154515300,258.25801953143605,258.65260997095083,241.65840052591832,242.10679626464844,7856400,89.37172942956123,90.41224892592894,87.45937099735275,87.65194702148438,53440000,28.423980344538418,29.85546718943662,28.175398307120506,28.612560272216797,17614500,48.23958638244158,49.54547665085749,47.93487998156481,48.77064895629883,24243300
2020-11-10,243.95328379284365,248.00408576251726,238.0662155084385,246.61997985839844,2874000,129.7161230285671,131.0375096808106,128.84400299902396,130.62347412109375,7386500,112.86705932868448,114.8596862189922,111.4800244999921,113.27730560302734,138023400,244.63575078434863,247.32612517257405,241.46110134322967,247.1288299560547,4828500,86.07697225473657,87.55042699948584,85.39771699789287,86.47257995605469,43022000,29.44402124482648,30.464063711278367,28.792568327234214,30.455490112304688,20650600,49.266889851073095,49.467125971988466,47.79558792553796,48.53559112548828,15502900
2020-11-11,250.21869825532642,250.34786684058878,245.44813379099637,247.1182861328125,1937700,131.40753082610027,131.43395749073517,129.37259699815095,130.20066833496094,6382400,114.46896157668391,116.8523020201072,113.7363758663505,116.7155532836914,112295000,248.69821802176648,252.6171923824506,247.66691330072916,249.08383178710938,2987900,87.00403991084542,87.72558872689356,86.73831204017266,86.9458236694336,31838000,30.824076149287126,31.029800014731038,30.052619011079752,30.241195678710938,17225000,48.70099379311221,49.33652657910073,48.22216808542774,49.049232482910156,9731600
2020-11-12,248.4286127000773,249.96036023945481,243.59344933490019,246.51853942871094,1924000,130.0332883796499,130.94944410303876,129.2756926414877,130.64112854003906,4710300,116.84256147717956,117.7314284304911,115.81693830957146,116.44207763671875,103162300,253.79201022511245,254.41079858788535,245.57739629198124,247.7296905517578,3818600,86.68555885766379,87.82909374585917,86.4850176966425,86.72636413574219,26474000,29.65830497984264,30.18118315722835,28.801128497536567,29.152570724487305,10944500,48.31793644583792,48.69229189479602,47.8739352478681,48.36146545410156,9889500
2020-11-13,247.28437692182834,252.57167214979626,247.28437692182834,250.90151977539062,1593700,131.33703616056889,132.49986300295626,130.73801392673906,132.0505828857422,5893500,116.66674192406562,116.89139741334863,115.13319583001916,116.49092102050781,81581900,247.8911270548372,250.85950483318166,246.85084559467,248.563720703125,3939200,86.9841271981569,88.4336939582727,86.38598899421693,88.19135284423828,29744000,29.44401467170669,30.48120083469322,29.358298320324955,30.309764862060547,11997500,48.718403305058146,49.66735019399915,48.6748743015572,49.2842903137207,9919100
2020-11-16,252.38706431578186,259.17842462998954,249.52660157444174,258.20953369140625,2474800,132.9490936242751,133.2838491593644,131.9624627105442,132.88743591308594,6266400,116.15878952513835,118.18072580642377,115.40667146783778,117.50675201416016,91183000,250.36619588778132,252.25843981742813,247.873117095586,250.71595764160156,5360200,87.78729554543153,89.29011281284569,87.64746115461156,88.2794418334961,25468000,31.672681918201448,32.68415075602347,31.20123535443996,32.641292572021484,18701200,50.28547736562548,50.61630381411758,49.649944531055496,50.590187072753906,12201400
2020-11-17,260.09194738405307,264.08741549563933,255.50594206817556,263.0262451171875,2816700,132.13869671658662,132.69368354418617,131.3634787277928,131.56610107421875,7297700,116.7741779499669,117.86816796066498,116.19787325311871,116.61788940429688,74271000,244.01699215648406,245.29939753584003,241.5956439654998,244.3488006591797,8532200,87.97240956400461,88.43420627207988,87.55590565351672,87.66388702392578,21314000,32.16126825051961,33.541323178059,31.92125983524995,33.30131149291992,14466800,50.067822386647194,51.26924214648584,49.79794057205923,51.1995964050293,9599100
2020-11-18,263.62608020012226,267.37239170261716,260.6640729412832,260.6733093261719,2874800,131.1432405340014,131.92726288813597,129.8218536376953,129.8218536376953,6661000,115.85600165898173,117.03790584258053,115.26016461858715,115.28946685791016,76322100,242.5820787229824,246.9584252244647,241.23689159512853,241.98121643066406,5122200,87.41407824980085,87.83008859204216,86.51487388443644,86.61788177490234,20108000,33.39560282242771,35.03281015800216,33.129880143115706,33.58418273925781,23319600,51.365007946907404,52.348779367987966,51.16477187377598,51.1995964050293,11536700
2020-11-19,261.84514162652204,262.9801185916223,255.4874965604596,258.22802734375,2375000,129.7601986010996,129.90114976567574,128.25381159360813,129.61924743652344,7987700,114.85967663013399,116.29554592271136,114.09778862645973,115.88529968261719,74113000,242.51036735151766,244.26807101313608,240.967884890288,242.96771240234375,3929400,86.24914690819902,87.75494824854572,86.0894110233465,87.51011657714844,20106000,33.18131132317857,33.95277170881062,32.8984446950267,33.832767486572266,12504100,50.98195499330347,51.09512975367891,50.372538897768095,51.04289627075195,7220200
2020-11-20,259.26147849193893,259.89816942814144,255.31216430664062,255.31216430664062,1885500,129.53998438011575,130.32400685302105,128.7295352406284,128.93214416503906,6354900,115.88531221940879,116.01229108300883,114.56665918945185,114.61549377441406,73604300,243.43405374924993,244.25908656976262,241.12031644706116,241.9633026123047,4111000,87.68080204637623,87.99728973201321,86.33722711990116,86.40589904785156,27694000,33.695608965677124,34.227057473387454,33.54988726218968,33.9870491027832,12037800,50.80783190604805,51.138658331527786,50.067825515397345,50.32900619506836,7739900
2020-11-23,258.5601797064639,264.2719251560905,258.5509714831777,264.2257995605469,2431600,129.51756321277938,129.51756321277938,126.8830358837174,127.6192855834961,7318300,114.45920273719096,114.88898878015578,111.1088434668693,111.2065200805664,127959300,242.1427103488838,245.44289689141678,241.73016650513625,243.3892364501953,3294200,86.59698652310462,86.88411171935121,85.10213442110361,85.96699523925781,22530000,34.59564833845877,36.72144592877748,34.518502313130426,36.61001205444336,14643900,51.07771353580032,52.90596168102636,51.02548005691263,52.470664978027344,12647400
2020-11-24,267.21549484793195,273.20405099271426,263.2569438940668,269.1440124511719,3711400,127.73460587841501,128.4087558700848,127.38865852890414,127.6192855834961,11034800,111.26513373188881,113.16008391412161,109.97577558304761,112.4958724975586,113874200,245.72086961978476,247.1108854898152,244.43846435028516,245.10208129882812,4773400,85.96401265971706,87.90373648667953,85.6271223299394,87.77535247802734,27984000,37.78434079842872,38.88152564619462,37.52718523859842,38.06720733642578,15439200,53.22808420865489,55.42198015093067,52.79278747378392,55.36974334716797,22357700
2020-11-25,269.2639633473591,270.15901963509253,264.41959262873837,266.025146484375,2299600,127.78781874259862,127.88539432426877,126.72336646498925,127.45073699951172,7594600,112.86705623950492,114.0391905490455,112.49587466142678,113.33590698242188,76499200,245.25457037580364,246.38450915285603,243.21883598017632,245.6850128173828,3001700,87.96991913308844,88.0978019884147,87.00204288307494,87.78678894042969,19600000,37.71576737709099,38.09292387370907,37.16717492023961,37.39861297607422,15644800,54.84738957343716,55.51774695563857,54.19444445946767,55.26527404785156,11509700
2020-11-27,268.3319522381958,268.7010696263463,263.30305166123117,265.2038879394531,1248000,128.17811915609573,128.32004973372386,127.04270160556028,127.7345962524414,3059000,113.86334119752019,114.7619777737058,113.52146939704157,113.88287353515625,46691300,246.83286906137928,248.03456631595205,246.04368820932478,247.50546264648438,1625300,87.80719756064533,89.42297727421509,87.80719756064533,88.92584991455078,14790000,37.20146913715495,37.63862780423944,36.344292459062615,36.67001724243164,4694000,55.26526779518674,55.68315222232206,54.908324639443016,55.57868194580078,5581500
2020-11-30,265.7391123194334,268.42428130529265,258.8647361671924,264.43804931640625,3189000,127.93863110951865,128.4974743785125,126.90078899227781,128.33779907226562,15663200,114.25409056951283,118.16121511006692,114.09780201081131,116.28579711914062,169410200,246.8149551104327,249.09281315931875,243.85555413894076,248.7789306640625,4624100,88.36005672195728,88.59343800936252,86.97617007706756,87.3026123046875,32418000,35.94140384063551,36.035693760277454,33.89275293157211,33.90989685058594,20248600,55.35233105190755,55.569979406176984,53.61984869066068,53.828792572021484,15610700
2020-12-01,270.8787508916708,274.6619793328921,265.37924464387436,265.5268859863281,3051100,129.7659604691519,132.28518153347883,129.3845371652468,130.79493713378906,9738200,118.20026515774896,120.60314540681418,117.2234842051738,119.87055969238281,127728200,249.96267554463032,250.15997074637568,247.110858107056,248.05250549316406,3942400,87.91269649674737,90.65259560668585,87.73205682491009,89.34086608886719,37350000,35.05852224094077,35.10138041451341,33.61846537379064,33.66132354736328,12424900,54.95185356761481,55.54385733548999,54.64714721108356,55.091148376464844,15857200
2020-12-02,265.0286807724759,271.13719886025444,263.0078832811188,269.1809997558594,2518000,131.14976028876944,132.79966643766593,131.01669526379098,131.40699768066406,7745500,119.1868283254981,120.50548879201791,118.08306834880034,120.22222137451172,89004200,247.03368333626963,247.1599044382178,243.06629021270635,244.44586181640625,4168600,89.34086108236198,91.20097123321783,88.83378679699169,90.81431579589844,29424000,33.58417844583568,35.1185252987462,33.284167952749996,34.261348724365234,12460200,54.90832858936211,55.94433691964659,54.75162150278211,55.735389709472656,10790700
2020-12-03,269.1809428485556,273.4439849313622,267.39083012361033,270.0852355957031,1955800,131.3182603593122,132.6843185343267,131.00780243607826,132.16983032226562,7310500,120.65198415652675,120.90594929961036,119.37240344911088,120.08545684814453,78967600,244.0220178713785,245.19419257013652,240.87515889795327,241.77684020996094,4168900,90.5938761888373,91.75283265847874,90.41771644555975,90.6585693359375,24728000,34.32991950682125,36.12999218878432,33.96990693235002,35.315673828125,16215400,55.77021026611328,56.2577470796396,55.5612697129451,55.77021026611328,11757900
2020-12-04,271.6169603004002,275.88003062881535,270.47277496603533,272.0968017578125,1847700,132.87061016568006,133.33187786090363,132.4093560057039,133.29640197753906,6747100,119.7533479916129,120.00731313587139,118.69842273292154,119.4114761352539,78260400,241.1726966223151,242.3088238573671,236.97988411184937,238.0348358154297,7732800,90.57795250226489,91.03974159674597,90.24802504868616,90.75411224365234,20544000,36.250006420214866,38.01578847526402,36.09571433988845,37.94721603393555,12730500,56.16198453108574,56.75398833446133,55.961745117871594,56.58857345581055,10169700
2020-12-07,273.9607080421089,274.08990478515625,270.546596811986,274.08990478515625,1483400,132.480300742391,132.97704424386822,131.73517195492988,132.14321899414062,6634700,119.47009601504965,121.67762342572043,119.41149153275923,120.87666320800781,86712000,237.59299854941585,238.49467975833204,235.33879552712537,236.81756591796875,6379000,90.3455593451508,91.02929453535916,89.72303966576968,90.4192123413086,22288000,37.15860245582764,37.23574847678941,36.44714761350827,36.70429992675781,10586100,56.18809720500356,56.74527643349127,55.613505710494344,55.944332122802734,10402100
2020-12-08,274.9756944634262,280.18915417953326,274.7173291654863,278.1591491699219,2889100,133.0568695207935,134.955146984547,132.65770161928006,134.43179321289062,8339800,121.48226483759503,122.07810188882368,120.23197880317792,121.49202728271484,82225500,235.988037109375,236.69134744108615,233.29201875733725,235.988037109375,5338100,89.99573991211881,90.36646506277663,89.13784194345742,90.13556671142578,19936000,36.00140932863295,37.23574218560484,35.744257058830705,36.58428955078125,10575500,55.256569427083406,56.04880604269697,55.20433262252677,55.63962936401367,6386200
2020-12-09,280.05076120336724,282.04387708401237,270.78647113584276,272.5027770996094,2644900,135.56721076391474,136.161529823606,134.6180652643181,135.8067169189453,8440100,121.63854821088353,123.02557557317189,118.19051214801601,118.95240020751953,115089200,238.59387390385172,239.63982750653838,236.46591925906563,239.468505859375,4550100,90.08729974843936,90.98352007834363,87.680805678261,88.47003173828125,31728000,37.09860114317086,37.28718103614859,35.76140777803902,36.6014404296875,10773100,56.327390874471746,56.96292698521637,55.805036157779234,56.04010009765625,10145500
2020-12-10,268.7564248625793,271.63536019585337,266.31114894607055,268.4242248535156,2961000,135.55837233623333,135.70028940538228,134.5471269313448,135.05274963378906,7392900,117.7021162779425,120.99387109234236,117.36024440160968,120.37849426269531,81312200,238.11596324607095,239.91032757629375,236.33965015111667,238.77420043945312,4234300,87.71065884956633,88.32721036727966,86.26407601856937,87.96195983886719,28688000,36.52429576046019,37.90435062140089,36.387147634086105,37.71577072143555,14997800,55.36974551871244,56.196813332664675,55.13468819518787,56.10104751586914,8888000
2020-12-11,267.98962879840974,269.93172231254556,264.669586731905,267.70294189453125,2354500,134.41404167630878,136.08169202083283,134.147925243742,135.67364501953125,5977400,119.58728899235093,119.90962848626559,117.75094353544566,119.56775665283203,86939800,237.46680708262681,239.27016993416728,236.82662097512727,238.53981018066406,3454500,87.58127226905886,88.44265538378855,87.22000055360947,88.3177490234375,18628000,37.295756674003435,37.5614826274137,37.004316466023326,37.270042419433594,14242300,55.19562945158317,55.4742191070255,54.5862133349091,55.125980377197266,9034200
2020-12-14,273.74185789137584,274.065544786814,263.94819142989934,264.06842041015625,2933900,135.93979449922062,136.14381128184613,132.1609835509199,132.23194885253906,8547300,119.75336040497812,120.48594622407741,118.71797483203729,118.95240020751953,79184500,239.9734726995766,242.1916009771533,239.18898685971462,239.468505859375,4576800,88.1147258436405,89.06418124012458,87.04035649242475,87.19611358642578,33050000,37.78435155395236,37.93007002745825,36.224286908384684,36.275718688964844,17094500,55.93562757039729,55.97915989849858,53.85490981548909,53.87232208251953,10236600
2020-12-15,264.5031635935238,267.69372000778316,261.8212097953104,264.2534484863281,3018100,133.0568469670308,133.72213120186595,132.63993443038137,133.56246948242188,7612600,121.45294571554655,124.9302911359923,121.24782260023406,124.91075134277344,157243700,241.2087618092098,242.33586338019654,240.02756156418596,241.63255310058594,3754100,87.57430303202288,87.78031880201101,86.66913813726711,87.63501739501953,21352000,36.56714867796351,36.84144489126389,35.752830364160396,36.68715286254883,9853600,54.40338432342321,55.744095667367475,54.11608690047422,55.6744499206543,9718800
2020-12-16,265.77006690333224,268.9791365703641,265.0579500585273,267.092529296875,2611800,133.23429340725573,133.87296754734774,132.65771897798348,132.76416015625,8486100,124.45168548343347,125.38938700764821,123.62141557358976,124.84239196777344,98208600,242.12847905394597,244.13021264613405,241.20877403158423,243.08425903320312,4669600,88.03460918058066,88.03460918058066,87.03688443498345,87.44144439697266,24676000,36.73002130621225,36.80716734214763,36.112856288598906,36.275718688964844,9311000,55.50904099929154,56.04010689532606,55.36104169599478,55.9182243347168,8806400
2020-12-17,267.64741564426,271.7997748139225,264.69728987618845,270.2831115722656,6006900,133.13671909262573,136.50749630094842,133.02141232681302,136.2679901123047,9920300,125.9070612822762,126.571280093327,125.06702905048816,125.71170806884766,94359800,245.40160455426005,247.3582377143213,244.62614426843768,247.0336456298828,4247000,87.77684541122197,87.91518395961303,86.14564417431515,86.61141204833984,34880000,36.66144484286797,36.66144484286797,35.67569041081324,35.975704193115234,9294200,56.074927644577215,56.37092623117338,55.7789224158801,56.30127716064453,7197500
2020-12-18,262.181846282973,263.1251358871806,254.28401486293782,254.84815979003906,15457100,136.2946045426589,137.58083199589586,134.5382573548881,137.05746459960938,17137200,125.96570052204723,126.10244928345861,123.19163825002659,123.71910095214844,192541500,247.59270332264467,248.62963147528117,243.7244822400113,243.85975646972656,9817000,86.89307321652835,87.00204928080858,85.34198664274719,85.90031433105469,85256000,35.99284440660666,36.17285069550448,34.9128001334817,35.12709426879883,20819300,56.440578112069105,56.5276361335146,55.152096811531464,55.874691009521484,15499800
2020-12-21,251.23212974952435,252.93376485394904,248.31900428149964,251.49107360839844,4989500,134.83980823756565,136.08168030420413,133.1012062936118,135.73573303222656,7893400,122.11717324639278,125.3307840492253,120.58362717474307,125.25263977050781,121251600,242.15555471207338,245.212267867931,239.73905516289346,244.3466339111328,4339000,85.04988087959532,86.43675164906524,84.29698019019894,86.3153305053711,33974000,33.78134323318217,35.07567897991503,33.36989869243523,34.492801666259766,10998100,57.46788429344273,59.46154439625269,57.28506043800189,59.052364349365234,14787800
2020-12-22,252.00895529780044,252.78578685584003,248.10628337492028,252.7303009033203,3553600,135.18575863139213,136.51632717514696,134.7067599111474,135.46961975097656,4699500,128.5541513025178,131.28914115354644,126.63965393544905,128.81788635253906,168904800,243.5080902511569,244.68026512961868,242.11049501013443,243.4900665283203,3140100,86.05507600610828,86.21829712216855,84.88318089123128,85.60174560546875,20370000,34.458499033484905,34.52707145928133,33.32702621395617,33.45560073852539,9189600,59.4179902189421,59.4179902189421,57.97280221368755,58.016334533691406,9807000
2020-12-23,253.06328810311834,255.8376990944521,250.27036297593747,250.3535919189453,2350800,135.54061575002973,136.2502551745815,134.7422663216917,134.7777557373047,4607300,129.09140784350487,129.35512803805244,127.74344500893473,127.91927337646484,88223700,243.5080436104,244.35562621265552,241.83092964240214,243.28262329101562,2337100,85.78636235138065,86.7905564056755,85.65050674333652,86.00033569335938,22974000,33.781334128040406,34.895663200950146,33.71276169133363,34.35564422607422,6137600,58.329750187379325,60.04482002428149,58.3036334515239,59.3831672668457,8772500
2020-12-24,250.9547091395445,251.57434001348793,247.0982936589077,248.60572814941406,1649400,134.6979301407425,135.75350342984254,134.67131984561163,135.24789428710938,2114900,128.27089053594116,130.36120131987872,128.0559975194573,128.90579223632812,54930100,242.94904043023377,244.68025332155767,242.91296546916743,244.28353881835938,1093900,86.03864981343406,86.70596113529743,85.80725791931836,86.29542541503906,9312000,34.29564362615095,34.29564362615095,33.39560860609002,33.84991455078125,3530300,59.51377338089614,59.705305017460574,58.99141859887586,59.278709411621094,3126700
2020-12-28,249.54901682190714,249.78947480536547,242.12284454333428,243.16787719726562,3633100,136.00188646257388,136.48975088862338,135.09709583755634,135.88656616210938,3855500,130.8788989655675,134.1511065581324,130.41003332778524,133.51620483398438,124486200,245.41064710495,245.48276951186836,242.7686995999367,242.77772521972656,2633800,86.83036709367283,88.92485327877053,86.67660697371885,88.27595520019531,27650000,33.90991000006263,34.689940633394436,33.51560624957916,33.687042236328125,6178200,59.68788674659935,59.93165185778645,59.1742397826124,59.24388885498047,7417100
2020-12-29,244.10197246880293,245.4891781584015,240.14381336339258,241.8916778564453,2676600,136.7026377539476,137.43000831937226,136.42765570353419,136.729248046875,5212000,134.8446360549227,135.5674445419394,131.22077155630924,131.73846435546875,121047300,243.43593462236686,243.8687240484572,239.00867600378206,240.0185546875,2572100,88.93630235401565,88.99800382149073,87.33794125305134,87.46981048583984,19726000,33.73847690554559,34.235637712880305,33.23274249971025,33.48989486694336,7003100,59.470238364404416,59.62694545614874,58.59964488629174,58.94788360595703,4701300
2020-12-30,242.48357711970613,242.92746489846868,238.9323055529658,240.43051147460938,2694100,137.26147979180604,138.71623444535135,137.13729391413435,138.4235076904297,5412800,132.43195588802078,132.83243963312395,130.30256578086988,130.61514282226562,96452100,239.9464150819136,241.01941810875203,238.8734395722067,239.1800079345703,2511400,87.83008941804188,87.96743327328805,85.9888935947524,86.39942932128906,21026000,33.42131051113381,34.3213451104561,33.26701849183644,34.29562759399414,6268900,59.05234926374226,59.365763405033164,58.82599313012099,59.06105041503906,5283200
2020-12-31,240.07903300810835,240.87435059959537,238.146196767761,240.09751892089844,2607800,138.84930749762614,139.85167379591428,137.58970381818094,139.60330200195312,5099900,130.9668102005262,131.6114892963398,128.66160623432629,129.6090850830078,99116600,239.45950457948638,239.80214786926487,237.66514011729836,239.50457763671875,2607900,86.45018987451368,87.45687447969729,86.39146489743216,87.21503448486328,21070000,34.209908665606804,34.535636600529315,33.95275640955991,34.27848434448242,7612500,59.026240348833326,59.844593699910675,58.68670942445102,59.66176986694336,5297400
2021-01-04,240.81887340488018,240.91135941773246,232.03323841651758,234.1510467529297,3797100,139.4790964238628,139.60328230332024,136.72038324747365,138.8226776123047,11765900,130.419782261114,130.50768895985888,123.81674167932394,126.40521240234375,143301900,239.85628209620862,240.24399850068664,235.39294808349436,237.97177124023438,5002000,87.58128228878026,87.705186375187,84.9508603421397,85.89584350585938,37324000,34.71565446882582,34.84423227480628,33.58418154772772,33.918479919433594,8597600,60.31471681045707,60.88060391568991,58.95659307157929,59.48765563964844,14014600
2021-01-05,232.58815160238382,235.6122639262947,231.24718893828543,234.14181518554688,3271100,138.60092649877566,140.82740690936316,137.55421879877534,140.45484924316406,9602300,125.89728506126842,128.6811164875992,125.44795930550707,127.96805572509766,97664900,236.83563317434425,240.32513569159767,236.4749661279004,239.89231872558594,3822600,85.84408949685165,86.92591538334669,85.4365378377414,86.58853149414062,20360000,34.49279533522717,36.747167929920664,34.28707146767833,35.86427688598633,12393600,59.33965897284135,61.01119697830408,59.27000989542167,60.49754333496094,11120400
2021-01-06,231.6263119355437,239.50564242506067,231.55232595543288,234.49319458007812,3605300,139.47908960884902,142.13134794808002,139.01782199258253,141.7765350341797,8230100,124.75445872522663,128.007140936444,123.4455684337253,123.66046142578125,155088000,238.09799828313305,243.24659158858523,236.12331373282248,241.26290893554688,3949200,84.60849276055802,86.78359483694405,84.40148228115612,85.7341079711914,46588000,36.45571705092241,37.672909433082125,35.93283884047929,37.29574966430664,11035300,62.16908052746741,65.19003417464283,61.429070792299996,64.14532470703125,18334300
2021-01-07,234.9833964225681,236.94397598184173,226.99309207792695,227.52947998046875,5657300,141.0402753261463,142.84097712956623,140.4637009983446,142.25552368164062,7747200,125.37961563692647,128.5736938299987,124.89122511401924,127.88017272949219,109578200,240.7039038117167,242.35396896146372,240.00059329454197,240.0817413330078,3833200,85.92718285176521,88.4680365310176,85.92718285176521,88.29486846923828,41936000,37.75862226423207,38.56437022625821,37.372892204737504,38.31578826904297,9648200,65.1203888788912,66.60910279359994,65.1203888788912,65.24227142333984,13530400
2021-01-08,227.98262383960116,228.7594556009551,224.19092282938706,226.53993225097656,4583900,142.37971166697628,142.90307895805077,141.8208820358543,141.96279907226562,8228900,129.3551144383391,129.5504825827211,127.20619899060827,128.98394775390625,105158200,241.0645213219522,244.11220877487702,240.74892733699792,242.63343811035156,3757700,88.43520016542561,89.53991920335396,87.64198775015869,89.46378326416016,35484000,38.57294055208312,38.984384858921096,37.878626444992896,38.31578826904297,9448700,64.83309938368137,65.59051148212852,64.29332901939496,65.51216125488281,12896700
2021-01-11,224.72730731727708,227.9271344452897,224.46836340071943,226.8636016845703,3413200,142.42410190778793,143.09826552236314,140.8362955420996,141.36851501464844,7066200,126.1903218841104,127.14756295513907,125.51634070494472,125.98519134521484,100384500,241.1727335872271,246.49264852972178,240.98338819140693,244.5630645751953,3764400,88.42821928421255,88.79447206113275,87.19014290740792,87.39665222167969,34796000,37.80149384143244,39.181548949430265,37.12432668553556,38.88153839111328,10839600,64.63285123293541,66.60039414861733,64.13661326770816,66.21733093261719,9077500
2021-01-12,227.57568418751399,230.84948290385165,224.72728724836614,230.31309509277344,4376400,141.17334700245058,141.6257490657774,139.5589305321507,140.26856994628906,6903200,125.51636516935064,126.67873700583286,123.91444484041192,125.80940246582031,91951100,244.4548578300695,250.61335787391556,244.04009204559148,249.16163635253906,4030900,86.85275814625061,87.97439454842011,85.4106552853316,86.45814514160156,29528000,39.447270607143274,40.86161014575075,39.19011826102096,40.647315979003906,13013700,66.65264366590992,67.18370629148842,65.74722552790891,65.99099731445312,11831100
2021-01-13,231.66334941368427,234.77993367059213,229.53629787423552,233.25401306152344,3012800,140.35727168466926,140.56130199099692,139.04444751711986,140.05567932128906,6643100,125.77031986493918,128.39786321634224,125.5065997184792,127.85086822509766,88636800,250.94689896476774,252.90355932615918,247.00655642310787,247.10572814941406,3921400,85.95505131902136,87.40164172592644,85.95505131902136,86.94681549072266,23432000,40.58731123816447,40.69017478582902,39.94442877967272,40.31301498413086,11839900,65.99969183442175,66.53946220150667,65.30322101203298,65.78204345703125,9852200
2021-01-14,235.1406153352529,238.91381663254688,234.34528348173424,236.9994659423828,2867100,142.32651503199415,143.65708391082595,141.5813997083075,142.50392150878906,10030800,127.76296279527958,127.95831602204765,125.77032113055597,125.9168472290039,90221800,247.51152896093637,247.8721959951582,241.35305748813445,241.95716857910156,4641400,87.02742201402309,87.95698355407666,85.89284698308188,86.13419342041016,29212000,40.64731656275429,41.39306262804926,40.09015368313258,41.03304672241211,12857900,66.03451704198817,66.89640276541274,65.92134227575308,66.57428741455078,9854300
2021-01-15,236.52780488248408,236.52780488248408,232.10724403289498,233.5684356689453,2805100,142.19345092773438,143.1780723520198,141.13786421198523,142.19345092773438,7630800,125.7898473803004,127.1964143087734,124.05117851163078,124.18792724609375,111598500,242.21867477413562,249.2157311248735,241.6506110990348,248.49436950683594,5131700,86.03965259011923,86.96522784661244,85.17827693487668,85.96998596191406,31444000,40.52730931046906,40.52730931046906,38.17007361924074,38.67580795288086,30004600,65.35544919581191,65.79074591528371,64.55450482608799,65.50344848632812,12882600
2021-01-19,234.83540809075527,237.11967446880809,230.18364638436884,230.7570343017578,2357600,143.70146148041565,144.62398342576813,142.90312544184616,144.3933563232422,9057600,124.81307355803929,125.7214876279719,123.99258110451602,124.8619155883789,90757300,250.66740721791712,250.66740721791712,246.17702433353003,246.330322265625,3615800,86.73532241988458,89.76284772453106,86.22924282649801,88.79895782470703,41660000,38.701527340271205,39.55870399657958,38.452945325173104,39.43012619018555,14498800,66.61779617157323,66.68744522944517,65.02461548587591,65.2857894897461,14897700
2021-01-20,232.30146220643866,233.37423797081522,228.99990596039675,233.01356506347656,2157300,144.76589909694192,145.59972447150153,143.52404015733015,144.0385284423828,6839900,125.67263899637693,129.41371177555757,125.56519249707169,128.96438598632812,104319500,246.38442237220056,249.95507271898288,244.8064800514271,247.3311767578125,3498400,90.88397660113064,94.53402890494993,90.54261398019355,93.55620574951172,64152000,39.747285480735044,39.85014904633216,38.83010660831472,38.88153839111328,21178000,66.60910855184007,67.69735039427981,64.68509777145874,65.15521240234375,16133000
2021-01-21,234.6874505838831,237.9335066523865,233.39271687259526,234.84466552734375,1948800,143.0982507898262,144.12721374491713,141.98056429557343,143.46192932128906,6818000,130.69330654954064,136.42700650318062,130.48817597250854,133.6920166015625,120150900,249.06240507775843,253.101947131551,248.56649137898629,251.61415100097656,4397900,94.23199279746329,96.1443436463812,93.52337498466534,93.75924682617188,58634000,38.9243908473355,39.17297285614418,36.60144295228179,37.02145767211914,16897000,65.29449821562038,66.06932572974442,64.19754878581,65.03331756591797,13591300
2021-01-22,233.05051260894962,236.23183932460742,231.21014832213808,234.97410583496094,1690700,144.02076822782013,146.50449937489117,143.5861108781278,145.07635498046875,8137000,133.11572996769436,136.60284572356557,131.88499112094416,135.84095764160156,114459400,251.8035236589453,257.05128780804563,250.55017346853364,256.0774841308594,4501900,94.12299577520295,94.76641920003334,93.37855385519987,94.177734375,32744000,36.052853645943195,36.8414546506161,35.78712768834968,36.592872619628906,9535400,63.16155395991471,65.03332446017791,63.03967141502596,64.5370864868164,15460000
2021-01-25,233.4667037551412,235.62149818499142,229.6195167702227,234.41925048828125,2009700,146.3714217956272,147.32943287868804,145.17391809323468,147.2318572998047,9924400,139.74808861764467,141.72117584234562,133.3696938895246,139.6015625,157611700,255.9422800158418,257.67349295595227,253.75120073985812,257.05133056640625,4025900,95.181933158644,95.63377526738347,92.51567974733115,94.26332092285156,50586000,36.11285836020746,36.54144674668555,35.349971555455646,36.49858856201172,10739700,64.00601415496685,64.44131078906295,62.61306625427923,63.0135383605957,15933100
2021-01-26,235.08511183682523,235.6769856759175,230.59056502042947,230.895751953125,1836100,150.53167710146778,154.03550548012078,150.25669505531778,151.22357177734375,14205700,140.26575403148016,140.94949773337214,138.08752172506703,139.83596801757812,98390600,257.3579184516201,257.56528756358676,254.00366252786708,254.81517028808594,2472200,93.85080553412007,95.33172432985599,93.36015508295559,94.9435806274414,31462000,36.91859040455658,37.45861249773005,35.66711353962521,35.727115631103516,7616300,63.326971640466624,63.83191748299205,61.93402331807021,61.994964599609375,10899700
2021-01-27,227.14103676900018,227.871625481214,222.5170182802468,224.57008361816406,2698500,150.01721044716848,151.61389590375202,148.5358452982193,148.9172821044922,14207300,140.09972112639457,140.949530910091,137.1498526175353,138.76153564453125,140843800,252.46171681525502,253.20110202220494,246.23109626244334,247.10572814941406,4337000,93.29944372261227,93.576120836045,89.4364122301707,90.5142593383789,82512000,35.12709338835501,36.07855984849403,34.467067075737226,34.8442268371582,8841600,60.70648382127199,61.16789728422546,59.06976389429638,59.566001892089844,17002600
2021-01-28,227.51096551818296,227.76990943934132,224.3758813693008,224.53309631347656,2179000,149.2011034017885,151.5606485185559,148.84629048982504,150.05267333984375,8944400,136.28047622181393,138.6931262527624,133.52594691185897,133.90689086914062,142621100,249.0173560354451,255.1397527247958,247.8992524251078,250.71249389648438,3463000,91.11439711710392,93.95033381128779,91.11439711710392,92.2191162109375,55278000,35.238529205322266,35.69283173963883,34.61279070356974,35.238529205322266,10283300,60.76485423323538,61.928692092589166,60.073548231098535,60.65984344482422,14986200
2021-01-29,224.69030894561922,225.07872479896605,217.13465044035166,217.64329528808594,3241300,145.70613364639485,147.24959816247258,142.41520141177762,144.7037811279297,22505900,132.67619570373378,133.56507019639048,127.18668998356583,128.89605712890625,177523800,248.69270960235804,249.81981119314395,243.48099294724918,244.19332885742188,4079500,91.26465847682226,91.9374443781488,89.64938764556791,90.93324279785156,44530000,34.80993860367438,35.53853732942348,34.26991648666534,34.312774658203125,11660400,60.38856736346124,61.30738662634925,58.49841343480148,58.673431396484375,17566100
2021-02-01,219.52994058295184,221.7217211733807,217.62484692579076,221.2500762939453,2731200,146.63753340451828,146.63753340451828,144.23364695851478,144.3312225341797,9971400,130.64447709526527,132.23663511827664,127.88994713431293,131.02542114257812,106239800,244.56308948928046,245.8434618428667,240.9743871201066,243.5171356201172,3707800,91.79065524466398,95.32127620814629,91.79065524466398,94.203125,40252000,34.655651986374366,35.127098486707474,34.029913428496684,34.895660400390625,9229400,59.399736760767766,59.60975832370126,58.86594363842102,59.215972900390625,11961600
2021-02-02,227.86240933884474,228.04736727788355,222.7205024320805,224.26492309570312,2859600,144.92554466558056,145.17391640252845,142.97403311064076,143.0361328125,11443300,132.57847548555233,133.14501023071227,131.4844855801371,131.8556671142578,83305400,243.45393080327634,248.58449917601925,243.44490518554363,245.4015655517578,4111800,95.20134574308125,97.00472029972896,94.864948984388,95.49942016601562,66332000,35.61568331927027,36.25856570145879,35.05852054996155,35.11852264404297,8834000,60.48482802634623,62.453735110424844,60.397315703829335,62.08620071411133,13893900
2021-02-03,224.3573633577168,225.2821669756606,221.35175159939948,223.14585876464844,2160500,142.76115192347598,143.2756401070414,141.54590351977083,142.370849609375,8601900,132.6077812510319,132.61755859976557,130.50770809360628,130.83004760742188,89880900,245.15812660488874,248.6115536613866,244.0941218241013,247.21395874023438,2802700,102.78907880627591,104.8298211991322,100.19845982100969,102.45417785644531,97882000,35.35852824985994,37.398609098384775,35.152804464936736,37.03859329223633,11133600,62.01620271310081,62.41873404321103,61.52615905693143,61.779930114746094,8014300
2021-02-04,223.22912746242216,229.51778149785682,222.7574685317951,229.46229553222656,2898900,142.81437046499883,143.78124711596158,141.71442882599655,143.6925506591797,7758100,133.13523310274124,134.209683097199,131.46493128791656,134.19992065429688,84183100,247.28612397270516,251.96585264050543,247.28612397270516,251.4068145751953,2976000,102.54074881256791,102.97268183984004,101.27081939452783,102.19291687011719,48596000,37.38146609334624,37.73290831255765,36.50714570826375,37.724334716796875,11372300,62.06870497180818,63.2850515339946,61.928690590655684,63.2588005065918,8889400
2021-02-05,232.1257100219688,236.19484032999176,230.27610277079773,235.83416748046875,2816600,146.23837159304148,146.75285978290196,145.3513257902292,145.8746795654297,9495300,134.36135298845358,134.42982206884446,132.9037691142245,133.7841796875,75693800,252.73228111838839,254.05775384459716,250.4961013950112,251.44285583496094,2389900,102.48800461768037,104.29834965416165,102.01228220670131,103.94454193115234,29866000,38.47866067689961,38.504374930964666,37.79291998625193,38.07578659057617,9543400,63.96759817301723,64.51014382811142,63.486313810375435,64.0726089477539,8832200
2021-02-08,237.4525967179029,239.87557779089897,236.35207810493628,238.09071350097656,2135400,146.38915577192697,147.17862593039436,145.36905859629553,146.2915802001953,6035300,133.0700669616327,133.97983847702403,131.98421930396577,133.93092346191406,71297200,252.19128012809338,252.8495174749511,249.66658314326014,252.4978485107422,3475600,104.5003912566402,105.24682262275905,102.67661395971716,103.73007202148438,28828000,38.78724508068762,40.484454528297995,38.65866726970989,40.098724365234375,12181600,64.44014905670495,65.00894584597557,64.23013414303328,64.9564437866211,9018100
2021-02-09,237.92422916624744,240.91135516981637,234.90013133640446,239.64437866210938,1758100,146.54000522748368,147.77299869956647,146.33598842519262,147.48915100097656,5544200,133.64726464501388,134.8798577105995,132.89402991245743,133.050537109375,76774200,252.16420662916317,252.6511222571402,249.42308765312862,249.55833435058594,2507800,103.24637908993188,104.4262393016287,103.00752319120647,103.27574157714844,21892000,39.61870793887649,40.66446128457486,39.31012380511089,40.184444427490234,8990300,64.6676665133427,65.35021996258344,64.20388053764083,64.9651870727539,7429900
2021-02-10,242.03963324664184,242.15060517855377,236.98095571667653,238.09996032714844,1969600,148.92612022814325,148.9704752256114,146.98348774214358,147.96810913085938,5921300,133.51027896407933,134.00919124583916,131.4755366325783,132.44400024414062,73046600,250.69452918770116,251.50603710821898,249.08953707213905,251.28964233398438,2410600,103.66140099776602,104.44465886939685,102.12375419248004,103.82760620117188,25102000,40.45015896020535,41.14447312127976,39.781562318342615,40.501590728759766,10853200,65.28020358373298,65.507723593552,64.36138432990096,65.04393768310547,7465900
2021-02-11,238.59937850249227,238.67335038788423,232.64363982003465,235.23309326171875,1741700,148.1366665049452,148.47374828096582,146.89480764894242,147.30284118652344,4871300,132.94287062653802,133.42221381866224,130.8592286269798,132.18963623046875,64280000,250.60428256409807,252.69618982977963,248.87306983997755,249.81982421875,2595300,104.05252712037256,104.2018073071374,102.95079226487827,103.94055938720703,20480000,40.224782398375154,40.24208377603992,39.10886828825059,40.17287826538086,8939100,65.04394790241714,65.42897412231247,63.687586873713364,64.5101547241211,6972900
2021-02-12,235.90820234966688,243.3436329425472,234.9094125336955,243.22340393066406,2674000,145.8303321323329,148.0036052901446,145.47551920690205,147.76409912109375,4413100,131.42662856832374,132.58094529380088,130.78098619978562,132.42442321777344,60145100,249.87393226022778,251.30760231012832,249.387016624578,250.22560119628906,2392200,103.49370466476765,104.47550669373334,103.18517454270486,104.2530746459961,18990000,39.88741443905907,40.84761946587839,39.74900671536712,40.79571533203125,8805400,64.65016693208872,65.64774616304682,64.65016693208872,65.28897094726562,7281200
2021-02-16,244.14816323985434,245.49836866448769,241.47546714836838,242.14132690429688,1747600,147.76411713955278,148.18102982215765,146.04324581735347,146.4246826171875,5656100,132.5418109985024,133.05048531230534,129.90054970151292,130.29185485839844,80576300,249.77477587610986,251.23549535573537,247.85419007247899,248.31405639648438,2873500,104.0898583949124,106.74665875822036,104.0898583949124,105.03285217285156,31004000,41.52234678621311,42.58635652662187,41.36663772177284,42.25763702392578,11066700,66.72407593539583,66.8728362073117,65.87525711431226,66.54906463623047,8550600
2021-02-17,240.32875243161402,240.89289741005965,236.20413549855397,239.60740661621094,1433600,146.33597991670794,147.32946710688074,145.79488131450714,146.9480438232422,6676700,128.39408609658847,129.34298072702467,126.65281892309615,127.99300384521484,97918500,248.44924374530166,254.08475120430276,248.32299516999942,253.30029296875,3536400,104.20082360362122,105.61705688193443,103.92066885530663,105.42696380615234,20294000,42.55175816414956,42.80262316047833,41.74726234826763,42.69881820678711,9055700,65.63022340526436,66.41778742137784,65.37645240694714,66.02400207519531,7807200
2021-02-18,236.29657622179408,239.05248715565864,233.97532413361023,236.40756225585938,1681200,146.3270872633815,147.39153956099688,145.74163376235714,147.01898193359375,5189100,126.38868386598486,127.17127933958186,124.63763974131737,126.8875961303711,96856700,253.19213353854846,256.6906618758915,252.3175014542127,255.22091674804688,3532000,104.74919324370269,105.59465365398893,104.16846598238119,104.78949737548828,22546000,42.38740007616597,42.49985736768697,41.202283895967604,41.25418472290039,8382200,65.76150556572593,66.11153486760594,64.9039341099326,65.48148345947266,7155800
2021-02-19,238.62711917433302,239.8756099268569,234.69670309368817,235.49203491210938,1594800,146.89480925233298,147.21414632382596,144.50865357023912,144.57073974609375,8190900,127.40607236333011,127.86584668005416,125.99740338670905,127.04411315917969,87668800,255.05866944627897,255.9964260138168,251.96590816655112,252.14625549316406,4079900,104.88803968550147,105.42497002735199,103.67583285853799,103.94355010986328,37938000,41.21958114860889,42.01542454770757,41.098471531446364,41.88566589355469,8502500,66.02399623749233,66.82031274900164,66.00649778368212,66.50528717041016,7685300
2021-02-22,234.1972824212786,238.04445489730332,234.06781047417272,235.51974487304688,1822000,144.48147583007812,145.0795009562455,143.07120213358644,144.48147583007812,6447100,125.2245820305238,126.89738013381545,122.86702591113955,123.2583236694336,103916400,250.85674492736558,251.10921458882774,246.72705671120707,248.72879028320312,3995500,102.19144118250688,103.52158408084826,101.91277465834786,102.22428131103516,29466000,42.5344584410879,44.70573331451193,42.22304356791523,44.013694763183594,12331000,66.24277750249705,68.24668803411187,66.13777340514322,67.73040008544922,11193700
2021-02-23,234.43774012082866,236.03764658545566,226.92833852293674,235.48277282714844,1753600,144.13338307078746,145.65969629387735,143.16939792246478,143.20510864257812,7042800,121.067072044615,123.95287914625916,115.81391675875304,123.12137603759766,158273000,242.89492808252794,243.15642338056523,232.255071571427,240.96531677246094,12111000,100.22035579955467,103.13193474366207,99.03800498105964,102.51587677001953,34658000,44.98255006588956,45.415074585753885,42.95833518092852,45.069053649902344,10796500,67.60789435887635,68.1329349016185,66.73282456222186,67.81790924072266,12174600
2021-02-24,235.23306220771067,241.6419589826007,234.90937527846157,240.5044403076172,1690200,144.95455363516015,146.73078743340142,143.63354299396448,145.1241455078125,10286100,122.22139224547901,122.82789668702961,119.57036091351185,122.62246704101562,111039900,237.34958514050143,240.73988821163255,229.05410594174157,234.41009521484375,14512700,101.01903323255493,103.91916932842446,100.89413445514002,103.69474029541016,22608000,44.98255663852243,47.48254820064082,44.51542929683853,47.292236328125,12286600,67.97543024619729,70.09309780648059,67.94917921734103,69.90058135986328,12681500
2021-02-25,240.51369907448046,243.1956240934902,234.23427420465845,235.1035919189453,1629400,145.6061417742066,146.1149037616089,144.58860417975302,145.27587890625,9719700,121.96704845427313,123.70831567300634,117.91713263038818,118.35733795166016,148199500,234.21169447641998,235.24862236528676,229.66722722831625,230.1541290283203,6545400,102.30736748486517,103.6544275286867,99.84712981083716,100.31787872314453,41548000,47.551739788259745,48.018863693205475,44.99984483575186,45.87354278564453,12864500,70.44310780072757,71.23067183188667,68.3516918423589,68.6317138671875,11674600
2021-02-26,235.76022294235793,238.09997539749378,231.663348934271,235.36256408691406,1738900,144.59749163082515,144.96345151416136,141.00040697180282,141.43777465820312,14417500,119.92249889039729,122.13332450236139,118.56274519725483,118.62144470214844,164560400,232.4264341025088,234.6535885441627,230.92963948627934,232.94039916992188,7871200,101.01455909179214,102.33673675959744,99.57444550557948,100.61447143554688,40042000,45.5015747052867,45.72648928643532,43.996391338707305,44.99119567871094,13234100,68.29044686812165,68.99925125804381,66.79407833592342,67.26661682128906,30392200
2021-03-01,239.2559341830418,245.35038658983498,238.87676131598428,242.38177490234375,2013500,144.10659409697098,144.17800191123382,142.0001112449858,142.20541381835938,10551400,121.05728331048017,125.14632962305842,120.1181731597989,125.0093765258789,116307900,233.36410522069355,236.67328727621776,233.05753691993772,235.8978271484375,4528900,101.91276117076119,103.31754399033952,101.23699114256333,102.99060821533203,26060000,46.25417372855322,46.67804591482577,45.129607324384644,45.510231018066406,7182500,68.29919513632956,69.60304716542974,68.2904425696739,69.27052307128906,11450000
2021-03-02,242.97368055601882,243.82448413529067,239.9680686015925,240.07904052734375,1400500,142.6160064640178,143.5085838050717,141.5627717390059,141.93765258789062,7610900,125.61588108930245,125.91913329199494,122.28986150205843,122.39746856689453,102260900,235.95197698446884,237.24137475414068,234.22976224610076,234.6986541748047,3740300,102.7507535970496,104.23864286356981,102.34420423517186,102.73284149169922,25564000,45.42372667409636,46.09846721432118,45.19016632159978,45.22476577758789,7741100,69.83932042077868,71.36194671934214,69.65555655914231,70.69689178466797,11955500
2021-03-03,239.5056915152504,242.94596268293182,236.25037828006447,239.31146240234375,1565000,141.25036166611676,141.83053147944494,139.29561514543232,139.4384307861328,8499600,122.09420675176463,122.97462478338886,119.18883097909638,119.40404510498047,112966300,233.78792660670655,234.88797889453696,230.83943865880357,232.0566864013672,4257500,102.1093124128224,103.30558878744931,99.22559294885866,100.09195709228516,33892000,45.55348424846793,47.37008598963529,45.45832832204386,46.41853332519531,8007500,71.02067758508299,72.57830096731682,71.02067758508299,71.80823516845703,13053000
2021-03-04,237.26761333116212,238.9969915764775,228.5097219636029,231.4783477783203,2371600,139.23312436482172,139.33130840304176,135.1986715483901,136.62680053710938,11033200,119.10078939752296,120.91053295934665,116.03889910024034,117.51603698730469,178155000,230.8304580835403,231.60589094543994,222.8054984426567,226.25892639160156,7154900,100.26414756335588,103.23593980274953,99.79439328636663,101.21261596679688,49216000,46.67804388826668,49.2991446381501,46.43583122091247,48.1140251159668,15181000,71.87823429623487,73.05083132367707,69.83932001856674,70.97691345214844,15809900
2021-03-05,233.8334864846218,239.41528991076305,227.67680226833136,238.56227111816406,1932900,137.43904105672067,139.8579313953737,136.68035856647745,139.33131408691406,8331600,118.34754858051326,119.28665864113772,115.01174462231236,118.77796936035156,153766600,227.4581110812424,229.2073749376773,222.34557995690096,228.59423828125,6351800,102.56713188273565,104.80890881591917,100.90656818815047,104.35458374023438,53100000,50.17284789512603,51.46177250852599,49.40295472265041,50.46696472167969,18699600,72.11450743973128,72.24576257240045,68.58797043903746,70.76689910888672,16362500
2021-03-08,241.0750045926928,242.31746468235116,232.7393676097972,233.04534912109375,2242400,140.13464321091467,142.21435005980402,139.22421050521453,140.49166870117188,6546700,118.29863063273507,118.36710717306019,113.68133401828926,113.82807159423828,154376600,229.23447204828094,237.34961888754708,227.6926044677457,233.5625457763672,5037400,103.70718858970949,105.18412104446631,99.78244807245036,99.89739990234375,36868000,50.83893473192438,51.85104056966773,49.9046801433302,50.84758377075195,11283400,71.69447210456491,72.59579296963233,70.69689302320357,70.9681625366211,10151900
2021-03-09,234.7607023765674,243.0314138303495,233.88912122702618,239.14642333984375,2352000,140.0364445365864,143.48179327446363,140.0364445365864,140.75942993164062,7461300,116.43997360787498,119.40404133459487,116.20519796131644,118.45514678955078,129525800,236.89873791593925,241.26287210700326,236.05115529235147,238.9094696044922,6625300,101.99984883286976,102.70497377307522,101.29571099468689,101.53257751464844,33920000,50.71782341247488,51.55691869223121,49.69706533616097,50.08633804321289,10193200,70.18059296205035,72.04449584703819,69.5067921759473,70.7493896484375,11588700
2021-03-10,240.26839691837415,242.75331773738213,239.27627350681774,241.46450805664062,1600600,141.7591266512867,142.72309810462477,140.4559578619772,142.0536651611328,6635600,119.04209897356596,119.51165027406911,116.8508346932734,117.36930847167969,111943300,241.27765281140336,243.84538928539988,239.60813815143175,241.56797790527344,3798400,102.57957360663178,102.57957360663178,100.4860820835291,101.3250732421875,27100000,50.0517364361375,51.70397991949879,49.636513305753,51.40121078491211,12002400,71.52820601526929,72.99832359631698,71.24818393679605,72.70954895019531,10775800
2021-03-11,244.35732628487338,250.49546187872997,243.21684595484814,248.94700622558594,3794400,142.4017795081297,143.37469913696094,141.84838592853043,142.0447540283203,6305600,119.87361767091576,120.52903715634345,118.62147075446155,119.30623626708984,103026500,243.70924805611105,245.6872240937502,242.43898948558868,243.9360809326172,4371300,102.42133087333761,105.06120607468662,102.3332510030716,104.52725982666016,27702000,51.47907872975144,52.88910991243962,51.38392608543589,51.755897521972656,9328100,72.23701738602239,73.33960056872115,72.18450865618935,72.84956359863281,8951500
2021-03-12,247.80652795706058,251.45046196999456,245.95210515602594,250.53253173828125,2137300,142.16969103282057,143.08904443148379,142.08936235596187,142.455322265625,5474800,117.78018017041316,118.5334222152771,116.56716380866244,118.39646911621094,88105100,242.66586375884174,248.4364798305875,242.03980269771924,247.7922821044922,4190500,103.3265033264315,103.3862154039543,101.13746797988055,102.01228332519531,33818000,52.11056333000161,52.30952424264484,51.020599530424796,51.2022590637207,6758400,73.98715340451146,74.45093932494527,73.322098494855,73.80338287353516,8691300
2021-03-15,251.2743152069656,252.98966213238847,244.58912824931681,247.45420837402344,3211500,142.58920028326065,143.4014487617271,141.4734788412946,143.18722534179688,5524100,118.76819807777808,121.30183771867131,117.79973448364598,121.29205322265625,92403800,249.0625220289379,253.7352741902932,248.91734565145583,252.7281494140625,4355200,101.76247403982627,102.26058846481216,100.90706667315186,102.23322296142578,26168000,50.07768515762027,50.66591873075394,49.281841676262964,50.311248779296875,9825200,74.29342758295131,74.45094041448418,72.60454259672497,73.38335418701172,9018400
2021-03-16,247.56549566376555,247.59331087974286,241.35316666381436,241.8167724609375,2131100,143.22295181935627,144.31188353649802,143.02658373438447,144.03518676757812,6369100,122.96483796118252,124.45176782276737,122.00616637196116,122.8376693725586,115227900,252.7281599605879,256.3393221264857,251.92062151893776,255.94009399414062,4458900,102.80797719904601,105.18112981321325,102.47457211575943,103.69872283935547,31900000,49.377005456901394,49.653820911888744,48.41680040370754,48.944480895996094,9399900,73.07708264988574,73.24334137608935,71.61571097428711,72.22826385498047,9472000
2021-03-17,240.1477903626947,246.80516247045225,238.376812914663,246.4899139404297,1861400,143.55321676847194,144.35653093524064,142.39286349007864,143.49966430664062,6001400,121.35074580559845,123.12135885064626,119.6779478615808,122.04529571533203,111932600,255.08724596357754,257.5733259466345,253.37237576943735,254.08009338378906,5908400,102.93139470774005,104.45062828158466,101.7196889799892,103.6156234741211,26382000,48.71955546710215,49.4202462882725,48.027516983174515,49.16073226928711,9461700,73.15583416896362,73.62837266356223,72.14950256062879,73.38335418701172,8049300
2021-03-18,248.32579288594334,249.67023259491418,243.76389981582412,244.3295135498047,4536100,142.999822610472,144.14232052390122,142.77667827394833,143.2318878173828,4801800,120.20622052927806,120.49969573928057,117.70192660055912,117.90735626220703,121229700,253.17272957328518,259.015947161653,252.0204284353215,256.9200134277344,4808100,101.92170738689737,102.94531691253769,100.47860990910638,100.58609771728516,31700000,48.797408620240006,48.94446865010169,45.942747892480554,46.17631149291992,12297200,74.14465975659702,75.8160394376,73.26959004316559,73.45335388183594,10227400
2021-03-19,258.7383459050625,262.335930887676,255.2520500662009,259.2297668457031,12938800,143.4282210253123,144.15120632059418,142.3392758384581,142.84803771972656,14891500,117.29107415352108,118.78778139283311,117.07585998202012,117.37911224365234,185549500,257.3556074268471,262.30963134765625,256.2577160021877,262.30963134765625,13729200,101.00361343504876,101.36736812748497,99.66998543614636,100.86576843261719,46072000,46.098457519165756,46.81644640339743,45.2853094263037,45.50157165527344,26925500,72.289510605379,73.16458033145669,71.23067703797524,72.57828521728516,11557600
2021-03-22,259.2297716858328,259.4337593421479,251.90480669383484,254.07447814941406,3276400,141.30390533434107,143.39253287594417,141.027208559981,143.25865173339844,7544100,117.71169475504172,121.17466742071305,117.64321821066616,120.70510864257812,111912300,259.95053710472325,263.42560539988665,257.86368522997094,262.1644287109375,5564700,100.89911209025807,101.92968460308444,100.2208514877108,101.05138397216797,33536000,45.72648441194733,45.856239764254916,45.017144592987165,45.190155029296875,11003000,72.16702113205585,72.25452679336604,71.3094496282063,71.68572998046875,7169900
2021-03-23,251.6544915567062,256.7912514947363,246.2210171299539,247.38931274414062,2277100,142.99981084477824,143.8834536281322,141.81268143778865,143.12477111816406,7178300,120.64642246770546,121.53661758792646,119.4823136932633,119.87361145019531,95467100,262.7722962690894,266.23830969100635,262.1643995919458,263.1080322265625,4801200,101.51216913992992,102.71442137006943,100.91751613583496,101.58084106445312,28510000,44.22129902396053,45.65728007180742,43.710920038887856,44.7316780090332,11853800,71.00316514959407,71.68571854569335,68.99925444684574,69.23552703857422,10235500
2021-03-24,249.4198936633798,254.30628808493083,247.93634960315816,248.76158142089844,2122700,142.90163389074692,145.02595864371457,142.65171333157426,144.51719665527344,6370100,120.14751365088765,120.22577469235176,117.45735192347425,117.47691345214844,88530500,262.4547593243401,269.27788329610553,262.20976205996016,265.621337890625,4842000,102.09986380427559,102.88809513209712,100.96727814351534,101.1429443359375,25218000,45.639978434315836,46.669388735498465,45.57077623838152,46.02925109863281,9671100,70.09308944175129,71.26568644200673,69.38428504220495,69.4192886352539,8459000
2021-03-25,246.8237245948381,255.00170891649933,244.72821744836045,254.2228546142578,2285400,144.99026745050958,144.9991883209688,143.38362549062512,144.5707550048828,6269800,116.93888575254493,119.0127585740185,116.41063491697949,117.96603393554688,98844700,265.87541745706216,270.2759819139891,265.35823172211497,269.6408386230469,5373500,100.96976727628024,101.79531864173497,99.3296061913516,101.13945770263672,35616000,45.034456503738035,46.5396400620452,44.61058100059614,46.34067916870117,9275200,69.38429112890017,70.33811408721002,68.52671971460266,70.11934661865234,11363800
2021-03-26,257.4866590046954,261.000770409323,254.6122975376411,260.8616943359375,2066600,144.6778222820465,147.36448813297613,144.04410015310378,147.21273803710938,7619200,117.731267934474,118.8366847131395,116.3323834208923,118.57255554199219,94071200,269.78602594664403,275.8288588750092,268.59742353968363,275.6564636230469,5865900,101.10611608171759,101.48430522777333,99.71576014468108,100.75479888916016,27978000,47.28357373056374,47.681495440907185,46.738591988197875,47.6122932434082,8723100,71.43193487316088,71.52819307111533,69.17426019489297,69.98807525634766,11107400
2021-03-29,257.76479693219756,261.42729367473396,256.503802874729,258.89599609375,1517200,146.23093361796276,149.0871781158334,146.05242089052987,148.20352172851562,8535100,119.00297900233532,119.91274312400247,118.10299937711603,118.7486343383789,80819200,275.1936602735022,277.2351563517613,272.1359572443953,274.19561767578125,4642900,100.62690631609587,101.97297171763482,99.79537920743458,101.80278015136719,26492000,47.14517388720697,47.162475264438015,45.95140525746708,46.574241638183594,7901000,67.38036980620964,68.99924748578371,66.50530006846667,68.15042877197266,21931700
2021-03-30,259.03514444164335,267.1760625493256,258.05230224134567,265.1083984375,2724700,147.29309891762242,147.86434780240043,146.58795527600174,147.28416442871094,7236300,117.49649105272375,117.78018175127832,116.27369017794591,117.29106140136719,85671900,273.6966522907825,277.35319860918884,272.2358612751159,276.5729064941406,5045400,102.16057583177923,102.64276755981645,101.32308053971381,101.83662414550781,27312000,46.02061307631628,46.85105942568759,45.88220535142106,46.219573974609375,7910200,68.84173895216314,70.04058697096451,68.69297868978528,69.20926666259766,12063000
2021-03-31,265.1824693043391,266.9256313222707,262.2431966172954,263.3651428222656,2026000,147.23957162734757,147.62337336600018,146.11491540410492,146.69509887695312,8281500,119.00299842062003,120.83230399551466,118.51387800579083,119.49211883544922,118323800,277.18981508697084,279.47628084383143,275.9558573517152,276.9629821777344,4744100,102.23124089496714,103.81666342143662,101.86299868830717,102.63530731201172,42570000,46.11576060364769,46.444476827944136,45.54482842999088,45.8216438293457,9293100,68.84173958047353,69.13051421684456,67.94917132180726,67.95792388916016,12085500
2021-04-01,262.9015808105469,264.25530180209125,261.2789605363235,262.9015808105469,1443500,145.13304420713132,146.23983111209236,144.8295576373926,145.3383331298828,7229700,120.96924318486211,121.47792504243581,119.82469594439944,120.32360076904297,75089100,278.44191868322395,279.95714691013194,275.7290061295977,279.2312927246094,3923900,104.11473323039297,106.27937953528678,104.0739279531472,105.9822998046875,39880000,45.951404488307936,46.74725132811332,45.44102541818608,46.729949951171875,10165000,68.15044029649997,68.50046958603905,67.81791614337722,68.44796752929688,13195600
2021-04-05,265.182491362367,265.74807680020575,260.14773966361497,261.074951171875,1727200,146.06134859253177,147.0521099387258,145.18662665343885,145.8739013671875,7387100,121.17467224344372,123.41484423200751,120.39207673653289,123.1604995727539,88651200,281.12754215536387,286.5806124294073,281.03680348245473,286.17230224609375,4697200,106.8466666341186,110.91919881705677,106.75012806081834,110.42008209228516,48510000,46.634803233909935,46.634803233909935,44.93930755775082,45.16421890258789,10460000,69.30552852315864,69.4017867394723,68.1066871174844,68.25544738769531,10458800
2021-04-06,261.15843015428567,263.73607734448797,260.2683149156645,261.6313171386719,1407200,146.45406095695103,146.84679708357095,145.49007599696935,145.8381805419922,5074200,123.74745108038357,124.3637400471671,122.91594796105788,123.46376037597656,80171300,284.5482560896119,286.6623542706083,284.11275463328303,284.7025146484375,3988600,110.0199908055745,110.86993113753334,109.56566574641188,109.93738555908203,35240000,45.51887908588319,46.41853087007226,45.33721958135468,45.48427963256836,6253600,68.08043250572776,69.2267717971437,67.82666146483173,69.20926666259766,9445000
2021-04-07,261.0008051777553,261.88166758695644,256.55020045904,258.7940368652344,1469200,145.98100870256573,146.63258626701855,145.77571975315,146.03456115722656,4608000,123.09202364516216,125.13654303559613,122.417035203639,125.11698150634766,83466700,283.8495937352515,285.9364728769046,282.1165871827996,283.5138854980469,3799300,110.12847588567706,111.69100514725001,110.12847588567706,111.41880798339844,24134000,45.66594165776087,45.98600889291626,45.1036584366308,45.31127166748047,12408400,69.16552734375,69.76057515696624,68.64923261880693,69.16552734375,8329300
2021-04-08,262.30817012045276,263.736083984375,259.3874590822625,263.736083984375,2276000,146.38267136386813,146.4808554077396,145.3562129576515,145.46331787109375,5039400,126.14412230187551,127.55279115323391,125.72348600899966,127.52344512939453,88844600,283.7226616066022,286.0363465936256,281.808177132491,285.2923278808594,4035600,112.66136812813146,113.04901826963554,111.61686235050232,111.98609924316406,28664000,44.65382378414308,44.82683422602195,44.15209713258402,44.32510757446289,10040800,68.69297193847702,70.4343587845095,68.3954514429623,70.18058776855469,9352700
2021-04-09,262.3081441360835,266.10971718367193,261.2696717183767,265.72027587890625,2039400,144.70462319667254,145.4276086089396,142.61599564575698,143.92808532714844,8418300,126.97563580060692,130.14512586474413,126.65281460393234,130.1060028076172,106686700,286.1451769013213,289.72914798050823,285.5826357108708,289.6474914550781,4607800,111.73779863099902,113.15750958228622,111.3307405138942,112.99329376220703,26146000,44.43756598718129,44.97389874046799,44.04829327911837,44.31645965576172,6665300,70.4256204931734,70.64438794333375,69.45429248036119,70.63563537597656,10693500
2021-04-12,264.83942559073057,271.75641546609484,264.3851010099843,269.62384033203125,1773300,143.78526387762193,144.6689202455587,143.11583094969495,144.27618408203125,5022800,129.63643928749713,129.9592604537893,127.78756528183514,128.38429260253906,91420000,288.27735198894277,291.534668600931,287.9053427683569,291.0628662109375,3556800,112.1697216656889,112.30755906868903,110.86097629130978,111.69698333740234,25024000,44.76629211730247,45.19016763954813,43.96179616888354,43.99639892578125,8564000,70.83690204665878,70.94191283264307,69.58555188775517,70.16310119628906,8939700
2021-04-13,273.2770413129198,273.30485652461743,268.06608918615194,269.716552734375,1713700,140.0096577013715,142.74986257549014,139.71510559613745,142.34820556640625,18424100,129.5582235468663,131.72991947803646,129.0593111487397,131.50491333007812,91266500,290.82706401096766,291.16277235040496,287.6241838285979,290.7091064453125,3635100,112.01396384726543,112.63499526255416,111.6188497032367,112.18514251708984,25682000,43.6676704305688,44.40296401515557,43.589815893374904,43.93583679199219,6980000,69.91807754209164,70.03183421131764,69.09550980325737,69.59429931640625,7085200
2021-04-14,268.43704990897527,269.95766227861947,266.6382570706589,266.86077880859375,1099900,140.87545330339262,142.91052811704208,140.61659830273527,142.74093627929688,7718300,132.0037882044852,132.06248025187,128.79516024880334,129.1571044921875,87222800,290.08295673478653,292.7958968480354,289.70189299698546,290.3642272949219,3440600,112.83204797289153,112.83204797289153,111.26902518096547,111.56211853027344,21002000,44.44622873271782,46.33203624900778,44.44622873271782,45.57944107055664,8342200,69.66430912672108,71.79948163073908,69.39303961805591,70.69689178466797,10585500
2021-04-15,267.80645252853157,271.1166039721065,265.80370083277205,270.00396728515625,1389800,143.45499825595965,144.9456004373554,143.01763055664804,143.1604461669922,7524600,130.90818297831848,132.06249988655176,130.73209188321647,131.57337951660156,89347100,290.5366057809411,293.43099542052585,290.3914294212325,292.8321533203125,3508200,112.5593610414897,114.25375956725094,112.02292426332264,113.71881103515625,29174000,45.58808811782915,45.68324404657913,44.78359219281625,44.89604949951172,6763700,71.1869304804103,71.23943921090701,69.87432571429486,70.72314453125,9930800
2021-04-16,271.58029099338705,271.6730178191291,266.2302898734981,266.65679931640625,1413000,144.00842454279638,145.0527383946134,143.31221530825167,144.81175231933594,9049400,131.37772152575985,131.73966578761528,130.37991188899602,131.2407684326172,84922400,294.73762235413767,298.2127182270672,293.9210293724436,297.6773681640625,6213100,113.91736311962295,114.16617356571902,113.00572128065846,113.59440612792969,26282000,45.19016215233119,45.24206298147517,44.1521026707499,44.19535446166992,7665500,70.88065768315693,71.4757054468064,68.04543324518153,68.77173614501953,29086400
2021-04-19,265.23812198857894,265.80373572309264,261.55709116616913,262.6326599121094,1677000,145.04380230934908,145.58827497357316,143.56212081396578,145.21339416503906,8353500,130.60491339062307,132.5222717730815,130.4386142591335,131.90597534179688,94264200,296.234686555989,298.3578391867927,295.2819994475284,296.56134033203125,4494300,112.96889932948382,114.6563273557735,112.96889932948382,113.9432373046875,30290000,44.368367443380954,44.74898784493952,43.754183397718165,44.02234649658203,6587700,68.5179778598588,70.32937233919397,68.35171243755751,70.03184509277344,15151000
2021-04-20,261.86315608969574,263.1426845417246,257.1529045321288,259.9345397949219,1425300,143.70491831075816,149.7655110468719,143.70491831075816,148.5962371826172,14050700,132.08203545204475,132.58093272949054,128.94187690393258,130.21359252929688,94812300,295.7901122328334,297.3235049071197,292.30596208633546,293.93914794921875,4462900,114.3278940387575,114.40303527628278,112.31900489874292,113.40829467773438,22288000,43.684983995522416,43.806090353862515,41.88568010046734,42.08464431762695,11928600,69.40179358357665,69.6818156923983,67.03035488906274,67.6341552734375,13052800
2021-04-21,258.7383666293973,260.6113520332271,256.9210399500257,258.0058898925781,1861400,148.4980746618893,148.98007401018154,147.534089584953,148.69444274902344,6333200,129.4799295768372,130.8396834469913,128.44299690378307,130.59512329101562,68847100,294.8464738488352,297.5231131888335,293.87565006488137,295.7447509765625,3740100,113.06195417608703,113.45756186880061,111.706928921232,113.37545776367188,23204000,41.54831648647013,43.36492198169547,41.39260734973935,43.28706741333008,7718900,67.14410097657024,69.42802674999044,66.72406458328199,69.34927368164062,11075900
2021-04-22,257.1435484766017,260.61133866914463,256.26271454431395,256.41107177734375,1444800,148.0250326972435,148.41776893225477,146.93608718003958,147.43592834472656,7233000,130.1451323202757,131.2309800623084,128.55061017652483,129.06907653808594,84566500,295.9715774755777,296.18024602118555,289.2936025353061,291.6708068847656,4875000,113.22866468865412,113.89946129581591,111.48301262808907,112.0901107788086,24146000,43.287050257015956,43.32165300699755,42.55175666945645,42.78532028198242,6582700,69.06050788610696,69.56804997881915,68.38670706914637,68.50921630859375,9871700
2021-04-23,258.2469665973979,258.8682108244448,256.8097999250355,257.52374267578125,1312800,146.85573873167203,148.22138087996865,146.38267386302803,147.73939514160156,6015300,129.28430468857326,132.17988902990155,129.28430468857326,131.39730834960938,78657500,292.33319645352515,295.3636809446639,289.9650463680517,293.87567138671875,3405700,112.81066024801429,114.75735454893425,112.52452973965524,114.44932556152344,29066000,42.75937743028276,43.25245515505839,42.52581377645739,43.0102424621582,5670100,68.50920181171747,71.1431632549829,68.50920181171747,70.83688354492188,12002000
2021-04-26,258.9793940756963,259.49863015630973,254.24135776603745,255.68780517578125,1747000,147.46269618269022,147.6412089120504,146.16844825062054,146.48977661132812,6027800,131.89622709506892,132.1212183306872,130.6538569277666,131.7886199951172,66905100,293.685092024736,293.97544478854087,289.7291394537572,290.3370361328125,2848500,114.67773209539389,115.67347506131698,114.31944443209228,114.94694519042969,32038000,42.94103520825176,44.04829695934212,42.90643245355511,43.46871566772461,6642400,71.58945676804913,72.12324986946037,71.21317649453388,71.33568572998047,8033500
2021-04-27,265.70171834555197,270.9312046533103,263.6340265670591,266.58258056640625,4961900,146.16845330272918,146.30234806911335,145.01703458185796,145.6507568359375,6217700,132.07224836961583,132.46355353704712,131.19183786473573,131.4657440185547,66015800,290.7998131953711,292.5872577725165,290.6909378204491,290.8814697265625,3335800,115.33011604963677,115.37092132902323,113.76410145506594,114.00395965576172,44386000,43.63307897488838,44.71439043808357,43.47736986019621,44.37702178955078,8309600,71.23942643223509,71.79947049788542,71.05565592284032,71.72071075439453,7057400
2021-04-28,265.7852490758097,268.10327850834994,264.64479670460486,266.4714050292969,1783900,145.36512317230458,145.66859615124588,144.28509876888188,144.57965087890625,7448000,131.38751244528612,132.08206994398435,130.1842805050191,130.67340087890625,107760100,292.1153881709067,293.03177415910807,289.7109375387432,290.08294677734375,2713400,119.05579837072018,120.99054864114056,117.10114660558713,117.39076232910156,81106000,44.72304373254327,46.15037291449311,44.69709001294,45.88220977783203,8897100,72.105741400784,72.58702570857722,71.81696681035707,72.39451599121094,7228200
2021-04-29,268.891324188299,274.73274508492483,268.1773815486553,274.5102233886719,2472200,144.50825726091395,146.61474020219592,144.42792857383103,146.56118774414062,6394300,133.50050652437227,134.08745690189525,129.567974819212,130.5755615234375,151101000,291.8976054109614,295.5995333901783,291.32598214287935,295.19122314453125,3261900,118.89308224360096,119.63602837600928,118.12773648841575,119.06874084472656,41234000,46.71265579821407,47.14518038893828,45.71784791958811,45.96006393432617,9446900,73.11513940422462,73.63362767224626,72.17483676336974,73.5018081665039,9974800
2021-04-30,272.15520557034466,274.0838220185072,267.9642182944005,269.1788635253906,1821900,146.51652707498602,146.6771980369101,145.06163564787587,145.2490692138672,9079100,128.9125776490249,130.65384516288776,128.2180350065091,128.59954833984375,109839500,294.9281197148138,295.635837241339,291.80689685691755,293.676025390625,3118700,117.83762526818644,118.52583278569314,116.76973276121194,117.11508178710938,44856000,45.13826114691916,45.85625016559784,44.09155255468019,44.238609313964844,9448200,72.842722325584,73.18544904118893,72.26272584710607,72.54393768310547,9298600
2021-05-03,273.42545415764573,283.17042925458355,272.7856758622148,282.3822937011719,4580300,146.02562724510392,147.5608610332775,145.5971804067905,147.46267700195312,6594100,129.16688554691402,131.1527277481315,128.96146337467013,129.656005859375,75135100,296.0441841113087,300.8893320361668,295.4997795568106,299.6644287109375,3683700,117.68287107834698,118.51091304224892,116.21937076506136,116.59656524658203,28242000,44.91335254818413,45.78705408167283,44.601937610401855,45.62269592285156,9325100,73.03604180208654,73.36997869393461,72.32422595423931,72.46482849121094,6759000
2021-05-04,280.6669760601076,282.98500517095664,277.532996174839,282.1319580078125,2470500,147.12350151680397,149.8190884744233,146.98068589608238,149.7476806640625,10179500,128.3353972104989,128.6288723998823,123.9430911832169,125.06806945800781,137564700,298.6209541336446,302.35010118808043,298.4032034231589,301.9327087402344,3954400,115.12708626405683,115.69636320160089,112.29711784271197,114.79268646240234,44818000,44.7489865714909,45.87354966673457,44.67113202567171,45.47562789916992,12834300,72.13967285286697,72.78998052210412,70.96210065464712,72.62300872802734,8802700
2021-05-05,283.6247390031442,287.4262835119353,280.2496755646817,284.2181396484375,2530100,149.50668068608377,150.3099947165382,148.87294488276964,149.1228790283203,7792300,126.38867773337496,127.61147843692302,125.18544602057825,125.3126220703125,84000900,303.2755900769938,303.2755900769938,300.47193873006927,301.2794494628906,3227200,115.87750091536309,116.19448215391392,114.86484054405638,115.18779754638672,26636000,47.01540575345511,48.15727002188095,46.03790288572215,47.958309173583984,12715300,72.86029082498732,74.55634463558172,72.2714979753281,74.26634979248047,9424400
2021-05-06,283.06850005463616,289.25298695208454,281.3902489502005,288.3257751464844,2561400,148.8729422702013,149.85478261876835,148.38203571556474,149.7209014892578,5529900,125.10718020945761,126.92670818396309,124.36371532032841,126.91693115234375,78128300,302.7493547916458,306.5056933118191,302.35012666241107,306.2969970703125,3539600,114.76780169468033,116.3114242553711,114.10646611417098,116.3114242553711,25190000,48.010220888775144,48.20053273024825,46.4444809655195,48.183231353759766,9648200,74.6354247377076,76.37542698656924,74.16966842237555,76.30512237548828,11887900
2021-05-07,285.58113269099886,292.16433978565794,285.58113269099886,291.7841796875,1826100,150.22076399533012,151.00622276676052,149.80125157006268,150.39927673339844,5316200,128.22024612307644,128.62199477824845,126.87776955139086,127.59310913085938,78973300,305.48040692188675,308.32035935764026,304.4369810840051,307.812255859375,2998100,117.63211092314187,117.9983561400744,116.74982396318221,117.03694915771484,28898000,47.63825742743327,49.60191943517975,47.42199513538939,49.39430618286133,9645500,75.11877618162612,77.36847056718344,74.99573973433647,77.0696792602539,9947600
2021-05-10,291.77497734719753,293.92611532935297,286.7587585449219,286.7587585449219,1733600,151.64886314616288,153.1037683626505,151.05083804739525,151.9791259765625,8357500,126.80915297265736,126.9365300969227,124.26140115764763,124.30059814453125,88071200,308.90101454519436,313.65542265671775,308.075339572698,309.5089111328125,4840600,115.85310540353551,115.99543032094336,113.68347806009943,114.04226684570312,30914000,50.3545050501324,51.33201141305969,49.27319372385452,49.307796478271484,8801700,77.39482066647834,78.1066364494337,75.95360959466277,75.98876190185547,9344500
2021-05-11,282.4286060123922,285.4698583577528,278.69194509754755,283.3929138183594,2170500,152.31830101002015,152.51466909297454,150.20289730323174,150.7384490966797,8217900,121.01794819404341,123.73227459281495,120.30261614197161,123.3795166015625,126142800,306.2697805599807,306.678090869212,297.7953064604844,300.0182800292969,5500900,111.61984746140375,113.47149124913393,111.16452011496574,112.96292114257812,34186000,48.26109944941098,49.06559553257163,47.707468445924306,48.20054626464844,9741400,74.74967004570226,75.52300741364104,73.67754811623603,74.62664031982422,10397800
2021-05-12,280.1847459217803,282.5769672809466,273.3326680997638,274.4638671875,1949200,150.43497325966476,151.55962938254066,149.90835591749365,150.13150024414062,6758300,120.91993258519142,122.13500921597532,119.79304356361403,120.3025894165039,112172300,296.2619332216962,298.3306483657155,286.9617834063805,287.6241455078125,5822000,110.7798698646749,111.86418624163223,109.15911669437793,109.4890365600586,46376000,48.5379019313803,49.92197906883305,47.97561873809626,48.17457962036133,7925100,75.04848052670839,75.74272370312178,73.25575258469509,73.5369644165039,12602200
2021-05-13,275.43746116424074,283.09623763274465,274.9089437889019,281.31597900390625,1444300,149.03359744128832,152.3629061653207,149.03359744128832,151.70240783691406,8018600,122.07622038504428,123.6146665716941,121.76265197362714,122.45838165283203,105861300,289.43874413728577,297.0784874355382,289.1574735916901,295.2638244628906,5159800,110.77637526776887,111.43920662149354,109.81098957903248,110.92168426513672,33204000,47.60792768656828,48.322787341171534,46.70127528175206,47.285369873046875,7581500,73.54574125273244,75.26816425807458,73.29968178120038,74.57392120361328,8639700
2021-05-14,283.01274208839186,287.8991359155106,283.01274208839186,286.9070129394531,1455200,153.05915177361572,153.17519118104212,151.8898776883606,151.93450927734375,5797700,123.71266999123503,125.31970922511546,123.32070756139703,124.8885498046875,81918000,296.05318391313654,296.987734190656,292.0336845816928,293.6396789550781,3998000,112.38967644589917,113.69244612252074,111.96470623927483,113.376953125,31996000,47.98279100079217,49.3863578887399,47.97407133501592,49.27302551269531,6419900,75.233004101965,76.9642166806519,75.233004101965,76.76209259033203,7755900
2021-05-17,287.435608760832,288.8820566573475,284.35725932106675,286.7494812011719,940700,152.09516354553605,153.4251086000189,152.01483485879743,152.08624267578125,5722600,124.27121858241347,124.37900844147428,122.65437817256301,123.73226928710938,74244600,291.25350473885015,292.9139097319885,286.0907846359462,290.3552551269531,4388000,112.63997266332655,113.94423815039278,112.2388903348768,113.90144348144531,21598000,48.88072127969791,50.85094662504958,48.88072127969791,50.824790954589844,11441900,76.26998690985768,77.43877618482679,75.83938280499156,77.41240692138672,7157900
2021-05-18,287.1481965284098,287.6952480413682,283.77313232421875,283.77313232421875,1046100,151.7202733799306,152.96095518188474,151.3186163513184,152.13978576660156,5846000,124.01644488365463,124.43780321310702,122.2722198144068,122.34081268310547,63342900,290.34613629636937,294.4835665234274,285.60986384045225,287.3973083496094,7010300,114.56975107464842,114.83498539001295,112.5713022709001,112.58523559570312,22204000,50.79863050727778,51.121188236490866,49.656597296310636,49.94428634643555,10322000,77.53544365743488,77.83422826468018,76.34029181921721,76.42816925048828,6631700
2021-05-19,281.87233101261114,285.97987167672716,278.0800389021037,285.5162658691406,1734700,151.6577880537612,151.88093234306885,149.98865950838038,151.8095245361328,5533800,120.68476412746298,122.40938669653873,120.39079046342964,122.18401336669922,92612000,283.0875119299512,285.5826742947184,280.42903649225923,285.31048583984375,5242100,110.89133502717809,113.20825325301088,110.74254838311828,113.03458404541016,23684000,48.767386531409585,49.28173701766624,47.79099357168735,48.453548431396484,9406200,74.96936703971383,75.66361003927787,74.09936920427262,75.61967468261719,10165600
2021-05-20,286.63819195772317,289.24365414778265,284.43142394279715,286.5547180175781,1278100,151.68457491166106,153.15732187646918,151.4614306067115,152.6931915283203,4853200,122.71315194322682,125.15310625133428,122.58575987654723,124.7513427734375,76857100,285.7097123803245,290.0830304375599,285.7097123803245,286.6260986328125,3854700,114.0049543138836,115.04995367632121,113.63273332390318,114.79866027832031,32352000,48.514579035181555,48.52329537564771,47.625362656614435,48.28791427612305,8798800,75.73391270317116,76.48088079331922,74.97815486007067,75.98876190185547,7722100
2021-05-21,287.8342091915363,292.34047101338746,286.8699297722158,287.06463623046875,1753600,152.9252351283621,154.18377209944407,152.51464367253445,152.59498596191406,6501800,125.25110735850839,125.42749006545537,122.69356184580758,122.90914154052734,79295400,287.624145622307,289.69286076714985,285.3104608894996,286.50811767578125,3920600,115.31916082166767,115.39281381561896,113.92034619778136,114.16069793701172,40632000,48.872009597904785,49.19456740930901,48.44483574584655,48.51457977294922,6032300,76.40179052088438,78.01875636881448,76.2172459428891,77.63208770751953,9326800
2021-05-24,290.69943266202745,290.69943266202745,286.7402484720415,289.1417236328125,1807900,153.49314536633207,153.8973220285753,152.47824970912254,153.17880249023438,5195100,123.47748054475917,125.36869212394858,123.4088876885631,124.54557037353516,63092900,287.4789393135296,289.2028638065757,285.4374432242365,285.6642761230469,2930600,115.19375709660679,117.71470157582718,115.04795454577173,117.49028015136719,31832000,48.92431924828789,49.046367982501856,48.17458750888372,48.906883239746094,6372800,77.95725134263253,79.26664305906418,77.61452469675189,78.81846618652344,7788800
2021-05-25,290.21717965912757,290.5695245324392,285.31222323650803,286.128173828125,1631800,153.28655561183515,153.60988867664437,152.45128652210548,152.75665283203125,7444700,125.25109468619691,125.7410532457544,123.78124143570513,124.3495864868164,72009500,286.29036259739684,287.71487997409656,285.12897915979397,287.3973083496094,3523300,118.03568498545737,118.63282859249178,117.18973090940088,117.58135986328125,22440000,48.81969668291644,49.15097412728376,47.747407315557446,47.84330368041992,8090600,79.33695006805567,80.2772526102459,77.98361624670021,78.08907318115234,10599600
2021-05-26,288.1031662314075,290.05956896730754,285.59968379495945,288.1309814453125,1695100,152.68481752810334,152.75667085149453,151.1400053367435,151.84954833984375,5726400,124.40838798944601,124.82974625336892,123.87923988060832,124.30059814453125,56575900,288.35905208319946,291.5982325238714,287.33376295019434,287.92352294921875,2881600,117.76297776968487,118.8811365497892,117.7599936843896,118.44920349121094,21572000,48.008930870474835,48.436104591889254,47.66021749276604,48.31405258178711,6716000,77.9133248517219,78.95907771130312,77.28937965141193,78.51968383789062,8665200
2021-05-27,289.7629140238604,296.6149932195119,289.160203830524,292.61871337890625,2657300,152.02016020221407,152.83747620710665,151.22980118081563,151.61599731445312,8114700,123.89885153275387,125.07473132442752,122.56618378162433,122.76216125488281,94625600,287.8963542715896,290.71817042317605,287.8963542715896,289.2301330566406,3734800,118.88411475425364,118.88411475425364,117.25242003275355,117.57189178466797,35224000,48.584306949990165,49.09865736716802,48.05252053089032,48.409950256347656,7484100,79.17876116287646,79.89936672436008,77.8517900138773,79.35452270507812,21840900
2021-05-28,292.9988613466045,293.6942700365094,290.2265077576509,291.8954772949219,1022700,152.25370319163704,153.59193186781354,151.9393466316037,152.01119995117188,6400800,123.04632661129708,123.27170742078762,122.04682959457176,122.10562133789062,71311100,290.68181304927276,291.71618433859817,289.30267901973446,289.35711669921875,3194000,118.15610588776825,118.23820999772704,117.08273872898874,117.28178405761719,21482000,48.645337523801196,48.77610589217455,48.22688340081533,48.59303283691406,5745400,79.57421817538189,80.21572935520025,79.0030049065645,79.92572784423828,9484800
2021-06-01,295.10364966659887,295.35401492849513,287.5097837833361,288.2237548828125,1282400,152.81953507861857,152.864445119149,148.53538856349775,148.67010498046875,10448400,122.56618191328505,122.83075224575715,121.449093885405,121.78225708007812,67637100,290.9449756822021,291.48938022035105,285.9637336907036,286.9980773925781,3549800,118.15709819066481,118.7179164034337,117.15389122754267,118.49249267578125,23354000,49.76122378939649,50.98171427951505,49.73506811760055,50.798641204833984,9943600,81.19119651156593,81.99967960084594,80.7342298494654,80.94513702392578,9576400
2021-06-02,290.2171812855787,290.2171812855787,281.7146399138599,284.2552185058594,2088400,148.46352473208017,149.74786683170535,148.29287481291448,149.2718505859375,6806000,121.78224728515005,122.72295252370081,121.55687396007116,122.54656982421875,59278900,287.74598787049933,289.1141220367697,284.94586659652333,285.69378662109375,3380100,118.88909332605556,119.11252766020083,117.05834561985145,117.96551513671875,21158000,51.13863762627071,51.79247291981776,50.33660126246389,51.426326751708984,6103300,81.29663764748939,81.85906113979722,80.46178545715156,81.5163345336914,6878400
2021-06-03,283.1612022503988,285.3772235588642,280.18483224015495,284.01422119140625,1316300,148.9934421486914,150.12510119596752,148.83178244391792,149.12815856933594,5808800,122.17420921068651,122.34079079399837,120.65535777774502,121.05712127685547,76229200,283.65981018209027,285.420136085836,282.46497526630344,284.052001953125,2652500,116.7284293221674,117.29024223890825,115.92178472969479,116.82048797607422,18696000,51.19093715379889,52.306814805463915,51.051452447340765,51.84477233886719,8280800,81.13846016081774,82.53572921702167,80.98906787895014,82.03482055664062,7926800
2021-06-04,284.4499286429713,285.58112774836997,277.8481876198243,280.1291198730469,2111200,149.9993428117194,150.50231603090674,148.9754570271712,149.06527709960938,6510300,121.57648703897455,123.6244868847475,121.36090732088668,123.35990905761719,75169300,284.67225205304,285.8944765273007,282.1549038583766,283.6689758300781,2638700,117.89982420271934,119.38074292143739,117.55845396785828,119.10903930664062,24458000,52.14989974745338,52.4201528504486,51.347863429782024,52.17605209350586,6504800,82.48301490400705,82.75543694832221,81.41089282627648,82.57089233398438,6406800
2021-06-07,280.9451274139587,282.0670455773802,277.43098736922906,281.2603759765625,1960400,149.09223717883089,149.37965047932116,147.86178153458053,148.05038452148438,5362800,123.63426789483995,123.78125473088885,122.32120243854156,123.36969757080078,71057600,283.76930042675934,284.87292100440993,280.8141391493499,282.7112731933594,3974800,118.90352644161484,119.65344300832813,118.48353732486014,119.54346466064453,24120000,52.14118576049805,52.76886537313208,51.94939301258247,52.14118576049805,5405100,82.80816373307731,82.84330933923594,81.49876529897404,81.91179656982422,6773800
2021-06-08,280.7595906599705,281.3901158947912,276.88385393630716,280.55560302734375,1499000,148.4455573838106,148.78685722077998,145.56251663922157,146.74806213378906,7746800,124.05561671962153,125.87824288128334,123.67345546064644,124.19280242919922,74403800,283.90604160356907,284.8363905536659,281.81737703567285,283.5685729980469,2913500,120.02666352139211,120.40037275616211,119.16925910663717,119.35138702392578,24240000,51.80989672796029,52.84731395225126,51.11247324416899,52.716548919677734,7345200,81.15604062724148,81.89422576229745,80.57604424684268,81.54270935058594,7036300
2021-06-09,280.55568937797517,280.59278576702826,269.31788867647987,271.7749938964844,4358600,147.28695847521524,148.8946336869619,146.99056866876865,148.72398376464844,5552600,124.65336040245155,125.18250849792624,123.97722547889047,124.57496643066406,56877900,284.07026577407254,285.46576149676963,279.92024214236767,280.3215637207031,3603700,119.99778876067097,120.06993831777068,119.27474419897216,119.8241195678711,17942000,52.85604697062027,53.073992072217905,51.940678209025876,52.027854919433594,7026300,81.18240661772295,81.92059178399411,80.66392508460261,81.437255859375,7811700
2021-06-10,272.2200363500422,274.07445945536324,270.01326832731013,271.5246276855469,1811800,149.09224124192733,150.51131361637488,149.04733119942426,150.06224060058594,6463100,124.4671771062987,125.61366838929395,123.40888838700712,123.57546997070312,71186400,280.60437734961675,282.4285566632301,279.2271408954805,281.20635986328125,3286300,119.77336645278285,121.22045035217171,119.61711580354225,121.17715454101562,25904000,53.18731264743628,53.42269371868864,51.679133183999554,52.45501708984375,9396000,82.16664638929835,82.58846741705064,80.43543362258177,80.56725311279297,6584900
2021-06-11,271.9140592700227,274.61224818738367,271.9140592700227,274.5380554199219,1628900,150.05326124652748,150.0622377730106,147.49353962291423,148.15817260742188,7389900,123.98703826502418,124.87875295690584,123.56567997208057,124.79055786132812,53522400,282.081908480256,283.87872590123055,281.2428017311863,283.4500427246094,2785100,121.41950536835986,121.50509470935228,120.37250900118785,120.93183898925781,21958000,52.74270500387512,53.117570776560456,52.132458165161026,52.280662536621094,8117000,80.60239352480197,81.34057183362181,80.5760309715751,80.89239501953125,6509400
2021-06-14,275.1221745659426,275.5394310247937,270.7828318973777,271.6636657714844,1275600,147.74501508070725,148.6072412595394,147.20612200585964,148.52639770507812,4931300,125.25108457306293,127.9164119721912,124.51615800715713,127.85762023925781,96906500,281.7717742115026,282.80243969639093,279.3000197088675,282.12750244140625,3393500,121.03434903831184,121.8633857019183,120.32474413314641,121.8628921508789,22098000,52.87347374831331,53.23961985880589,52.17604688447987,52.57706832885742,7744300,80.66392008132253,80.75179750636124,78.99422218711582,79.72361755371094,10163100
2021-06-15,273.51809472067293,278.0521722625384,272.5074376425955,277.5143737792969,1834000,148.40067279429198,148.96650920953485,147.6462333770492,147.73605346679688,5062900,127.32849666623278,127.97523571896205,126.78954745562504,127.0345230102539,62746300,281.6076520346943,281.7900810808493,276.8100520354159,279.5098571777344,5270600,121.86735776768438,122.19130946590856,120.47999346547807,120.84176635742188,21562000,52.917070590882155,53.66680226195589,52.71656149929379,53.326805114746094,7835700,80.04876608554017,80.1454332661451,79.003013311587,79.70603942871094,7459000
2021-06-16,276.74488375702487,277.59793099149374,271.18161342583227,273.2307434082031,1686100,148.01446751309928,148.867703495073,146.82890818306535,147.68214416503906,6988500,127.74985093036214,128.25940428449337,125.87824900552074,127.53427124023438,91815000,279.7286872787814,280.3306695949031,274.6939640458885,276.16241455078125,4492500,120.99353315247284,121.30604205013579,118.9015375278692,120.19783782958984,26472000,53.25705914188953,53.858586357124054,52.795016642893934,53.29193115234375,9745800,79.53027730714025,80.53209462856246,78.6075476510116,80.05754852294922,11370300
2021-06-17,273.05453300749855,273.28633590578227,264.80235548784833,266.63824462890625,2369400,147.46658860622927,148.82278408358002,146.84686569587447,148.3916778564453,5874700,127.19131572684212,129.88604692888487,127.04432141727578,129.1413116455078,96721700,276.40874226247314,278.3788591394745,273.654241689829,276.47259521484375,4481100,120.12319457492448,121.93950775152115,119.92663220106029,121.16421508789062,25842000,53.09142766697698,53.67551893844356,51.04274173252733,51.44375991821289,13667200,80.61997037708862,80.62876013014491,76.50724425158428,77.25421905517578,11131600
2021-06-18,263.4671520068419,268.4555545924633,261.4829340360235,264.552001953125,2553800,146.64027474062408,147.46656726665282,145.3110090336659,145.48165893554688,12993000,128.08305697457453,128.86696697995066,127.62250162274736,127.83808135986328,108953300,272.94274777116084,277.1201048966051,272.1674662289192,276.0073547363281,8792700,120.78950247680184,121.02437959098219,119.44393824032993,119.53948211669922,46116000,50.458639933614066,51.61810589390012,50.10992651628936,50.15351486206055,18583800,75.9184693485246,76.3666529556625,73.73907959327698,73.89725494384766,22453900
2021-06-21,266.9997786122371,273.555169799793,266.8514213972487,271.8212890625,1922000,146.19125816584906,147.52948720867377,145.72421831300596,147.1522674560547,6592300,127.68126305266121,129.74885734783985,126.61317321470958,129.6410675048828,79663300,278.4153000807486,281.58025153412325,278.06870164182834,280.5587158203125,3774200,119.9271335980691,121.41949509864834,119.3279930756123,121.2328872680664,27414000,50.76376624621524,52.768860262263225,50.74633024122273,52.699119567871094,8234300,74.31906129234517,75.97117943838273,74.01148699715424,75.52300262451172,10672700
2021-06-22,273.453210424742,277.3474814962694,272.4610873925175,276.0215759277344,2250100,147.03546390376135,147.33183997574997,146.64925405983684,146.95462036132812,5627800,129.47448238296937,131.38528868125076,128.97472269195052,131.28729248046875,74783600,281.95418428935716,287.2260596015836,281.1971345438889,285.2194519042969,4418400,121.17069271040606,121.81760141803291,120.48795979203726,121.74842834472656,22390000,52.437586498884215,53.28321113048529,51.99297668251214,52.99552536010742,6745100,75.45270487818053,75.76906895476715,74.67937419353399,75.31209564208984,9664100
2021-06-23,278.16345484810483,278.7661366743591,274.60296602159906,275.7248840332031,2157400,147.0175079470372,147.0175079470372,145.93074535299536,146.0654754638672,4493400,131.08153979372707,131.6204890694468,130.55238415861209,131.012939453125,60214200,284.59011355085124,286.085953469631,283.32232380800303,284.2709045410156,2564500,121.51254954054794,122.50978070278896,121.2547868418972,121.54589080810547,19148000,53.26576957107409,54.355494835012415,52.9606478274024,52.969364166259766,8184000,75.61089437481483,75.8569538576277,75.19786308382835,75.46150207519531,7139000
2021-06-24,279.73978814596467,282.41941531136575,277.21777112756916,281.5849304199219,5016400,146.6403114144033,147.47558067404083,146.21818166879464,146.73011779785156,4549200,131.74785150334102,131.93403531891448,130.2583959308748,130.728759765625,68711000,285.5934683546824,287.16226345513917,284.27095524086246,284.4259948730469,2649200,122.1161519285339,122.46995961924121,121.71806132830204,121.91710662841797,21362000,53.152442911022824,53.62320171862216,52.58578441824548,53.51858901977539,6424400,75.97999804770721,76.79727103081915,75.43514715742613,76.52484893798828,7953500
2021-06-25,272.1038885447008,273.9722068185434,266.3223534782035,271.3695983886719,11622000,146.34392400894134,147.99650950184892,146.29901396415787,147.4845733642578,10963800,130.77772509250494,131.1990757677351,130.14077983295454,130.43475341796875,70783700,284.79083692885047,287.7277664421637,284.1614929020859,286.05865478515625,11733500,121.41949566786325,122.0494869263323,120.98656792867304,121.92557525634766,34594000,53.788846331278016,53.83243468209934,53.19603544848963,53.4488525390625,8099200,76.92028959596799,77.87817171631093,76.20847367402152,77.6848373413086,11139000
2021-06-28,272.3456050699935,273.87928625122163,269.0365617623385,273.26580810546875,3537100,147.6911234662461,148.25695980503448,146.86483082977622,147.31390380859375,5604000,130.72876668918406,132.53178329485237,130.66997494475694,132.07122802734375,62111300,286.08596775944045,287.55441834925955,283.99727521623333,286.6514587402344,2635400,122.09476570644414,122.20076527318163,120.82782790498153,121.95294952392578,28526000,53.28322108799522,53.326809446128166,51.75760527429226,51.949398040771484,7647300,77.38604337130016,77.5090731139717,75.95362182184267,77.0696792602539,6174600
2021-06-29,275.1340871977593,278.3873618774625,274.06515976197477,276.890869140625,3594500,147.29593269500003,147.8707455426982,146.7660298847791,147.3228759765625,3749500,132.09080833056353,133.74684530023828,131.6498553684425,133.59005737304688,64556100,288.0287034587477,292.1422074971632,287.81891288785977,290.2633056640625,3150100,122.08682085573261,122.43565513957584,121.11198161559385,121.69071197509766,23108000,52.39399102215677,52.48117104138423,51.295549384512306,51.47862243652344,6437000,80.04875677958184,80.52330287339718,78.89754720481433,79.65330505371094,15413700
2021-06-30,275.16198026366936,277.56940020133914,274.2045891041613,277.2998352050781,1810900,147.29595353118137,148.16715630392451,146.99956368744822,147.96058654785156,6151700,133.43329677453198,134.6483810309489,133.13932308886885,134.20742797851562,63261400,289.98976596414076,292.13318206384463,289.7617435670396,290.85626220703125,3061500,121.41402625256768,121.67528178366047,120.7770721013412,121.50857543945312,24474000,52.72527356947474,53.13501138573007,52.14118234897102,53.09142303466797,9309600,79.24027368313706,80.7693688842942,79.20512137573627,80.57603454589844,9780300
2021-07-01,278.8055947156633,278.94501507175977,275.89623369782424,278.0340881347656,1749500,147.96058094465243,149.10121652793833,147.8617843338161,149.0563201904297,6320200,133.85462161710942,134.56994590353588,133.03149255851818,134.5111541748047,52485800,291.78657447576745,293.41009277915464,290.5005248560134,293.2732849121094,2578000,121.14581091471862,122.00370889101198,120.95323489975411,121.86189270019531,18110000,54.65190645715052,55.419074061399535,54.355501018616444,54.81754684448242,11637200,80.77816565969347,81.05059441219036,80.01362463380995,80.86604309082031,6792200
2021-07-02,278.75912074196737,278.75912074196737,276.40746935967866,278.2757873535156,1335800,149.11021778090918,152.0561358613558,148.76891788104294,151.7687225341797,9059900,135.1285290871627,137.18633001828633,134.98154971442102,137.1471405029297,78852600,294.17620086114505,294.7143302812286,293.09994202097795,294.3312683105469,2201600,122.56402875962121,124.80730158215873,122.47395949852594,124.6614990234375,25982000,54.45140270527918,55.070365987950936,53.6929546923493,54.704219818115234,7635000,80.76057692705952,80.91875895373717,80.25966829334978,80.87481689453125,4818000
2021-07-06,278.2758075173379,278.5081842650989,271.9737512527122,273.842041015625,2282500,150.80767044947282,151.66090625183045,149.98137792579675,150.86155700683594,6098500,137.25493430561346,140.2730204949,137.25493430561346,139.16574096679688,108181800,294.44980248503157,295.3618918656106,288.9499046335304,291.19366455078125,3109500,125.05064175261214,125.8264356149296,123.9897120776106,125.58956909179688,26404000,54.730365487222365,54.82626185111882,52.48989041021162,52.5509147644043,11699400,80.62876248360855,80.75179221151934,78.7920996136424,79.27542877197266,6701200
2021-07-07,273.2750705215465,274.3439979472646,270.7096220067801,272.8567810058594,2293200,150.42149351815567,152.23575233907746,150.42149351815567,152.15492248535156,6293500,140.6551614207794,141.9780354300495,139.79285761414,141.6644744873047,104911600,290.4914090752827,295.9001215815075,290.2725164774444,295.0427551269531,2939900,126.556945178864,126.67835873013823,125.55274349136431,125.8722152709961,24060000,52.30682397708932,52.986811624606425,51.112485760774376,51.44375991821289,8239600,78.77452189894896,79.4951274807973,77.83421941160276,79.11724853515625,6771600
2021-07-08,266.9172138532817,273.85132761970203,265.6995620423217,272.568603515625,1971400,151.51723588214966,152.19983565105346,150.5113166917076,151.85853576660156,5755500,138.73454962161878,141.1647027920802,137.84283506741627,140.36119079589844,105575500,291.0203936099597,292.1696074134821,287.1257537623357,290.5369873046875,3663000,123.4358588645875,124.99788702259595,123.43188008424947,124.44901275634766,23790000,50.781194862934406,51.992968766197876,50.55453348216508,51.61810302734375,10551500,77.42119404696635,77.89574020350076,76.41058686386258,77.01695251464844,8778800
2021-07-09,274.9574536683675,277.1789889355598,272.5128458062879,275.505859375,2317500,152.1189662867249,153.01711218429946,152.002216639181,152.46026611328125,6120900,139.88103381213466,142.72274410487802,139.78303761495576,142.193603515625,99890800,292.3611443885341,294.8876220087756,292.0327777301011,293.7748718261719,2587400,124.43011304149414,125.13623269531422,123.95886293046628,124.9212646484375,18632000,52.088873309230465,52.70783652865751,51.73144351661703,52.42015075683594,6973700,78.52846480085374,79.63573911517948,77.86937406452469,79.38088989257812,7306500
2021-07-12,276.3238442572162,280.9341911085953,273.83277226517527,278.5453796386719,1905400,152.44230992746165,153.7446188283152,151.3735140425051,152.2177734375,7840500,143.27151034896303,143.3793001913862,141.10591986105104,141.5958709716797,76299700,292.84460405393844,295.5170198057893,292.3520678938614,293.4556884765625,2521800,125.5776167174574,126.46487711926594,125.01331330078482,126.37132263183594,17668000,51.35658136680486,52.69040426620389,51.199660634454595,52.13246536254883,6063100,79.30179426067878,82.1842166291251,78.87997995070094,81.50755310058594,11951100
2021-07-13,277.91329601398826,281.3152951256065,277.6344552533242,277.9969482421875,1747700,151.75972826811028,152.46925756663086,151.49028173153303,152.0291748046875,4691200,141.1353538362706,144.4964271377333,140.74339882279335,142.71299743652344,100827100,294.0940924409995,294.8693739559789,288.9772567099418,289.17791748046875,3213800,126.43402078790348,127.44816936734279,126.07175435939051,126.73558044433594,19240000,51.86221142596571,52.298101575257284,51.26068089157347,51.836055755615234,6510400,81.26149558200571,82.19300835141743,80.619977643418,81.91179656982422,12280100
2021-07-14,277.59726932844126,279.65147192581856,273.8327771967879,275.0039367675781,1431800,152.6848225545713,153.4302853915981,151.82259635011243,153.06204223632812,6162900,145.12350430212504,146.56396155860705,144.71193226988518,146.1523895263672,127050800,290.7285433616429,291.92337844248135,290.05360600339446,291.1572265625,3381600,127.34915162866419,128.71114739493328,127.30585581569756,127.62682342529297,23742000,52.21091934642992,52.83860219910263,49.98788034398441,50.27556610107422,8489600,81.8327038406957,82.4566422330187,80.35634040243566,81.25270080566406,12572000
2021-07-15,273.27504257134314,277.6808964253791,272.9683177598334,275.2084045410156,1166000,152.05613871915082,152.59501816080135,150.63706622494706,151.22085571289062,6656900,146.24063073416198,146.98535113045864,144.1338317300182,145.4958953857422,106820300,289.4789683065295,294.56841544010103,289.460708702386,294.34039306640625,2603900,128.0368705683289,128.0876228000185,125.92794981220653,126.40068817138672,24218000,49.69147500731797,50.75504799271212,49.508401950166515,49.7612190246582,8723300,80.28601964206057,82.65874300646381,80.23329454206547,81.4020767211914,12465900
2021-07-16,275.7847662877219,276.06360706955286,271.49972383155074,271.87152099609375,1975800,151.19384820520952,151.86745749961807,150.8435719203017,150.97830200195312,5834900,145.47631156501131,146.75017267674576,142.94816167117358,143.44790649414062,93251400,295.5170174359446,297.5965805193254,293.14557901302425,293.2732849121094,3623700,127.05555571192009,127.20334766110668,125.5532396143855,126.36585235595703,20424000,50.30172155409535,50.47607827081916,48.21816726946922,48.38380432128906,8805300,81.85907478544682,82.09634451206568,80.05755733643619,80.18937683105469,12595400
2021-07-19,267.2611777183084,274.52062596492095,266.13648205981644,274.03729248046875,2853300,149.52333227812326,151.05916786580457,148.48149340306531,149.88259887695312,8219700,140.86095791027103,141.17453382837715,138.82275929894942,139.5870819091797,121434600,290.03530850938233,290.9565277394425,287.226085316434,290.83795166015625,3752600,125.48954262685852,125.60449445304222,122.91733701019425,123.98523712158203,27968000,46.579232209084694,47.337680310122614,46.04744557395536,46.814613342285156,13342100,78.66029309559947,78.8184751582127,76.96423247604247,78.51968383789062,14043000
2021-07-20,274.5856581325989,277.9597729811661,273.6933393816205,277.01165771484375,1656400,149.9005499036625,153.41230377130523,149.84666334072074,151.2926788330078,9902800,140.5767980109594,144.14364197451235,140.08684683491023,143.2127227783203,96350000,290.5004730763866,297.4597196322176,290.29068249446794,296.748291015625,4251700,124.9302089444466,126.43850077838984,123.75881501817668,125.60897064208984,26312000,46.64024621779813,48.16586174828685,46.44845348692318,47.48587417602539,9358200,78.33513178098397,82.25452395528777,78.21210204447445,81.12967681884766,11522300
2021-07-21,276.53769879380275,280.66471307057486,276.370365937808,277.3184814453125,1339000,152.05612618397453,152.40640258878904,150.42149382509288,152.22677612304688,7585200,142.60516000969034,143.19310728596565,141.72325404739772,142.47776794433594,74993500,298.80053508941,299.5940485256053,296.40173517600635,297.6695251464844,2832600,125.5333313160581,126.9888739739733,125.4238541100995,126.94210052490234,20746000,48.58431080957757,50.05761817046426,48.47969811531246,49.70890808105469,9378000,81.9381535810294,84.40755128514861,81.88542847074224,84.0823974609375,14116900
2021-07-22,276.5747923551374,277.78316845679444,275.18983602312716,275.7103576660156,981800,152.10999351485052,153.6458290676333,151.4723038818048,152.66683959960938,5281900,143.00693860738033,145.22151233826582,142.87954652855333,143.8496551513672,77338200,299.11058850788413,299.1379500754368,296.7300207917726,297.943115234375,2208100,127.23568852185855,127.87164794172931,126.8923289019367,127.81043243408203,14302000,49.70891079171323,49.874547843796755,48.976615240769725,49.403785705566406,6765500,83.85391354758578,84.56573608279905,83.34421511610404,83.98573303222656,9235300
2021-07-23,276.807245276644,277.6066362551168,275.2177958356459,276.12872314453125,1000600,153.58296641565178,154.64277212030223,153.02612027962326,154.29249572753906,5014900,144.5845687137355,145.73105246266147,143.96722555965206,145.5742645263672,71447400,300.5061273540611,304.1362535685777,299.1106315386015,303.5798645019531,2786400,129.80988959225203,132.7642708837393,129.18289754735918,132.38209533691406,41506000,49.192963779194514,49.438927525768975,48.08612356860471,48.613189697265625,10623800,84.60968506745564,85.39180564310084,82.77302185408753,83.08938598632812,13222800
2021-07-26,275.2177728421861,277.45788851185006,274.80878742063624,276.52838134765625,1205500,154.31945302871813,154.60685262367602,153.45722683460366,154.36434936523438,4484900,145.29012038238656,146.81876560092866,144.731568886007,145.9956512451172,72434100,301.0533290769346,302.4123332590689,298.1437619140946,302.06573486328125,2752000,132.6940965511764,133.5982667591998,131.67197525217534,133.39723205566406,30572000,48.93820983372699,50.3788602659071,48.815227970151284,49.95720672607422,8756300,82.93119012719188,84.94361458188884,82.9136106202031,84.8381576538086,11420600
2021-07-27,267.23326813314014,268.0512388489909,259.44399477033784,262.7065734863281,4837200,154.30147699125396,155.1277696209156,153.28656768201043,155.07388305664062,7089300,146.1230591950451,146.21126178557984,142.6248149690265,143.82029724121094,104818600,302.62215084550536,302.70423555161244,297.3958685452768,298.4903869628906,2910300,133.61169451326654,133.75948644247185,129.4849253186619,131.27236938476562,54710000,49.33350780266986,49.73759199933494,48.61318263435236,49.482845306396484,7363600,84.2581605645279,85.28634724831957,83.94179646253322,84.78543853759766,8972900
2021-07-28,264.17521368752534,264.25886592533595,260.52225747159645,261.9629821777344,2732100,155.13677485300573,155.72057805145604,154.55298535917754,154.64279174804688,5750700,141.89964155731053,144.0162339928002,139.67525927689903,142.06622314453125,118931200,297.7242842133767,300.3784403186901,296.1645910363192,296.90338134765625,2376200,135.66339140380205,137.6389469068572,134.63381368054618,135.44642639160156,95130000,49.61461861508645,50.203179046375396,49.02606153480232,49.82544708251953,6167200,84.81179381456268,85.14573069150411,83.968158516539,84.42512512207031,10054000
2021-07-29,261.96295026545187,264.58416686276064,261.368080524719,262.046630859375,1820800,155.14576508512815,155.6846445322106,153.66381577025163,154.64279174804688,4214100,141.78209306542092,143.60471228712836,141.67430319389587,142.71299743652344,56699500,297.78811088362266,299.6761429490218,296.8304279816306,298.6454772949219,2172400,135.502164347923,136.01073448465564,134.89805792374722,135.13143920898438,31716000,50.440346151820314,50.80929505664351,49.9484187467282,50.14167785644531,6306400,85.12447341413784,85.73528292738798,84.56676925590806,85.23069763183594,9016200
2021-07-30,260.2619486205881,262.12096253930656,258.20774618296855,260.2154846191406,2337200,154.96610243018603,155.3612888568565,154.33740298076492,154.66073608398438,5346400,141.4783070482548,143.38911365343876,141.21372922534522,142.92855834960938,70440600,298.1164873744075,301.08988050334443,297.65131277744996,299.33868408203125,2381200,134.39249880235968,134.6607172337071,133.61621130526896,134.08546447753906,25576000,49.86057966738543,49.98356488814643,48.946998627336036,49.245670318603516,8660100,84.92971571554588,86.05396473691944,84.56676497988639,84.96512603759766,8320800
2021-08-02,260.9963104644099,262.68799185337923,255.97697772242137,256.69268798828125,2490400,154.90322873894914,155.23553834563052,153.8523996515395,154.72360229492188,3721500,143.41849700972153,143.99663576121543,142.3308048906137,142.5953826904297,62880000,300.98955685533343,300.98955685533343,297.7242884555326,298.4539489746094,2016400,134.47409278802186,134.69254605827192,133.15738980965833,134.2128448486328,21634000,49.658537481916554,50.73902535897012,48.60440525620891,48.6483268737793,8469500,85.62020416061087,87.10740398798482,84.96513005624038,85.18643951416016,9409600
2021-08-03,256.804166400887,261.85138208362946,254.91726851969585,261.01483154296875,2151100,155.13672962161166,156.7264516214837,154.87627335381998,156.62765502929688,6033000,142.87958558722158,145.06476404375383,142.26224220829448,144.3984375,64786600,299.48460459278795,303.7349451690199,299.1927292610414,302.7590026855469,2405900,134.49197943945262,135.0861388460212,132.68512739616747,134.98463439941406,20762000,48.39357490278089,49.8693639821062,47.88407477613084,49.755165100097656,9888200,85.64675644105326,85.89462194238898,83.94710150004109,85.51396942138672,7044800
2021-08-04,259.63926148952015,260.5316089207892,255.6888554666244,255.72604370117188,1978800,156.45701495974674,156.807291316862,155.61275561064357,155.70257568359375,4793100,144.31021898611445,144.81975742745607,143.34011030565534,143.99664306640625,56368300,301.61884573981587,302.740725721686,300.43314065439966,301.2722473144531,1783700,134.70547712760563,135.0040526928008,133.84707807248856,134.4825439453125,19676000,48.604404693435434,49.632184606901454,48.235455737905994,48.25302505493164,7629600,84.77922788409339,86.34610269698553,84.59332874175227,85.23955535888672,7137500
2021-08-05,256.4509580758832,258.1984356548986,255.30768269855963,256.3580017089844,2089700,156.1426537615369,156.1426537615369,154.8582981333242,155.9989471435547,4291000,144.0260371733782,144.86875375710454,143.2323186955207,144.10443115234375,46397700,302.77718310114324,306.4620319938494,301.983669793292,303.8260803222656,2284000,135.03491292404775,135.7012372072588,134.20438041159676,135.6031951904297,17870000,48.71860411292059,49.737601124641444,48.35844146268317,49.149044036865234,6573100,85.72642345491307,86.69133614802168,85.72642345491307,86.60281372070312,5675000
2021-08-06,257.16674741610933,258.82126895534356,255.64234212321836,256.794921875,1701800,156.22349003758103,156.22349003758103,154.8852477985902,155.47802734375,4581100,143.62359013779354,144.3694263865435,142.91700212338765,143.41749572753906,54126800,305.2672680214369,306.1975893855177,300.18692230952297,300.8436279296875,2656600,135.39468924235564,135.8231370611958,134.56664735492504,135.09262084960938,20488000,49.7112471443978,50.220743957556685,49.28080723498354,49.63218688964844,5038900,87.31100018562721,88.50607659683097,87.01002258097,88.2847671508789,9317900
2021-08-09,255.66088751178125,256.5253505751273,253.34642417250217,253.4486846923828,1847600,156.02594430092967,156.50196064583562,155.3164011950058,156.0169677734375,3950200,143.47634428340314,143.9670294656135,142.80901962336827,143.36839294433594,48908700,300.287264762269,301.96550626225394,298.5451703108474,299.85858154296875,1995300,135.29566392097962,136.5312574721782,134.69552108517198,136.26153564453125,17760000,48.903075589087734,49.3422984847009,48.51656064730986,48.70981979370117,5410600,88.14312926983466,89.40016535050044,87.61198792978996,89.1788558959961,8297700
2021-08-10,253.2906410513725,255.02881448988757,251.8591924217657,252.1380615234375,2144700,155.61273764854417,156.3761670666423,155.18163149830698,156.07080078125,3678300,143.71189030419347,144.9582349617114,142.59312859632232,142.88754272460938,69023100,299.7764474135086,303.9446749848933,298.39005365544995,302.33941650390625,1868100,136.68849445684972,137.11695747144506,135.7156522799874,136.1560516357422,19414000,49.061190851788204,49.878145618324,48.982130604994275,49.6146125793457,6781800,89.17886182561685,91.11753493720494,89.04607479331935,90.32967376708984,8490500
2021-08-11,253.2163421554252,257.6221968277702,252.13811049208175,256.794921875,2017800,156.50194128140637,156.69953449876257,155.88221834557288,156.0977783203125,4221300,143.32914770557306,143.98666406649497,142.81883091257257,143.14268493652344,48493500,304.45544812576264,308.78787302535346,304.0906179116967,307.3741455078125,3258600,136.52877157272962,137.02737959411166,135.6230978548488,135.6305694580078,15352000,49.526772847194145,50.38764928918027,49.14904090261798,50.238311767578125,6071800,90.54212454014788,92.00276831635608,90.1614720015461,91.95850372314453,8793200
2021-08-12,257.0086990017403,258.9699452589476,254.39678646382984,256.63690185546875,1211200,156.11571637624928,157.43597815186402,155.90913296587095,157.3551483154297,4300400,143.46657427615585,146.27329486677428,143.1230885670886,146.11627197265625,72282600,307.6934015836602,308.44132166176144,303.06910109034925,304.6561279296875,2554200,135.32850593354098,136.64671242222548,134.78113505145,136.5412139892578,16506000,50.194391547299254,50.580909836792166,49.65853908305116,50.10654830932617,4729200,91.64867393035368,92.70210913768197,91.630972144961,92.65784454345703,6302100
2021-08-13,255.82822541463952,259.1000798887195,255.39135598385218,257.6407470703125,1946200,157.43602201497143,158.33416810456583,157.283338824295,158.29824829101562,5882100,146.19475896699817,146.6560042822418,145.5078026382922,146.3223419189453,59375000,304.51023009648236,306.2796862030543,301.883435346863,302.19354248046875,2217000,136.59695274010096,137.2005732785882,136.3809899827842,137.07217407226562,15948000,50.027491049966805,50.27345481182142,49.06119861938593,49.1666145324707,7399800,92.50734290670383,92.746354122434,90.90506477452077,92.01161193847656,8312200
2021-08-16,257.2875131010758,262.9389312573076,255.76313644947842,261.804931640625,2757900,158.56768548474693,159.77119788454598,158.02879238099942,159.72628784179688,4782800,145.77275011469712,148.37339061458732,143.7413212084629,148.3046875,103296000,301.6371158973259,306.12460856117997,299.13799953181393,305.5955810546875,3496300,136.8706151743202,137.70413924909806,134.65520911093867,137.65138244628906,22384000,48.507772311314305,48.82401329742136,47.96313356812799,48.14760971069336,7464600,91.36539085287511,91.90538644128364,90.46245128510989,91.81686401367188,6540300
2021-08-17,259.52772872847936,260.7268011039311,255.4193222931885,258.27288818359375,2939900,159.25024813914197,161.22616638818008,159.25024813914197,161.19024658203125,6041900,147.4312770374107,148.85426118078644,146.31251533457103,147.39202880859375,92229700,292.7807567712393,295.14306545610646,288.7766701325902,292.552734375,9322800,137.09456747401367,137.60761757330292,135.4345047652253,136.01124572753906,21716000,47.79623084853613,48.701028855649625,47.655679669266036,47.892860412597656,6497900,91.01129611738862,91.93194424046119,89.94015918913466,91.06441497802734,6492900
2021-08-18,256.599741396922,258.05907442941003,253.21635012354795,253.53237915039062,2136600,161.2171861119273,161.2171861119273,159.08858475319764,159.14247131347656,7134100,147.00929375834372,147.91215275914686,143.4272826956147,143.6333770751953,86326000,291.2667296853436,299.03772412833695,290.95662251875615,293.2824401855469,4880600,135.8504983673145,136.4521294137989,134.67760864209106,134.80450439453125,19258000,47.769881903761046,48.367225295352384,46.96171005295907,47.02320098876953,6647700,90.63064507485478,91.23260705925132,89.51525029063095,89.6391830444336,7839800
2021-08-19,250.96688233669116,251.6454326378404,246.35653570003342,248.69888305664062,3101100,158.6305621234243,161.06454412016126,158.13659272487592,160.3819580078125,5615000,142.328139087416,145.24281019262168,141.808014005634,143.96702575683594,86960300,290.7650278012247,296.60239520095206,289.86204024280227,294.5137023925781,2974700,133.79583845464464,135.70370932909012,133.61121999580743,135.03440856933594,21782000,46.26773501750821,46.5400544003281,45.16089487150691,46.06569290161133,11306400,88.1254240796403,89.18770671867884,87.38182082925066,88.2847671508789,10644700
2021-08-20,247.62065042893894,249.57262073363552,245.4549116761847,247.76007080078125,2404600,160.6693470076368,161.59443634663236,159.93287436996258,161.163330078125,5428700,144.6932629269492,145.7335132179683,144.04555482987226,145.42929077148438,60549600,294.2765874055804,300.69767783217986,294.12151993392376,300.2963562011719,2929900,135.35288644524337,136.89949307166904,134.60645508617034,136.7755889892578,31194000,45.56498441558004,46.548846161180485,45.31902065468239,46.355587005615234,7068200,88.33788054146451,89.4267192492408,88.09001503900579,89.10803985595703,6496900
2021-08-23,249.10789742114454,250.1675491080907,247.87166548601226,248.08543395996094,2041400,161.17233650722574,161.66021127555365,160.40437042046221,160.46762084960938,6461700,145.54706225084624,147.39204365611192,145.13488842138761,146.92098999023438,60131800,300.9894925072052,301.4728987605689,298.59982280813364,298.92816162109375,2792700,137.31302050167736,140.20419691127913,136.95274343167395,139.3751678466797,28454000,47.56783452067837,48.42871087786849,47.453635644937584,48.13003921508789,8022200,90.28540226667904,91.07326337653845,90.04639102988635,90.43589782714844,5430700
2021-08-24,247.9739137119485,250.11176878774825,247.52774007281076,248.93130493164062,2111700,159.9074618659708,160.10622922976643,158.36249986302406,158.46188354492188,5734800,146.6658256638388,148.04956173285944,146.37141150401135,146.83265686035156,48606400,299.8585398985279,299.93149480806255,295.9821596919533,296.3378601074219,2359500,139.94242399461834,141.40394225947364,139.67072799216066,140.58934020996094,19268000,48.472640481268336,48.920646373783896,47.998278935542544,48.6746826171875,6245500,90.90506558089302,91.56899388515586,90.76342430081286,91.2591552734375,5339700
2021-08-25,249.10783381966715,252.68644083697785,248.46647182896194,251.31076049804688,2116200,158.73294020365802,158.9226639250935,157.10666794678122,157.41384887695312,5700300,147.01909921664708,147.51960771111226,145.04655007679514,145.5961151123047,58991300,295.6538469521508,297.8519862928504,294.70526594657025,295.4075927734375,2586900,140.9511195496134,141.51293245081183,140.70331138846305,141.4029541015625,15848000,48.70981176233531,49.53554946357716,48.358432163379014,49.21052551269531,6125200,91.41850680719271,92.92341515525912,91.21490589049735,92.14440155029297,5612100
2021-08-26,250.9111448141026,250.9111448141026,247.98320316938145,248.60595703125,1312100,157.16089747258565,157.85658338601337,156.34776811947955,156.57363891601562,5031600,145.58631977895118,146.34196428288527,144.76195717766552,144.79139709472656,48597200,294.7964026830576,296.41992067689995,292.78069293354054,293.218505859375,2952300,141.07552321093658,141.73984285117388,140.68438784337567,140.7675018310547,20610000,48.973350174602146,49.27202186127667,48.279377233357714,48.428714752197266,5209000,92.63128100111362,93.52537305232347,91.77259927165574,91.92308807373047,6882800
2021-08-27,248.5966924259768,250.2697939078073,248.09475063490513,249.01495361328125,1551700,157.45901111438275,157.45901111438275,156.07668327136167,156.2393035888672,7046100,144.73253501944617,145.97887990121833,144.09465010548706,145.83168029785156,55802400,292.6712838136838,295.56259194714534,291.5494037058688,294.9515075683594,2985400,140.97848926563262,143.82488149852614,140.8237268532217,143.3188018798828,28780000,49.00848962346057,50.17682073861089,48.77130886677487,49.843013763427734,6549100,91.96735124938552,93.36602854484191,91.78145212841902,93.34832000732422,5900600
2021-08-30,249.80499849733627,249.8979548677119,246.72833269212438,246.8212890625,1761600,156.11282514325208,157.45901980761334,156.10379527602194,156.89886474609375,3252700,146.22421412051892,150.63057334625535,145.84148019931877,150.2674560546875,90956700,297.2590936849828,300.53349166523066,296.6206198980712,298.344482421875,2926900,143.7129120778502,145.2759501615927,143.47704025354426,143.9025115966797,24434000,50.0538312284121,50.19438239414177,49.35107539976375,49.36864471435547,4838600,93.50766860515515,93.66701168309562,91.95850241833385,92.14440155029297,6459700
2021-08-31,247.30463693778316,248.113303511368,246.02191270397137,246.96072387695312,1637600,156.74526785340888,157.64875083738738,155.8327412165146,156.42001342773438,7106800,149.81601938873746,149.953410655414,148.4715316635546,149.00148010253906,86453100,298.2532912260979,299.4116349666135,295.17042400695686,297.50537109375,4183100,144.4563725246217,144.48074635237265,143.59449575192565,144.00900268554688,22448000,48.97334563521134,49.48284572743191,48.57804441728233,48.780086517333984,10500500,92.3037322609298,92.69323901122486,91.50702373180289,92.44537353515625,7215100
2021-09-01,247.33250137169554,248.58734142973958,244.96226999140205,247.18377685546875,1760600,156.21219422693193,156.97113037109375,155.45327186882562,156.97113037109375,5327400,149.98285372785378,152.0927942907588,149.50197679710354,149.66880798339844,80313700,298.4495834832471,298.65126450418654,293.6092669569835,296.6894836425781,3339100,144.31006164544272,145.55809268141408,144.19411512479778,144.5245361328125,21936000,48.8064387371181,49.12267633824074,47.805007938382296,48.00705337524414,9319800,92.54276477976342,93.02079402473046,91.6840829927205,92.33915710449219,5762400
2021-09-02,248.23712271849308,250.72593822296804,248.1811968371819,248.9641876220703,1311300,157.5132586425378,158.28122488117017,157.1247674817174,158.0463104248047,4544300,151.00343927935097,151.83761000211953,149.56082377850586,150.78753662109375,71115500,297.96367653694847,300.8513600307504,296.7444423422423,300.447998046875,3109000,144.5250470301467,144.82710026541315,142.50370495740134,142.605224609375,32342000,48.54290304017841,50.05383056499965,48.49898142978329,49.72002029418945,6696600,92.95881204906127,93.40143089563773,92.38340619774633,92.79946899414062,5708400
2021-09-03,248.46087423335234,250.35310944061297,246.91355328950573,247.98550415039062,1524800,158.19988096141395,158.30829451134719,157.03438015540485,158.14566040039062,4096900,150.89552760123323,151.74933014670412,150.23801114177232,151.42547607421875,57808700,298.23867240811893,303.34484662581434,298.0828445424149,302.83148193359375,2774800,142.3996963220879,143.4690770503106,141.72292401737542,143.05555725097656,19850000,49.4916327532008,50.02748518672908,49.14025311944321,49.40378952026367,7954200,92.7198058935597,93.24209971100146,91.86112414127355,92.28604125976562,7195400
2021-09-07,248.2371546880353,249.2252166471575,245.11449316218963,245.7483673095703,1634500,157.5222867856419,158.13664868720073,155.10094486606357,155.68821716308594,6859900,152.08297672118582,154.33030841689003,151.5137800748948,153.77093505859375,82278300,303.4640608618276,304.86665169767696,299.677974834159,301.5572814941406,2555200,143.1501019140415,143.87712527974648,142.93562743950727,143.59397888183594,20124000,49.09632428306543,49.61460732358874,48.59561055674677,49.175384521484375,6632600,92.13553764300441,93.27749503944074,92.12668337529726,92.22406005859375,6792100
2021-09-08,245.38477990093187,245.42207330260257,241.2740570975548,243.3061065673828,1963200,155.05577216143473,156.28450978395995,154.5678973314294,155.30874633789062,4661700,154.0555098943376,154.1143897180931,151.11139891038036,152.22035217285156,74420200,301.5572634459437,304.28909114599264,300.3471774704202,303.9682312011719,2219500,143.41435941010917,143.71291982188708,142.31958727963766,143.00729370117188,18344000,49.47407033418358,49.728820436625355,48.481425578775784,48.56048583984375,5228900,91.9319551937291,92.56932756670612,91.24147070761374,91.68408966064453,5601000
2021-09-09,241.54437656474664,244.9000714419038,239.82924994898403,241.62826538085938,2132800,154.6672821975912,154.9292862444517,151.5141210504202,151.84841918945312,7114600,152.59329705325342,153.20174194196827,151.0819781706379,151.1997528076172,57305700,304.765820992692,305.9392301204351,303.31737705258814,304.1424255371094,3011900,143.15609142885285,143.62385633358934,142.4962516421247,142.85801696777344,15314000,48.446280843906344,49.66731980928457,48.165178492927375,48.824012756347656,6285800,91.48932345146814,93.15357480467006,91.44506561464938,91.92308807373047,6145700
2021-09-10,243.79085138893208,244.42469702612254,239.78264961992372,240.0716094970703,1717500,152.28204257225948,152.76991726284822,150.7641841612133,150.8545379638672,6699300,152.11239429112135,152.58344783541474,145.92975849599713,146.19473266601562,140893200,306.1867125945705,307.31429648786093,303.84907073982384,304.30743408203125,3178600,143.5262839446984,144.0298881380867,140.0683293807008,140.20567321777344,36840000,49.72881708330869,49.84301597515175,48.71860307678383,48.95578384399414,5055200,92.44538058132373,92.76406671879576,91.36538942142722,91.72834014892578,5958600
2021-09-13,241.8519604526682,244.12637420969466,240.25801610907735,244.08908081054688,1848000,151.71289582308586,151.89358970412718,149.19218378531943,149.79751586914062,6273500,147.82384373270557,148.5991198416723,145.97886239429423,146.7639617919922,102404300,307.05762784825987,309.0744098582738,305.0408178619665,307.5159912109375,3908700,141.2740697555955,142.26981270269945,140.5779046748235,141.65525817871094,22094000,49.69367234279741,51.020127209326716,49.69367234279741,50.58968734741211,8456500,91.92308550533922,92.5250474506472,91.37424241808918,92.4188232421875,6112200
2021-09-14,244.4153403763288,245.11444228417372,237.42433552114426,237.88107299804688,2583500,150.33956168225563,150.4660487474452,148.6319794091683,148.8939971923828,5259600,147.54904724190396,148.25563513558592,144.17313063309547,145.36058044433594,109296300,308.0477138177057,309.3861271485512,304.73834340880177,305.3800354003906,2857200,142.31509952248697,142.68085878606388,141.075527179142,141.86624145507812,19674000,51.143120282150015,51.20461122576126,49.7288218770812,50.018707275390625,7880700,92.37456772808015,93.30407016638969,89.99328251884283,90.21459197998047,8400600
2021-09-15,238.91577612888318,242.02910695848666,237.58282847468647,239.17677307128906,2285900,149.0747013757539,149.94205115871435,148.45129587332252,149.45416259765625,7935300,145.7923558779485,146.65596645386233,143.6431527239491,146.25360107421875,83281300,305.5999851579681,306.80092281763484,302.61147527797226,305.6091613769531,2875500,142.09216342027784,143.76317524274404,140.67494311484762,143.74227905273438,27408000,51.02890635962356,52.232375924510755,51.00255406326236,52.10939407348633,10766000,90.43589037922182,91.48046442434607,90.12605176846482,91.21489715576172,6691900
2021-09-16,240.46312721946487,241.8054053472537,238.6641115504609,240.84530639648438,1711900,149.6619591049876,150.39379194299795,148.3428815952107,149.27346801757812,5665400,145.67462626455162,146.19475138463315,144.4773531646783,146.01809692382812,68034100,306.8468612242804,309.70704497563264,306.3426725669887,308.3778076171875,3043800,143.26557653919002,143.6134161513383,141.72395077070135,142.92669677734375,26190000,52.074263719967504,52.40807404794297,51.61747152142336,52.03034210205078,8773100,91.63097535921452,92.21522885127106,90.07295479068193,90.7103271484375,5881600
2021-09-17,238.0674968686727,240.22072846495084,236.84640114771943,237.89971923828125,3082400,148.44228178216073,148.99340704574684,147.77369929952985,148.84884643554688,13419800,146.04753509048223,146.04753509048223,143.0445293968297,143.3389434814453,129868800,307.05760705058674,311.3662055821582,307.05760705058674,307.7176513671875,7098400,142.34993679970833,142.7674353957721,139.80161903772358,140.1300506591797,53384000,51.889786687674594,52.6276812019896,51.63503663310057,51.758018493652344,13741300,90.40932491021253,91.96734517121673,89.77195943209185,90.07293701171875,17485600
2021-09-20,235.00078939355913,236.74387902759693,231.31885532235296,233.77969360351562,3474500,147.70140643171092,149.22829500518964,146.51784583174077,147.9995574951172,7270800,141.12106347538898,142.141682080616,138.63819761482773,140.27708435058594,123478900,304.19748609572696,307.4610597178349,301.080620116449,303.6291198730469,4036600,137.50410463134253,138.33861588686366,135.6733644328631,138.0594482421875,46518000,50.501841521450785,50.95863030720694,49.45648906099769,50.13289260864258,10001800,87.41723560952505,87.85985452400365,85.7529909224638,87.31100463867188,15443800
2021-09-21,235.830395843498,236.65068003265958,231.89678098840525,234.96351623535156,4481100,148.72236575743372,149.96013329372425,148.38808139474133,148.65008544921875,6663600,141.24861971901947,141.9061509958665,140.12004986680236,140.7579345703125,75834000,305.29755102914527,308.90945716618774,304.35332346395603,306.3884582519531,3171100,139.08454245988372,139.3453044410875,137.62004753126166,138.3714599609375,25332000,51.36271932469242,52.557405970366105,50.703885073122756,52.11818313598633,13923100,88.019199083631,88.28477313831591,86.70904410305619,87.01888275146484,8985600
2021-09-22,218.28756031320322,219.03327181663255,213.4404568758083,213.53367614746094,17792400,149.39092926645634,149.9330108300273,147.83693730264946,148.10797119140625,5657100,141.7589309289446,143.7020398490534,141.02290323463595,143.1328582763672,76404300,307.8827593568331,310.77044372539575,305.69176846360267,307.9560852050781,2872800,138.64118089062606,140.21664143476931,137.89225891810773,139.6160125732422,25056000,52.89121502301552,55.245449777344795,52.89121502301552,54.6920280456543,15753000,88.01920106536613,90.13491901948362,88.01920106536613,89.23197937011719,9497700
2021-09-23,213.52436565440505,215.59369415278184,212.6015460439659,213.38453674316406,7092700,148.53261862983825,149.7703998722267,148.30674785103005,148.94822692871094,4697900,143.91798052970498,144.33997763935906,142.9268016969767,144.09463500976562,64838200,309.7070203881578,311.24711490488204,307.6535610325254,307.937744140625,2426600,140.31666950445637,141.02229564251655,139.73345921270854,140.54408264160156,20952000,54.6832483503874,56.32594432801394,54.6832483503874,55.96577835083008,11886800,90.08179778049718,92.05587423453083,89.94015649480833,91.66637420654297,6087900
2021-09-24,212.52701342260417,213.4591494463875,211.22202867861427,211.25930786132812,4973400,148.84883305913746,149.6619622928373,148.0718370817112,148.49647521972656,4399300,142.94643143467502,144.72270965382597,142.84828839430818,144.18295288085938,53477900,308.73514886550447,309.7068767152453,307.6075652015498,309.3860168457031,2004900,139.869793451718,141.65327424223068,139.57370839647646,141.53831481933594,22984000,56.03605823814309,57.705106594133866,55.8164467887235,57.11654281616211,11128300,91.52472568446696,92.17979969441399,91.01128619518224,91.09981536865234,5529300
2021-09-27,210.66272308931508,213.69216490365258,210.36443276042814,211.1381072998047,4335500,148.1712335960067,148.4964880748549,147.1322335089947,147.4213409423828,5775500,142.75997776343394,143.24085473271322,141.14072231560772,142.66183471679688,74150700,308.81769800632884,315.11560553195017,308.81769800632884,312.9796447753906,2966100,140.13452783317547,141.26313470256505,139.40103511550925,140.4007568359375,21882000,58.59233366033239,58.81194511588388,57.80173778195485,58.60111999511719,13508700,91.93194305889521,93.62275047812764,91.91424127479546,93.03849029541016,8195200
2021-09-28,210.4949704317994,212.57362984862172,206.71048610698614,207.3070526123047,4717700,147.35808713380945,148.08990617949163,146.15645305426017,147.0960693359375,7610400,140.58131390847566,142.05336955149633,139.05037843565805,139.2662811279297,108972300,312.9430158782341,312.9430158782341,304.77497692522235,306.0033874511719,3304100,137.99524013807448,138.4346371727659,134.7159204771809,135.18368530273438,45772000,59.339005229786174,60.29650775343494,59.005191599736776,59.558616638183594,14995200,92.30375045038352,93.79095035369171,90.04639791664205,90.32967376708984,14183500
2021-09-29,207.8663052196806,209.0221588533852,205.8156090890722,206.08592224121094,3737200,147.26772875972802,148.76751384593464,147.0689613971678,148.1892852783203,5124100,139.81584971450067,141.7589590196526,139.38404431901697,140.1691436767578,74602000,305.6000204393492,310.6603700784835,305.6000204393492,308.87274169921875,2424000,136.3282160833576,136.4984076534218,133.2280476280008,133.71421813964844,30848000,59.40926619926024,60.155950228915486,58.51325474648406,59.769432067871094,10563700,89.47984777002533,89.94902277230767,87.73592804167089,88.12543487548828,11543000
2021-09-30,206.55199653019346,208.0247730007886,204.16573083418405,204.4080810546875,3858600,148.74944220325006,149.43608432781562,145.8311959412756,145.91250610351562,6972300,140.98365495417121,141.69024273837414,138.64798894669374,138.8638916015625,89056700,310.0736905149957,310.5045532670582,300.3472317601058,300.9247741699219,4255000,133.622656505888,134.89755184426153,132.92050809949572,133.03993225097656,37996000,59.92756163268388,60.516118593176444,59.48833882001632,59.532257080078125,15845900,88.72737817529675,88.86015842803167,85.20412913646322,86.1424789428711,12258400
2021-10-01,205.07923595697284,208.89168300140093,203.3734253725319,207.42822265625,4033100,145.9396388298233,146.27392319916152,143.31049943372903,144.98194885253906,8568300,139.25641928169998,140.2574210346568,136.5184031325924,139.99244689941406,94639600,300.82391490527374,305.02253961021427,297.55119328562694,302.3915100097656,2814200,133.80777646067884,136.25906983258642,133.43506190185735,135.893310546875,35360000,60.06811289278953,61.781085981642406,60.0066219635697,61.57904052734375,13482300,86.69133914219823,88.444112980488,85.92117981488737,87.68280792236328,7912700
2021-10-04,206.22576525979824,208.7984553933766,202.51585389196796,203.08445739746094,3924100,144.54828604056908,145.4607991342683,142.45219834256775,143.85260009765625,8620700,139.11905228846942,139.56068091563057,135.69407942788672,136.54786682128906,98322000,301.14479855566145,303.0790789625159,297.1662070095233,299.2838439941406,2919900,135.31355994072126,135.31355994072126,130.4264333828189,133.0235137939453,51202000,62.237863308970255,63.7839292897369,62.0446042236235,62.80006790161133,12423500,87.68281545860158,88.97526196389497,85.84151903167852,86.00086212158203,9482100
2021-10-05,202.73957580880187,211.09152045438097,201.65829465757102,209.05014038085938,5326900,144.43080007736611,145.56015388324252,143.78932104976315,144.17782592773438,5129000,136.89137056313777,139.59013932235956,136.76378761176298,138.48118591308594,80861100,299.67798107826576,304.5274736149067,299.1554400953626,302.04315185546875,2514300,133.4032141822642,136.57156882234636,133.4032141822642,135.3757781982422,32404000,63.33593830729308,64.00355896516287,62.11489923027357,63.01091766357422,11270100,86.94803795273887,88.28474861673762,86.28410975426509,87.81556701660156,8850300
2021-10-06,207.00875486429615,209.67466426801815,204.91144896279948,208.98487854003906,3652900,144.43983562261465,144.51211592335886,142.60576607266051,144.47598266601562,7312600,136.87174803273044,139.50181384644353,135.79223446768353,139.3546142578125,83221100,300.8331016471129,303.11574266649,298.30292646091254,302.8498840332031,2226800,134.10883795724234,137.09456347762622,133.90979262645382,136.9104461669922,24364000,61.84258689884262,63.34472844268289,61.306734413951034,63.08119201660156,10613500,86.94805163324317,88.04574453636053,86.06281389599383,87.72705841064453,6912700
2021-10-07,211.59488657062974,212.2100997865779,207.38162757798597,207.81973266601562,3954100,144.5753388072628,146.91535623047534,144.5753388072628,145.76792907714844,5309200,140.39483345627966,141.5332266041183,140.06117114642012,140.62054443359375,61732700,305.7283404371913,310.9720180399028,305.14162194746933,309.3769226074219,2789500,138.23112248140887,139.37565966392003,137.99127188020964,138.5625457763672,25110000,63.256895711263475,63.36230493760165,62.02707002190171,62.81767272949219,11521300,89.0195080594606,89.33819419721563,87.36411775071852,87.46149444580078,7959600
2021-10-08,207.3070445759192,208.74254200771324,206.3935552614019,208.27647399902344,2365000,145.74989360005137,146.0118976211251,144.78316011024484,145.39752197265625,4343200,141.3467460658672,141.49394560330728,139.9041307008721,140.23779296875,58773200,305.27006340927375,307.4793786367473,303.32660682113203,306.49847412109375,2912200,138.91287261391636,139.66328280927024,138.55508607158956,139.12039184570312,26526000,63.415010256730596,65.9712842838916,63.415010256730596,65.81316375732422,12310500,87.65623496811084,89.1345870749591,87.09853764285309,88.5591812133789,5301100
2021-10-11,208.82641448788235,209.33909210195995,204.47334133428848,204.90213012695312,2884700,145.33428255519314,146.22873572893906,144.50307981163706,144.7831573486328,4101600,139.61958738462852,142.11226190434272,139.16815035886378,140.14952087402344,64452200,307.6534822236379,312.47544558077374,306.73675553523395,308.9093933105469,2589100,138.62922859464507,140.04247013215831,138.19827504426897,138.25302124023438,17954000,65.99762360172737,66.34021689154345,64.78537093791734,64.97863006591797,9585200,88.5946006495414,89.12574197880343,86.0539657320306,86.12478637695312,7003900
2021-10-12,204.9021347966402,207.0087569586364,204.7716221071136,206.3003387451172,2541500,144.55728901572346,144.7199093485586,142.15402077718326,142.47024536132812,6686400,140.56170741611578,140.5813390210631,138.41250339746108,138.87374877929688,73035900,310.89878783974456,312.64971167589755,309.3036639403751,309.67034912109375,2960300,138.81632757309202,138.84320712107439,135.11402671387663,135.7997589111328,36332000,65.12797898284957,65.5408496312966,64.14411715467813,64.4867172241211,7635600,86.12478335788757,87.39067363773154,85.59364204724446,86.55854797363281,7913300
2021-10-13,206.95282370898556,210.13139642901848,204.61315341560177,208.54676818847656,4595300,142.58772102797937,144.6295880366627,142.52447058853974,143.8345184326172,6901100,138.6087661510849,138.7657740406363,136.60676207042818,138.284912109375,78762700,309.2302712063002,311.90709762518946,308.5243737104137,310.1103210449219,2477400,136.74870263527313,137.34336323308608,135.86940738847895,136.92735290527344,19654000,63.643397023292714,64.79416560567475,62.77373753743921,64.3285903930664,8517500,86.85953448950279,87.79788438679394,85.58478990916133,87.25788879394531,10170900
2021-10-14,211.03561274583248,213.0583606510201,210.44837665964207,212.0143585205078,2841400,144.29528952662855,145.58726372047158,144.19590583586694,144.65667724609375,4579200,139.4625622924774,141.1995922695785,138.8737340029269,141.08181762695312,69907100,312.1729428698151,315.69317005010987,311.778757102064,315.3998107910156,2824300,138.81036282552063,140.66499093729985,138.16444879019394,140.47938537597656,31894000,65.25972530612725,65.54082763382837,63.985975147787684,64.87320709228516,8152600,89.60377633546769,89.92246250205089,86.58511202250699,89.41787719726562,14766800
2021-10-15,212.8532342398914,213.92518481436116,211.90245165820232,213.5709686279297,4177900,145.48789771838563,146.19261350726384,144.92774254929256,145.73184204101562,6918400,141.09163451508613,142.20057294661328,140.83646861307787,142.14169311523438,67940300,317.68252673494936,321.7252954535508,316.95830469851904,321.2302551269531,3473500,140.94066055286473,141.0436684353912,140.08525320995577,140.69532775878906,30274000,65.5584043784875,65.82194078617533,65.11918150034727,65.12796783447266,6945100,90.70147348675704,91.37425617488057,90.16147783302789,90.41819763183594,11678100
2021-10-18,212.54563996005976,214.15823114569358,211.29656699701454,212.5083465576172,2676800,144.78315239330092,145.3613809684216,143.83449247532226,144.6656951904297,7465500,140.77761502747842,144.10446089134766,140.49302413124795,143.8198699951172,85589200,319.93769732711377,326.3089606563771,319.93769732711377,325.4472351074219,3487500,140.4052365530088,142.11655251033784,140.39826609427354,142.0986328125,20396000,65.68138363366343,66.54226338943378,65.11917890818405,65.44420623779297,9917700,90.08178923823934,92.01160767286595,89.01065244364683,89.77195739746094,8924300
2021-10-19,213.59892490130494,214.75477847872727,212.22868406033143,213.7574005126953,2088100,145.37042604850438,149.21022924392042,145.21683557501473,148.05377197265625,10081300,144.27127951188243,146.39104349887026,143.81985744353068,145.98867797851562,76378900,327.2164337417846,328.27066386185703,324.90629250661294,328.1789855957031,2375600,142.705247055176,142.9789476935231,141.92150315879596,142.5554656982422,20164000,65.74289376301205,66.63012607717233,65.3388094174566,66.16455078125,6589400,89.89589217121207,90.69260070731987,89.67458274366486,90.07293701171875,6189500
2021-10-20,214.69886961614714,216.21825572749418,213.60827228914422,215.60304260253906,2516900,148.15316702213127,148.84885292625341,147.5026580339239,147.97247314453125,6003200,145.92977457496073,146.96021648343887,145.36057794956784,146.47933959960938,58418800,327.9498022250336,329.6274277605223,326.5472114865863,328.3990173339844,2574800,142.65595589699134,142.8629739512192,140.70378718712195,141.09442138671875,23288000,65.63747389799673,66.8497267382099,65.47935337953328,66.77944946289062,5506000,89.4798381096451,90.22343461702127,88.46181329269388,89.10803985595703,7426900
2021-10-21,215.6030756714917,217.52327369850684,214.97854621185934,217.03855895996094,3833400,148.4422628622374,148.52357302533943,146.61722330273705,147.62911987304688,4524100,146.0377198663419,146.852259056455,145.1152293383939,146.6952362060547,61421000,328.37152701241416,334.4677541927463,328.2981732070439,334.25689697265625,2885400,141.0944288032196,141.47959599698243,139.8314697814444,141.21087646484375,26292000,66.45443450571621,66.45443450571621,65.10162699857233,65.52327728271484,5836300,88.84245760099597,90.07293748430831,88.14311899581817,88.77163696289062,5931400
2021-10-22,217.06650133839636,218.7723118903741,216.59111710847458,217.16903686523438,2577400,147.32195649447112,148.2254396215424,147.23161645339906,147.9182586669922,4304300,146.90135341600217,147.38221538017035,145.87091138995885,145.91998291015625,58883400,334.60532771438767,336.4662822535834,331.9926503821826,335.51287841796875,2734700,138.48790317640055,139.9140834710367,135.40863059451328,136.9119415283203,50588000,65.98887150110225,66.83217892802223,65.87466922217834,66.51593780517578,7170200,89.17885373125954,90.50671042605305,89.02836492676843,90.1172103881836,6761500
2021-10-25,217.5045917131712,220.24507358807367,216.72160095556063,219.42478942871094,2545800,147.9182453080461,148.4512969962226,146.102249349622,148.24349975585938,6715400,145.91014361287867,146.5872915835432,144.86989338673706,145.8708953857422,50720600,336.6220856426823,340.71067925827964,335.51282609320447,340.343994140625,2923400,136.89552127951956,137.3433770805887,134.77963003259802,136.7930145263672,34412000,67.2538123444072,68.50121054888635,66.93757130124459,67.21867370605469,7471200,90.55983419904886,90.94933425804753,89.99328251884283,90.21459197998047,3836000
2021-10-26,222.7712227496641,224.91512450778012,220.82304739399373,221.68994140625,3065400,148.6771571241589,150.00527820890406,148.21638576690177,149.75230407714844,6939100,146.54806209858722,148.0299261985199,146.23401634323616,146.5382537841797,60893400,342.2966233068537,342.901638358097,338.3455051758013,338.4555358886719,2989500,138.60086108273072,139.4164503216993,137.6464245564592,138.64564514160156,49236000,67.36801102516733,68.19374552566613,67.17475187547306,67.66667938232422,5898200,90.4004884622203,92.04703134503899,90.01983593008849,91.5955581665039,7649500
2021-10-27,222.31442834014217,223.71263229196694,219.12652503677356,219.322265625,2677000,149.68908611473137,149.7613664232024,147.54783539725693,147.93634033203125,7018800,146.57747407165155,146.94057630434148,145.72368667066797,146.0769805908203,56094900,339.06974297346403,343.9100594431176,338.55637819458275,341.31573486328125,2840300,138.7416746268211,147.9426797249673,138.7416746268211,145.52175903320312,85782000,66.77411740286472,67.74621823760947,65.61644226256085,65.7755126953125,9025600,91.15292883952748,91.92308133120079,90.14375838201723,90.17916870117188,7542400
2021-10-28,219.57392970963056,220.1145702368991,217.3274787833763,219.94679260253906,1718700,147.9634201430832,149.25539426269145,146.65337250272282,147.13221740722656,6278800,147.02892300470535,150.3165049156438,146.9307799732344,149.72769165039062,100077900,341.9390557644523,342.80078109214867,340.0047758749346,340.6281433105469,2553500,146.43441987780875,146.45780660368192,143.93884362054138,145.155029296875,36206000,65.72249358640994,66.57969938484011,65.50156279725036,66.41179656982422,5195900,90.82095321810282,91.48055977193049,89.849371051016,91.36468505859375,6663000
2021-10-29,218.0452353133253,222.19323736239448,217.70034957023606,219.5459747314453,1999900,146.68048733353166,147.49361661206927,145.1084217708264,147.15933227539062,8526800,144.47737010607145,147.14669913605402,143.6824623755483,147.00930786132812,124953200,339.4914084941422,343.9100381886938,339.2164016568384,340.78399658203125,3820200,144.3877030706484,147.53664980823456,143.96124460171143,147.34158325195312,43320000,65.7755157546788,66.54435733911771,65.36900390591067,65.82853698730469,8079300,91.01705401141821,92.08668662721337,90.8566084389931,91.61426544189453,8056900
2021-11-01,221.1772315417715,221.29841377464115,218.76300268697958,219.64852905273438,1431700,147.4122994549532,148.1531483957888,144.0151943245089,147.2858123779297,5846400,146.21437643649898,146.911141011652,145.04654330331536,146.1849365234375,74588300,341.9390845909302,342.4616255631915,334.33026360421803,335.9620361328125,3380500,147.34155944199966,147.34155944199966,142.54398596575396,142.81419372558594,46924000,66.23504147973232,66.6415600256235,65.76666933082912,65.91690063476562,11944600,92.6036859925975,92.9958878229887,91.53405329224188,92.70173645019531,5432400
2021-11-02,220.4221914235068,221.27043856001507,219.05195042553686,219.7696990966797,1489400,147.90017512531193,150.86359847847302,147.24966621500266,149.60775756835938,8450600,145.89050976722584,148.74630088273378,145.88068648070822,147.2251739501953,69122000,335.7053001478237,338.17129699896566,334.550215651761,336.70452880859375,2367100,143.8915557038086,145.91139413679633,143.6487134318496,144.74049377441406,33482000,65.87272338409943,66.50016600175425,64.34387939181138,64.53829956054688,10891900,92.6393336141519,93.89615159246182,92.1401726355957,93.29003143310547,7191700
2021-11-03,219.4434613198887,224.16006733112124,218.69774965516334,223.73129272460938,2029600,149.11083272936173,149.77038526511743,147.6562245042627,149.12890625,6717800,147.58828751986294,149.1388544822275,147.0289142026338,148.6678009033203,54511500,336.0995222534776,338.6021682974136,334.83443490207816,338.2446594238281,2378800,145.20627603308367,145.97112823745937,143.90301282793487,145.9004669189453,27494000,64.20249634094328,65.12156934261331,63.84900568764351,64.28202819824219,9311800,93.04936274316927,93.35242963339833,90.8120401967013,91.46273803710938,9009000
2021-11-04,225.33458511692007,228.88602136931345,224.33719266636965,228.38265991210938,2889600,149.02049880424596,149.06567571466422,146.9695883885627,148.71331787109375,8224400,148.7561193854356,149.59027519786,147.83362886091194,148.14767456054688,60394600,339.90399639185296,342.14998847103857,338.648085024189,341.1874084472656,3210000,146.42446016537954,149.02105497248002,145.61184735875466,147.56202697753906,38412000,65.39552256202799,66.08482563999911,64.39691768525874,64.78575134277344,8573500,91.12403195397484,91.19533581731095,87.50509396771822,88.94910430908203,14823800
2021-11-05,229.82743618802786,230.03250723366827,225.05490470388563,226.29464721679688,1984600,146.79794373324782,148.71333745598264,146.54496954485896,147.65625,6215900,149.2779007467471,149.5825671827827,147.47937001529485,148.6783905029297,65463900,342.68163264839393,343.2316743072436,336.9612665394311,337.7221374511719,3090200,148.4597167387127,149.61221148430093,147.49185562711088,148.14373779296875,38354000,65.89037470120944,66.99502828320273,65.3247926066105,66.67688751220703,6987600,90.32179755122172,90.90118475311188,88.89561837772506,89.0204086303711,8449600
2021-11-08,228.20554075339993,232.69842884592336,228.01910217608872,231.66375732421875,2612200,147.88211823213675,148.3248299471722,146.3733029968098,147.15029907226562,5578800,148.80619479487964,148.9634468623512,147.57769113597544,147.85287475585938,55020900,339.390600964704,341.85659832350456,337.21796289962504,337.8963317871094,2357200,149.112081923021,149.89833135582407,147.72421666895772,148.32186889648438,23052000,66.87131200020863,68.17922489353126,66.68573099535416,67.10108184814453,6957700,89.54632333675707,90.74075325533747,89.10955738470354,89.19869232177734,7332000
2021-11-09,233.03400059241878,233.4907523539559,229.3986758724837,232.54928588867188,1832100,146.9153660182785,147.80077546706602,146.38231437566552,146.82501220703125,6112800,147.61696617879937,148.8258093306056,147.47937439726354,148.2164764404297,56787900,338.8863852239174,342.7457969538707,338.0063074133524,339.7847595214844,2183300,148.5229176061689,149.12155699209504,146.54437039574856,148.2099151611328,19530000,66.99503018808468,67.1541005781054,66.03177547348793,66.94200897216797,6049800,88.65494402710573,89.41260105344784,87.60313564212396,88.8777847290039,8756900
2021-11-10,230.89942155657928,233.686499175024,229.8554195342909,231.65444946289062,1859900,146.84308060116194,148.93012397920126,146.68046028986018,148.41514587402344,6225100,147.4400666143663,147.54817551221967,145.30738653523977,145.3761749267578,65187100,337.58460797644966,340.2981111807299,337.0987439434913,337.8871154785156,2161400,146.7981726497593,147.3654677927579,143.84977474813238,145.19931030273438,29970000,65.8373643012896,66.25271519510815,64.44991944409422,64.51177978515625,7484700,88.01315967350293,88.79756327832474,87.10397262311936,87.1485366821289,9191500
2021-11-11,232.4933572931303,236.01683020313885,231.85018118327267,233.95681762695312,2050400,147.71043477498242,147.99954215476743,146.80695181081336,147.32192993164062,4118800,146.3983080486063,146.86021155645847,145.14030669919578,145.32704162597656,41000000,340.1056921927531,341.0224191258872,335.36620163888404,337.0163269042969,2387300,145.79247347289703,146.83350160452082,144.9076959932882,145.07290649414062,16518000,64.77689182871195,65.0950326148528,63.619210234927436,63.75177001953125,7784500,87.38921319448225,88.52124100313999,86.88113665035102,88.13795471191406,6249600
2021-11-12,234.84231937340317,237.58280117705755,233.92883017994004,236.65066528320312,2115500,151.2701676654223,151.44183165888623,148.72235251154623,149.083740234375,18995200,145.8774137755265,147.81353650941713,144.94375410603553,147.4105987548828,63804000,338.382164275853,342.39743180779567,336.16370126793794,341.5998840332031,2793300,145.91786437465117,148.14174439297312,144.71909735662823,147.97055053710938,22360000,63.26572701674704,64.10526792117385,63.18619518217868,63.946197509765625,5329600,88.4321070584539,89.03823406522753,87.39812969428641,89.00257873535156,7270300
2021-11-15,237.22856767629693,237.92766954567696,233.26699041647663,235.17787170410156,1993200,149.07468445465182,149.4902926711171,147.4664859312982,147.73753356933594,7496200,147.78402707270035,149.26806864568343,146.86019019858912,147.42039489746094,59222800,343.2133156135876,343.6533265157591,338.53800394406886,340.1789245605469,3650600,148.19200352635517,148.83791753921437,146.8728099950018,147.74563598632812,23508000,63.83132841965303,64.85644380506729,63.398299205919976,64.26435089111328,6181400,89.16301786738937,89.84937101685688,89.10062274476127,89.3234634399414,5652200
2021-11-16,234.89825537034898,237.97430679723286,234.59996504429853,235.9981689453125,1608900,147.43036063577543,148.48744795862086,146.92441232272049,146.96958923339844,7594700,147.3614298460006,148.8847769331927,146.77174226503004,148.4031982421875,59256200,350.1896480121258,361.53873060977116,347.4394675303552,359.659423828125,8648200,147.4445604183495,148.05463493233628,146.61153755746707,147.17236328125,18904000,64.51177483203043,65.22758825825638,64.13177369689065,64.19363403320312,7451100,89.13627739504942,90.52680114623354,88.69951153996999,89.7513198852539,6448500
2021-11-17,235.4668729595606,236.12869577057623,230.3960508991698,230.5638427734375,2104900,147.1502900509451,148.0447432948732,146.1745266355849,147.52072143554688,5414500,148.40317349796268,152.33438339194845,148.39335087192296,150.85035705566406,88807000,360.11779833924203,366.1682011808448,358.26602016257993,361.9696044921875,4647000,147.3231518704208,147.8526181995971,146.53940806481458,147.34255981445312,19594000,63.73410322087819,65.33363964400206,63.38945180089317,63.60154342651367,7628600,89.59087181056105,89.69783098808915,86.77416225931437,87.06831359863281,9670700
2021-11-18,231.11379896320864,232.083214131748,224.86849069305126,228.11231994628906,2335700,147.67432232322096,148.59587902260807,146.48173169994865,146.7256622314453,6358700,151.06661191740037,155.94130498570996,150.41795852638504,155.15505981445312,137827700,364.8571878877437,372.68604090844093,363.10623671937054,372.0534973144531,4503700,147.5361479348524,149.86402315462868,147.18085193421385,149.12554931640625,35608000,63.73411833022503,64.69737336257353,63.28341761944724,64.26435089111328,6548800,87.29115428589378,87.58530562521223,86.00758975109196,87.06831359863281,6850200
2021-11-19,228.35466259638068,229.49186960095048,226.0802485872411,226.22007751464844,2029900,147.3038977054967,147.43942845974857,146.16551381450427,147.1683807373047,7620700,154.9388492026231,158.250904703225,153.83811490964536,157.7889862060547,117305600,373.68534581548977,375.9496621054265,370.45844961046043,374.6570739746094,3542000,149.261884915546,150.24818207871883,148.19051474348757,148.21788024902344,33682000,62.67363181931743,63.00945086514141,61.339214980428295,61.51595687866211,8817100,85.76691560076998,87.24657406916785,84.63488122260642,86.3819580078125,9923400
2021-11-22,226.2200769889642,234.05934377696954,225.6141800848056,231.160400390625,2185700,146.4408281234005,147.90496415051558,145.18585042119997,145.2313232421875,7634500,158.89950803243053,162.85037845622662,158.23120950112138,158.25086975097656,117467900,375.6746238045839,381.8717057988847,374.6662467261296,374.7487487792969,4006400,148.62194801430306,149.11657722814311,145.45210536092236,145.60586547851562,30594000,61.54247998703687,64.36155900957381,61.51596937114522,63.53085708618164,7445600,87.61204123818477,89.6086917965939,87.19309967803942,88.53014373779297,10430400
2021-11-23,230.23757736515262,230.8900696790242,227.79538575183366,229.7062530517578,1422600,145.06764015095067,146.41354964115402,144.39467846767053,146.1316375732422,7734000,158.34916461294523,159.01747824025801,156.32459347097884,158.63418579101562,96041900,371.8885629902513,375.56461833280997,369.45006641247335,374.36370849609375,3557000,145.45758531028238,145.96217670595368,143.4292879620821,145.08834838867188,27218000,64.43223810603585,66.03177435358735,64.37037103215484,65.2010726928711,9107200,89.41259732689956,91.03487729708242,89.29672261494302,90.7942123413086,8559200
2021-11-24,228.37330707445977,230.13504344581784,227.03102903470779,227.0403594970703,1646000,145.63148171379342,146.06799032678347,144.94034192019595,145.72242736816406,5230900,157.98552228891256,159.35161734057587,156.89461077309667,159.15505981445312,69463600,370.04591230574806,378.3789548593678,369.3308665809705,377.792236328125,2676300,144.7813049279646,145.5536135443126,143.6860469047569,145.4247283935547,18040000,64.71502733111004,66.71223611949661,64.68850998207883,66.12898254394531,7215800,90.77638857092178,91.1240263358385,89.23433466247431,90.13461303710938,7146400
2021-11-26,221.20516843626942,223.1626595180797,219.5273209694699,221.9881591796875,1775800,146.04981161919014,146.55907397804154,144.28557139291314,144.77664184570312,8523100,156.82584169085234,157.69069791152225,153.67103827148128,154.11329650878906,76959800,373.3461655246322,379.65325038490863,368.7533553041701,369.1658935546875,3007800,143.66164728918483,143.86965244762047,141.16757477802446,141.50645446777344,30470000,62.32898852869517,63.29225020385475,61.2773558928911,63.16852951049805,10258700,87.39812656929931,87.49617702281262,85.45495536417155,87.2911605834961,11738200
2021-11-29,223.7126331885407,225.1947259698309,220.99079785820538,224.24395751953125,1695300,145.04944420756308,145.88609137419314,144.06728956594785,145.27679443359375,9188500,156.62925022109002,158.41795820454487,156.05922289657292,157.4842987060547,88748200,373.0161053707429,376.6005102857167,372.22773380198504,372.9427795410156,3725500,143.31480818794302,145.6013766551945,143.208808626935,144.83802795410156,32596000,64.9359578648763,66.0140940763815,63.58385624336214,63.76060485839844,9191600,88.28057803235588,88.77973905529983,85.53517880504637,86.6672134399414,13793400
2021-11-30,222.03480245592291,222.7898303745472,214.3074009226333,214.73617553710938,3366000,144.14912762553996,144.5947390495456,141.73013184533292,141.80287170410156,14981700,157.23861066878493,162.673508444908,157.1698072809554,162.45729064941406,174048100,369.9817336271877,374.41868759554825,366.91986973904847,367.2498779296875,7773500,144.31852565043738,145.30530878621673,140.9277390064455,141.2223358154297,42068000,62.47038387204442,63.84015053905233,61.86945193499082,61.975494384765625,15723700,85.95410696784192,86.01650208593377,83.68112932203194,84.51901245117188,20586200
2021-12-01,219.0519685097392,222.02548474097713,212.16348377106576,212.3219451904297,2337300,142.66680892011615,145.5768888471333,142.09388194766936,143.75808715820312,9835800,164.59981924468755,167.37133051574247,161.70055379902215,161.93643188476562,152052500,370.12193804819685,377.6425839513456,368.4097877148008,368.5939025878906,3516200,143.31481246492976,145.2560319905602,140.24150848223852,140.38034057617188,34020000,63.636903473162754,63.78713478474252,61.109454821934925,61.15363693237305,10070500,86.44436174068848,87.89728056243978,84.91121673583984,84.91121673583984,11708200
2021-12-02,212.33123875777125,221.1306042757393,211.96770631139722,219.3315887451172,2143100,143.01238457814156,144.85846734717882,142.54859510152937,142.8577880859375,11334700,156.01012719413941,161.3762222672704,155.08629013119497,160.94378662109375,136739200,369.87336973369156,378.0567889989625,369.12775233170186,375.3596496582031,3705000,140.57789783145594,143.17995934258195,139.54731782673127,142.28573608398438,29194000,61.14479570457527,63.31875344624327,60.305254820511855,62.97410202026367,8410900,85.5708193179417,88.91342944754881,84.9468681473048,88.1201171875,10685800
2021-12-03,220.57133630910127,224.98033540824895,220.33830231958424,224.49562072753906,2438300,143.60351753331133,145.20405832337903,143.3125025480127,144.94033813476562,8750500,161.19928007401356,162.1231168797412,156.97322606716216,159.0567626953125,118023100,377.2743491660627,382.87108685748666,372.3035570409985,375.396484375,5237500,142.99734930425885,143.7129223894223,139.6334268670618,141.32583618164062,41230000,63.7782777431146,64.4587481269081,62.01967112424522,62.84153366088867,6995700,89.17192877363817,89.91176147539208,86.3284794744623,87.54073333740234,9811800
2021-12-06,226.50904029534487,230.2189374666389,225.78197537793716,228.419921875,1829500,145.67691275468079,148.70521900864267,145.34952791975638,148.17776489257812,9692000,161.46462826318137,164.99290090063192,161.45480563613842,162.4769287109375,107497000,380.6526728187279,387.17914343198726,378.5354922129433,382.659423828125,4624500,142.35988929939927,143.1680221618852,139.48313980383537,142.47384643554688,30618000,64.06992008677874,64.96248224065131,63.301078618519576,64.3438720703125,6200100,89.13627058243861,89.769137287507,88.06663805567246,88.4855728149414,9624500
2021-12-07,230.358759150513,232.09253256593846,229.49186533116745,230.2935028076172,1694800,149.14175420590453,149.3872963451601,147.69581004118518,148.5597381591797,8311300,166.1722534471187,168.62925977027274,165.44497417676956,168.2361297607422,120405400,383.8559972563657,385.29200305629735,380.1923255867056,383.1011657714844,4204500,144.90372760519764,146.82903221042218,144.53648007981394,146.5687713623047,32240000,65.53689281898953,67.12758997709075,65.48386486079674,65.89921569824219,8136600,89.46608478313811,91.90841689908468,89.43933818723734,91.36468505859375,10674400
2021-12-08,230.7502421224157,230.7502421224157,227.23608583904445,228.1402587890625,1295500,148.65978381581124,149.66013047466961,147.90497931437412,149.45095825195312,6216400,169.16988695110598,172.9340242798835,167.7644708483461,172.06915283203125,116998900,383.1012583426973,386.4795725025395,375.82917016953866,378.5631103515625,4079400,146.8942104886106,147.6869293703325,145.7093842979604,147.4813995361328,24270000,65.94342224074829,66.60621458677011,65.03318175536951,65.49272155761719,6313200,91.50731316010157,91.95299458371268,90.23266401655144,90.25048828125,9089700
2021-12-09,226.97511576147983,230.58247752624368,226.6022670511783,228.60635375976562,1279000,149.30542778624604,150.94235212324472,148.6779528437229,150.86959838867188,8574200,171.9020008134574,173.71035393992497,170.9290208721844,171.55801391601562,108923700,378.1487864333844,382.2451028056007,375.83830533595005,378.6458740234375,3822900,146.88873004760978,148.3905525366859,146.4149970350233,146.93600463867188,23270000,65.3601744598278,65.3601744598278,64.03458950980954,64.11412811279297,6511600,89.82263649224414,90.75857025800435,89.3591307762245,89.65328216552734,7749600
2021-12-10,229.81246184410097,232.15930890560645,228.60632432448506,230.27061462402344,1275300,150.56954940872652,151.58807421802166,149.73288817096574,150.49679565429688,6572200,172.19684872711986,176.54083438380087,171.68578718034047,176.36392211914062,115402700,379.42838430510903,382.57654069479764,377.65179099048476,382.38323974609375,2625200,147.9924650222129,148.26864100016783,146.00596003616434,147.2972869873047,24458000,64.8564456171172,65.0862155387551,63.26574114773629,64.94481658935547,6065000,89.97414614346499,90.25938191334416,87.69225318387456,87.73682403564453,10429000
2021-12-13,228.81202974958657,229.52262097564184,224.86634880794588,225.24034118652344,1690800,149.82381764310992,153.87064939598295,148.95988945169898,153.1885986328125,11142300,178.00522669948663,178.99786706027314,172.51136300579722,172.71775817871094,153237000,382.38322938352803,383.3958049549873,372.35880145604216,373.03076171875,3766400,147.07832912609447,147.2659392631252,144.82510920852434,145.1326446533203,27070000,64.39689780546092,64.62666093233936,62.32014334976821,62.76200485229492,5719100,87.48727001875952,87.53183408343602,86.28393146354611,86.61373138427734,10057100
2021-12-14,224.39885524752276,228.96163653629543,223.8004588708718,224.43624877929688,1687800,153.0794744819997,155.48029260594765,152.01547695987762,154.8618927001953,10482400,172.23616209992724,174.68334606426572,169.248448682449,171.3319854736328,139380400,371.3830695957801,373.43580715078116,366.43986339004107,370.232421875,4662800,143.28295862267666,143.79251580997396,140.54305228395802,143.2222442626953,38446000,62.35549103781538,63.3982844193331,61.88711893923282,62.46154022216797,6669300,86.23935938022943,88.63712772418941,86.07891378842989,88.08448028564453,11105900
2021-12-15,224.43624172586277,226.49324258116835,223.47319781037635,225.12814331054688,1699800,154.46176650254048,155.78039518667654,154.0707168540444,155.6348876953125,8552200,172.0985915209184,176.41309502787303,169.34674079975917,176.21653747558594,131063300,368.7779569840334,375.5069420523596,367.64573769911425,375.396484375,4421400,142.7266307700602,146.02286815487585,141.00386438529304,145.74420166015625,36370000,62.39968522613689,62.93875682710935,60.685260348141064,62.48805618286133,6805600,88.3518916567784,88.98475848940068,86.57807461827466,88.62821197509766,7055000
2021-12-16,226.801809378579,228.8400922180497,222.92157044988227,223.01507568359375,4465900,155.74399759817942,157.79014968177017,155.3620508744053,157.33544921875,8998600,176.19687149781882,178.0248851678291,167.8135654456889,169.29759216308594,150185800,375.93958826018337,376.3722328929786,366.47666326958307,367.77459716796875,4632800,146.4702315616712,146.97432176442135,142.92368044490732,143.75770568847656,33650000,63.38944383251081,64.56479011437533,63.02711422294591,63.3629264831543,7068200,90.2861337415662,90.40200845083706,88.83321490762116,89.4036865234375,7889900
2021-12-17,237.24570147375363,243.56626427036875,231.93492099909204,234.0480194091797,10117300,154.27075334959682,155.30746972127747,152.47014362538414,152.98849487304688,16726200,167.00765577116044,170.48678573043304,166.77179272061935,168.1968536376953,195432700,365.41815072399277,366.34788319655473,356.62721219460207,357.1427001953125,11097500,141.82196554942942,143.15011897500315,140.62767835046085,141.0506591796875,50416000,62.65596299020303,62.832704895950975,60.53502640987006,60.63223648071289,22913100,88.6638563964962,88.70842045495101,86.29282814861143,86.57806396484375,20851400
2021-12-20,234.02931647508728,236.44160595836527,229.49458375648217,229.5880889892578,2759100,152.60657905150433,153.24315697398737,151.46073879103486,152.55201721191406,7954500,165.38602841932968,167.64647750919124,164.58013804602012,166.83074951171875,107499100,353.7459036072363,359.15855445486386,350.62533380737614,358.4497375488281,4294800,139.33384883079916,141.09991095324537,138.65807881354345,140.93319702148438,27192000,59.25363491993536,60.65875137394476,58.37874422059577,60.6234016418457,11485000,85.22320252331934,85.47278303291006,83.97529317480694,85.00927734375,11931400
2021-12-21,232.14063615943843,236.32941118479582,231.7105463030877,235.5720672607422,2528100,152.83392610883092,152.8703099187032,150.94237040984424,152.06094360351562,7954200,168.60962950115896,170.22142533588615,166.21158850394502,170.01504516601562,91185900,360.5025273246748,362.4632354775079,352.7793665674754,359.4347229003906,3038200,141.37758618842463,143.18445372931458,139.8339711737475,142.7898406982422,28756000,61.35688650201239,62.60293239236684,61.24200494233386,62.46154022216797,6324800,85.73127311523956,87.80815004083058,85.63322266463683,87.1485366821289,8235100
2021-12-22,235.94606392322467,236.31071151068008,233.09432547420366,233.71142578125,2324300,151.92453901840412,152.9339747510885,151.06969980091444,152.71571350097656,4178200,170.06415307573488,172.83566356965642,169.18945937305884,172.61944580078125,92135300,359.9225994058159,364.3134609018209,357.9526770655802,364.1938171386719,3267800,142.38676234044013,145.80292498957579,142.38676234044013,145.71832275390625,26322000,62.302490914602096,63.29226341025112,61.73690855773794,62.8150520324707,3775100,87.07723979215069,87.95968711759612,86.8722233425225,87.6209716796875,4798400
2021-12-23,234.5622633509553,239.57385293254464,234.35656324622977,237.3205108642578,2099300,152.67022472202643,153.64327645140878,152.19733237735178,153.00669860839844,3501500,172.82586089930805,173.80866359990947,172.25583353339374,173.2484588623047,68356600,366.6331956625678,368.05998761210776,363.2548815641286,365.5101623535156,2743900,145.80293088513884,147.53813480597037,145.75515514574224,146.2174530029297,26384000,63.00061002140267,63.751773181722214,62.77967928352804,62.91223907470703,3902700,88.25382908937809,89.10953652599076,88.03989712980628,88.5479736328125,4482200
2021-12-27,238.4144404352438,240.48078618485752,237.8160440547001,239.592529296875,1478600,153.81608376821472,154.46176458038383,153.4159451101221,154.29806518554688,3704800,174.04451952373478,177.3172541822936,174.02487426792013,177.2288055419922,74919600,367.3236229190816,372.3036301930835,366.55957701391554,371.97222900390625,2228300,146.55532601949932,147.6381465673,146.46923553683405,147.20272827148438,15976000,62.91225460055406,64.73272217237972,62.267133720154234,64.69737243652344,3967800,88.88670895804538,89.60871072665849,88.34297704816959,89.49283599853516,4196000
2021-12-28,239.3774768128449,241.56536230285496,238.87258564857157,239.7701873779297,1342400,154.40718193928754,155.180178301057,154.22530452368215,154.9164581298828,3187000,177.06175946547603,178.21163696410983,175.45978607170662,176.2067108154297,79144300,372.80064438438285,374.66929514432735,370.96882221696507,373.9328918457031,2521400,147.53065445426495,147.59335821023151,145.35954639528723,145.98902893066406,18200000,64.87411650858816,65.3248104386348,64.41457671736477,64.61783599853516,3383700,89.67109897913188,90.02764546981714,88.76191188841518,89.10954284667969,4269700
2021-12-29,239.80761198794818,241.70565136236004,239.58319370625802,240.75193786621094,1467400,154.5981770750641,156.40789014337307,154.51633431164456,156.00775146484375,3662000,176.2460076232202,177.5236541153346,175.07647002650884,176.29515075683594,62348900,374.08019609644134,379.59409120586463,374.01575307941965,378.1856994628906,2209300,145.9467357429029,146.7155667093918,144.95448562894353,145.95718383789062,17788000,64.74154750569451,65.20108048942667,64.01689493063184,64.44107818603516,3947300,89.18084816112123,89.59087422064458,87.96859424576601,88.0042495727539,6923100
2021-12-30,241.1259342852453,243.29510153968096,240.7612724482307,241.7523651123047,1785300,156.52609464756256,157.21724828387482,156.18962072021557,156.69888305664062,4231800,176.38360063165865,177.46468959324108,175.02732811556052,175.13543701171875,59773000,379.11540126896085,380.579021739332,375.9396024517509,377.3572082519531,1804400,145.99598858016904,146.59910785453053,145.2998235600185,145.5048370361328,15688000,64.58247313457903,65.13037703436132,63.804792643629916,63.875492095947266,3340200,88.12012235025895,89.10953555063476,87.99533210882039,88.06664276123047,3564900
2021-12-31,240.82674241078547,243.3231638428663,240.2283317321525,241.8271942138672,1272300,156.89897642886902,157.03538104832933,155.53487472882574,155.57125854492188,4409500,175.02729712317227,176.14769139570436,174.2115692323077,174.51625061035156,64062300,377.4032120522147,383.42340837527973,377.3111827145276,382.02423095703125,2386100,145.35506319669503,146.0004760251165,144.1627655029297,144.1627655029297,18136000,63.636235531868124,64.39834670382893,63.521035196006096,63.9641227722168,3453900,88.00425420870515,88.4321045539819,86.89005068373224,87.49617767333984,5124800
2022-01-03,242.91175554194706,244.67891026798117,240.25637244501073,241.74301147460938,1752400,154.78913570434878,156.05320241997347,153.77970013457966,155.99862670898438,6012200,174.77180525837534,179.73496187327837,174.653873733677,178.87991333007812,104487900,383.46019299832193,384.62924075434375,371.20810056994605,376.1604919433594,3715700,144.36479494039722,145.15701265332763,143.02918515577247,144.30160522460938,28646000,63.83118809652018,65.54150622221513,63.82232445290066,65.37313079833984,5769900,88.5390610577979,90.38418162551307,88.51232126415184,89.30563354492188,8481900
2022-01-04,242.77152135638067,248.65264972029703,242.45362638181655,247.68960571289062,2586600,155.56213036053467,156.68068968732757,155.14381367796204,155.580322265625,6748400,179.48928499666104,179.7939514734451,176.03963747807512,176.6096649169922,99310400,376.16060398939106,380.73555287956634,375.7463595259723,380.0267639160156,3266500,144.70416653668696,145.78798930459803,143.03266881925126,143.71241760253906,28400000,66.07322254569304,68.57223640722758,65.82509456470075,68.20890808105469,9189300,90.91899018899106,93.30784236009664,90.90116592825805,92.9334716796875,8967000
2022-01-05,247.77371780304176,249.44736713162482,244.83781929964792,245.0902862548828,2437600,156.41695035090254,157.75377074598677,156.071373578298,156.6170196533203,7016100,176.5211971316123,177.07156425536837,171.6366664137079,171.91184997558594,94537600,381.09453824963805,381.2970533791506,374.47601008436874,374.871826171875,4443200,143.7328164404052,143.81193646128006,137.03285410456272,137.1194305419922,54618000,69.1039438550425,69.36092870885861,66.92394695173394,67.03915405273438,9034500,92.43432374748014,93.61983795629743,90.53572334730899,90.63377380371094,10288800
2022-01-06,244.95935434248062,247.78305777410742,243.2202771724039,246.08135986328125,1857800,156.55338392223484,156.87167983766633,155.32570084062482,156.08050537109375,7301600,169.73004270966848,172.28533602057317,168.68827412789958,169.04208374023438,96904000,376.08693080831574,376.5564041013017,370.98725188046694,373.5094909667969,3315100,136.34662727318383,139.27412860315894,135.90871848698256,137.09205627441406,37348000,68.96214958976957,69.8217405631275,68.1468700781026,69.5558853149414,8679000,92.80868083078076,92.88890020437758,89.68891158050194,92.18472290039062,10059200
2022-01-07,245.6138938618905,249.27905910414327,245.00615268248416,246.82937622070312,1646000,155.9259079158367,158.50860353069362,155.62580390845167,158.1903076171875,6986000,169.91680206563368,171.14530575776084,168.0887879718932,169.2091827392578,86709100,371.30018620863257,371.97217456891013,361.65317400905064,362.32513427734375,4520700,137.48816060615565,137.78972784408742,135.1204826896513,136.3650360107422,29760000,69.89263927912249,71.71815799681907,69.4584085705406,71.46116638183594,10838800,92.2649782072066,93.17416539783274,91.74798607892926,92.7463150024414,6128400
2022-01-10,245.54847552709143,245.54847552709143,236.09567191881308,239.873046875,4553800,157.9538645434286,157.9538645434286,156.56248210034184,157.40821838378906,7698400,166.1723034158152,169.53348727704656,165.27794924612078,169.22882080078125,106765600,356.60868107737764,356.7835817513551,350.6345280207208,356.6639099121094,6440000,134.43527149606194,138.15896945033379,132.53087842354833,138.00967407226562,44408000,71.47001861272433,71.92196977799772,70.19392438653081,71.8067626953125,9125400,93.34351931536773,93.68223475225405,91.65884406252974,92.81761169433594,8904900
2022-01-11,239.8730051692668,240.65842624052715,235.7496872140942,238.9286651611328,2018300,157.31727166922397,157.6810264902026,154.69819255383536,155.7349090576172,8341100,169.3566219224726,172.16742413522476,167.88241740711564,172.06915283203125,76138300,357.22551800560973,360.6958616365702,353.77357462622393,355.9367980957031,4385400,137.35034411747029,139.54883297337483,136.0420998146872,139.07110595703125,28730000,72.32075538639752,74.23489021729158,71.45230075431101,74.07537841796875,8510600,92.84435332728695,94.5646770178524,92.32736126661459,94.41314697265625,7320200
2022-01-12,239.43356080339686,242.1731184541647,238.2180784440067,239.55511474609375,1413500,154.24349527621763,154.6709148316947,153.08855218739512,154.4071807861328,8116200,173.09121782891782,174.13298635832638,171.81358623406135,172.51136779785156,74805200,357.4279759561549,362.1778526572978,355.66978303850834,358.4497375488281,3623300,140.4783702161075,141.9294404967946,140.02504742905134,140.75753784179688,26108000,74.43871856185554,74.91725399249941,73.64115951078244,74.7931900024414,7740100,94.52902295940348,94.90339368465241,91.23097668307645,91.85493469238281,10855200
2022-01-13,240.49009348056362,243.20157369683818,239.6392444737646,240.9202117919922,1658500,153.6887659919592,154.9801137215216,153.1976955671681,153.4705047607422,6159400,172.75707934266197,173.58263011635788,168.83569067303486,169.22882080078125,84505800,361.312601892068,362.9695233887703,355.19113348639496,356.2221374511719,3466300,140.86651857043935,142.1702980929826,137.75041975538085,137.92758178710938,31436000,74.3855502878661,75.2008298693576,73.72091887145838,74.10197448730469,6814000,92.19366047598571,93.0137126714417,91.04380157558032,91.40926361083984,6267700
2022-01-14,238.04040649912517,239.97585326451664,236.79686126536564,239.564453125,1393600,153.35229994001915,153.3704779696186,152.0063764263026,152.6338653564453,5847700,168.39341420548664,170.79145523828697,168.14771352583708,170.0936737060547,80440800,351.021129639296,351.6471032524902,341.9724497231104,342.4327087402344,6336200,136.42675564025197,140.07233622287117,136.34664851003265,138.81683349609375,29662000,74.63367056466164,76.98203601243699,74.32351062121502,76.86682891845703,7946600,88.91344282687594,89.55522515642248,86.80982599138835,88.13795471191406,16724900
2022-01-18,236.23589013448856,237.7131842592543,233.98254828340885,236.86233520507812,1918700,151.96092224121094,152.52474645636084,150.96966454261786,151.96092224121094,7815600,168.5604668437431,169.5727523119223,166.4965904021834,166.8798828125,90956700,337.0017319186962,338.83355421944765,331.41417948242963,337.57244873046875,6435200,135.52705085012096,136.47899680734477,134.79405929684148,135.35089111328125,34872000,77.98340295050328,78.96705777859816,76.0515411069721,77.54917907714844,10782900,85.50843492740802,85.96303186621725,82.84326202056053,83.7970199584961,21803100
2022-01-19,236.8623570660418,239.18114137620165,235.7871039290397,235.7964630126953,1302800,152.0518460361266,153.43413945615595,151.2515825835691,151.48802185058594,5926500,167.07643136174622,168.1378599017272,163.086255459233,163.3712615966797,94815000,337.9958686735109,339.39507432772314,330.84345231465284,331.1011962890625,5175100,135.87388991456638,137.30306172956688,134.37306968151069,134.4735870361328,28648000,77.88594250666961,78.37334160059595,75.96294382877953,77.34537506103516,7370100,87.3624759127716,87.57640109526,84.64381646643562,85.33016967773438,19716100
2022-01-20,237.22700151993075,239.3587895984402,234.34721437054705,234.4407196044922,1671600,152.13369065346322,152.6520558959352,149.98750368947003,150.2785186767578,6011300,164.10837074224375,166.7619347111161,161.35652051674097,161.68084716796875,91420500,332.6107644916679,333.0894518419221,321.279189889471,321.794677734375,5440600,135.60169102059876,136.97115074107518,132.3318170208066,132.67318725585938,29908000,76.25536209361225,78.39990398895428,75.67934698658799,75.88316345214844,7707700,86.1056514227333,90.88335692450111,86.1056514227333,88.98475646972656,22637600
2022-01-21,233.40289478848027,233.739493686602,228.08276894142438,228.98971557617188,3063600,151.13333821530077,152.77026261516534,149.56916755280315,149.93292236328125,10550300,161.59241715203612,163.46957389675498,159.50888023954428,159.6169891357422,122848900,323.7646276863502,331.46935969888176,319.58546764103585,321.3528747558594,7718400,131.96259868346377,134.22377601264574,129.46752373899022,129.73126220703125,55652000,75.24513084117343,75.42236315643989,72.79928567681556,73.30440521240234,10625600,87.4783349545262,88.7440683581369,85.88279490326016,88.1201171875,22568300
2022-01-24,223.9874506086113,229.96206944007068,221.45362157463163,229.7470245361328,3051500,149.14177537512165,149.29637189174983,143.9218082415031,148.20509338378906,14054600,157.26808565686596,159.50887451917274,152.0395683138979,158.84056091308594,162294600,316.4557297790742,335.41840936511534,316.2992293324602,334.8937072753906,8584300,125.37856914011597,130.5787136535352,123.90760490884027,130.18161010742188,76622000,71.51433298548883,73.95131468495813,69.81287829431274,73.57025909423828,9505400,85.5886537162773,87.63879089213083,83.50286801264346,87.42486572265625,19527300
2022-01-25,226.02576130995533,230.70073765176622,223.47321395516178,228.17623901367188,2032200,147.65035421887492,153.15223331630798,146.94102251389504,152.44290161132812,14081200,156.24596615896806,159.9609590965899,154.31968130054574,157.03221130371094,115798400,329.67439992298455,332.78572782558587,324.1973054245857,330.4476318359375,5536700,128.12744363968903,128.7833046294374,125.89859753096928,126.33102416992188,46960000,73.65888047241974,77.32764503114738,72.06376250732954,77.19471740722656,8514800,86.0878342300933,88.98476378013852,84.68839468870924,88.28058624267578,16060700
2022-01-26,229.83120178797193,232.11259269576163,225.53957660991816,227.3534698486328,2010800,152.3610164253577,153.88881711039556,151.16970349984499,153.1249237060547,9963200,160.6882473882618,161.5629412237311,155.10593504422843,156.9437713623047,108275300,331.38653141944746,336.8175828437582,326.2776669635247,328.8827209472656,6103300,130.49511541961544,132.3671620019992,126.53703372214112,128.6180877685547,49130000,78.6214443185689,79.03794763568729,76.53007085119292,77.150390625,9416400,89.26999464316748,90.69617390465214,88.15579103254521,89.2878189086914,13344400
2022-01-27,229.30762175054576,231.54226018490064,224.09969052669368,226.20343017578125,1865700,154.04345652900787,156.3351512571293,153.6887906441143,155.13473510742188,9066700,159.65629046052865,161.02238556956317,155.55800513342504,156.48184204101562,121954600,331.78235339874476,335.17906765376006,325.7805851135069,328.10028076171875,3941000,130.6792312241268,132.02131030726912,128.31900956615908,128.39117431640625,31950000,78.82527746268887,79.52535664760954,77.81503832520333,79.4544677734375,9624600,90.30396858532674,91.12402757963822,88.83322531630307,90.1613540649414,17843100
2022-01-28,225.46475144439074,228.98968749144285,223.58541614939443,228.86813354492188,2287600,155.38023126930398,156.2714402254318,153.96156814997843,156.22596740722656,9783100,162.86024363325143,167.42044760669708,160.00028414870977,167.40078735351562,179935700,331.5430420263995,337.572424809962,324.79562810111474,337.40673828125,4551300,129.04205751284695,132.72197391207828,127.87364760924652,132.71649169921875,34362000,77.96568943049243,79.50763223431349,77.71755471958531,79.06454467773438,11561400,88.94962238435693,91.4807819387551,88.09692943669255,91.37307739257812,14044800
2022-01-31,228.16688669066096,230.1584311121596,225.33385226207855,229.8779296875,3395900,155.9622738846909,156.98079857982975,155.34388785588752,156.68069458007812,8054800,167.23370276509192,171.9904639988434,166.59487204384064,171.7742462158203,115541600,335.8142004549496,338.20755309515476,333.4208478147445,337.8117370605469,4084600,133.5236351765011,134.82840181492318,131.58042613665086,134.65969848632812,39986000,78.67462905231893,79.25064425433636,77.02634272579759,78.53284454345703,7539800,90.62807821446002,92.21678171320043,90.00874975578995,92.03726959228516,8467000
2022-02-01,238.21809060659837,239.8169245077445,234.96431110465406,235.61880493164062,4598800,156.1805382012134,156.3987855679821,154.07981016155517,155.39845275878906,8154700,171.01749012376968,171.83321815334287,169.3467285555597,171.607177734375,86213900,340.1038083234437,341.2268414789082,333.56812448728044,339.39501953125,3406800,136.93979546512767,137.13735254168026,133.72914748544642,136.9890594482422,68644000,77.45171839517485,81.43064338451418,77.2922065793382,81.1204833984375,9424900,92.41425970383837,93.43749397534174,91.76800503805745,93.3028564453125,7885700
2022-02-02,236.96517280521016,237.02127023143768,232.67354849608006,235.4504852294922,1746900,154.27986241770316,157.31727207374885,154.27986241770316,157.11720275878906,7382800,171.74477342641566,172.8553452866124,170.34919537896823,172.81602478027344,84914300,339.10046060645965,344.8905272944714,338.529743881813,344.0252380371094,3839300,150.5303275907362,150.82541035596324,144.83008666091592,147.29579162597656,123200000,80.15455530660012,82.06869725064105,78.8518832602725,81.71422576904297,8803400,93.16822776403475,93.61701497513714,91.8218661307276,93.27593231201172,9596300
2022-02-03,233.63659681864027,235.03908956867969,230.99990360045703,231.24301147460938,1803300,156.6533928152693,157.89017858466602,155.5439226158242,157.10809326171875,6240400,171.4794201148579,173.2091625575225,169.160005018323,169.9265899658203,89418100,340.7666628391195,342.54325636971873,334.3322490793286,335.81427001953125,4009700,145.0122286925093,148.96283923393528,141.98668471446516,142.40916442871094,71518000,82.21931652614155,82.36996465553665,79.28607940012962,80.52672576904297,13258500,93.0515393450018,93.43749662311635,91.6692739035671,91.8128890991211,5986500
2022-02-04,230.2332437379496,231.00929153525792,226.3062521338553,228.24169921875,2142000,155.50757827386053,157.30818845270375,154.70730091599302,156.08050537109375,6392200,168.94251932550307,171.32394513354754,167.9584645344212,169.64120483398438,82465400,334.60830485877466,335.6853233174162,326.0935130570039,331.0827331542969,3728100,142.76195915753863,144.18564871656986,139.84639407354533,142.61117553710938,57998000,81.52809551234327,84.12458838986029,81.30655177453798,81.41289520263672,12035300,91.6872346357432,94.26326901442447,91.61542703373017,93.44647979736328,7881800
2022-02-07,228.98032576200174,229.57872213758975,226.84853778228853,227.88638305664062,1622600,155.88042969154804,156.1805336885423,154.607259957964,155.5621337890625,6065700,170.1037296917855,171.17634592324976,168.22418123926562,168.92286682128906,77251200,331.6258545552052,333.04343218100485,327.18895063990163,328.9471435546875,2809300,143.56363789927013,143.56363789927013,138.23908788884378,138.53866577148438,54974000,80.12794950327114,83.50428117206758,79.47218183393471,82.36111450195312,8420600,93.39260390935341,95.3044346059611,93.02459517803489,94.4068603515625,9129000
2022-02-08,228.8307349280574,230.30802908541992,227.20383811166948,228.0079345703125,1983100,155.52576164740307,156.46244355971803,155.03467734061473,155.9713592529297,6296100,168.9917515443729,172.5540406567285,168.69653205769893,172.04232788085938,74829200,328.94718113820664,334.12970304771807,326.5998428962081,332.71209716796875,3225100,138.36499262195844,139.33385604729077,136.36207147851567,138.7357177734375,54284000,81.48381921620333,82.54723367306086,79.75578002015904,80.93439483642578,7481500,95.11595546048544,96.32767946970569,94.5325307603575,95.45703125,9249000
2022-02-09,229.8124819928094,232.43983069549878,227.77419914471878,228.36325073242188,1729200,156.48062498192834,156.63522147515812,155.73490955726558,155.9531707763672,5387500,173.24287932640442,173.8333032952092,172.11120710909282,173.46920776367188,71285000,336.27446895939767,338.25357728010624,334.1480743698573,335.4091796875,2777500,140.2927701568597,141.8463472422032,139.51996039462585,140.91827392578125,40144000,81.11162024466283,83.33592203426657,80.86349225429696,82.36998748779297,6973200,95.97764016187612,97.90742667837632,95.90583255941335,97.59327697753906,11054300
2022-02-10,226.6241530861462,227.97054852781417,223.96875573534763,224.78221130371094,2614000,155.69854472032222,155.7076337344483,153.9615855535726,154.07070922851562,10355300,171.3633292711471,172.6819593071923,168.814630541294,169.3755340576172,90865900,330.31873387896263,334.14809280389676,324.82323932817786,326.8667907714844,4291800,139.03877453098843,140.81129088948327,137.30057895120314,137.96041870117188,39330000,81.74078927286587,83.59289874625965,80.89892563285562,81.44835662841797,7149900,97.10856916876783,98.4908344617781,96.1750910417499,96.55207061767578,8116200
2022-02-11,224.44560884663113,224.86635384868626,216.19894403201252,217.11524963378906,4681000,153.79790044629888,154.73458241349232,152.36104512857528,152.51565551757812,13125300,169.5821687118747,170.32020982591467,165.36056513089437,165.9510040283203,98670700,326.49860827213456,328.93797592607547,320.8558271134795,322.4483337402344,3308700,137.94053165428735,138.4943718586001,132.7652616913773,133.64356994628906,39958000,81.79568357524485,83.4433590966887,81.35927556331526,83.29194641113281,9580800,96.0404737301713,97.28810176630667,93.18618647997343,93.85936737060547,9755900
2022-02-14,216.29242498612138,217.12457008057314,212.21584565145025,213.60899353027344,2510300,152.5156228499792,152.75206207578705,148.96895120472686,150.59678649902344,8967600,164.7012320839439,166.87599960086266,163.90415017095245,166.18716430664062,86185500,320.34029790837053,324.8600451378283,319.2632793738957,323.6173400878906,3654300,132.62243215848918,135.65145321102975,132.62243215848918,134.88113403320312,34302000,82.38351277479778,82.57945302751419,80.34396337286648,81.53741455078125,7274400,93.37466683003949,93.79652790768856,91.1935606918566,92.064208984375,11110300
2022-02-15,216.6570979023424,218.94783338430096,215.0582497663668,215.4228973388672,2617000,151.07878426716758,152.8703052488145,150.9696467172423,152.15187072753906,6631400,168.24386374496802,170.192288199675,167.53534303134987,170.0348358154297,62527400,327.299370054299,329.0115481014383,323.45161164781706,325.18218994140625,3552500,136.91592448402298,137.45137423583503,135.17525340849045,135.95851135253906,26680000,78.98130037064644,80.08568290786239,78.13520210652707,79.87193298339844,8379300,92.91688374250855,93.66187201668797,91.66028526551686,92.83610534667969,6714100
2022-02-16,214.11391568147943,215.41355852913222,209.83163565582237,214.12326049804688,2443600,151.4061737893911,152.63385678360632,150.6968421368158,152.06094360351562,8482400,169.1098249151892,170.57605697053586,167.33852325607717,169.7986602783203,61177400,323.5621246158716,324.8140157959513,318.2415309165645,322.2641906738281,3594900,135.99631295565902,137.42896248282813,134.28200525127366,137.08262634277344,25022000,79.95211348512137,81.84916593563676,79.83633365280888,80.343994140625,6854400,92.00138173876726,92.48607276675473,90.35881884080136,90.78965759277344,10190700
2022-02-17,212.6459802670978,213.04803567629656,209.5324583845853,209.78489685058594,1415900,152.06095476724255,152.2792021370685,149.97841860442878,151.13336181640625,6227600,168.30287592792615,169.16884887808143,165.78369827163797,166.18716430664062,69589300,321.2516280592587,324.3077551343007,319.77882145671884,320.28509521484375,3927000,135.59471046784896,136.4610670268482,131.84812723815682,131.90834045410156,38950000,80.29944605134808,81.80461066672204,80.29944605134808,81.19007873535156,6842800,89.77538927703228,89.94593060589979,86.06840943717268,86.3017807006836,15620300
2022-02-18,209.09299853103366,210.4393940137124,206.45630499963852,207.78399658203125,1658500,150.99604864768864,151.34384375774718,149.12896819277958,149.51336669921875,6423200,167.11217679103845,167.8206823626154,163.54005341590076,164.63235473632812,82772700,320.69937666119915,322.73371419175476,316.7503453790713,319.3001708984375,5526100,132.83193274174764,133.43207557532537,129.5770018418038,129.7825164794922,45620000,79.80958291701575,80.72693335135135,78.99910403930981,79.827392578125,6574800,85.5029294541673,86.20303631019257,83.57314334592556,85.64653778076172,16321800
2022-02-22,205.8392035496849,207.24169645854099,202.2675290272505,203.6326141357422,2521400,149.70557376570966,149.86116264069597,146.8408726842814,147.48153686523438,6868900,162.3493702057695,164.03211066057264,159.56449308823295,161.6999053955078,91162800,308.45644135973527,309.92927610335033,287.52386640701263,291.0402526855469,19752800,129.22018986412897,131.55154234178266,127.61337018854968,129.19581604003906,44990000,82.58835121766023,82.69522276434334,76.96845576003898,78.22425079345703,9267500,84.98235895901139,86.8582864879209,84.28225190328536,85.0451889038086,9143700
2022-02-23,204.46476822679523,205.73636242332563,200.79024349431106,200.8743896484375,2253300,147.82016154897724,148.85438549801842,147.21611476724615,147.55474853515625,8016900,162.9004517631082,163.50072589040192,157.20278014132612,157.51768493652344,90009200,293.9398973952591,294.93404475514467,282.69116313935524,283.9338684082031,11026000,131.02209177354695,131.42267296291416,126.92069803114178,126.98091125488281,32786000,78.37567213337596,79.6938114272319,77.79675955975688,78.58052062988281,7355000,85.89786568716544,85.91582100967133,83.54622518712532,83.96808624267578,8722200
2022-02-24,194.47900994259368,202.49192599843425,192.89886570410687,201.88417053222656,3002400,146.23681525712314,146.55715433766963,142.5209489568577,144.73582458496094,12883400,150.14708038143124,160.25332719300383,149.57632680623354,160.14508056640625,141147500,276.15545727266135,288.5272240058355,275.5018972228721,288.3431091308594,8416700,124.35895204602602,132.36716679103367,124.35895204602602,132.05963134765625,54456000,80.15693350008483,80.37959164869618,75.96205479564556,78.13520050048828,11509300,80.64705840494372,82.73840839875385,79.46226047182346,82.40630340576172,18518000
2022-02-25,202.46384418864696,208.16732032970341,202.1085557319325,206.37213134765625,1963900,146.43817947571537,152.83570246911657,146.16360509611178,151.9296112060547,11340400,161.22754578023935,162.48713480856267,158.30490162446958,162.22145080566406,91974200,288.28785667949535,292.2092728410863,283.12376353552617,291.4820556640625,6510600,132.91654941840557,134.62786557319473,131.12460980022797,133.81973266601562,36406000,78.71410492088094,81.51069067658744,78.21535285081475,81.28803253173828,10563000,82.63967411273279,85.00029230172211,82.24473918835848,84.86566162109375,9717400
2022-02-28,203.06224435286742,208.16732426303557,201.6878145772891,207.82138061523438,2477700,149.06488723974599,151.17908590075845,148.61642932100452,150.6208038330078,9373500,160.45994098697028,162.78231044812614,159.83998178280513,162.48709106445312,95056600,288.09465619521865,290.9574550485782,285.8025742777705,290.7273254394531,5735100,132.4169288111751,135.10556696702054,131.96160142081268,134.4143829345703,38864000,80.75366696185054,84.67245228255166,80.02334840442353,84.48542022705078,15096000,82.20882914065318,82.77430534809663,80.7098816613941,81.44589233398438,17955100
2022-03-01,206.67136152661345,207.52221070121914,198.8174064590597,200.93984985351562,2081800,149.22050111690427,150.78556532976106,148.64391027253245,150.09913635253906,8737800,162.0738454702056,163.94355886382843,159.38737969074035,160.59776306152344,83474400,289.5857930067232,296.80265172157993,288.82177532493927,294.7959289550781,5640900,134.23671311624648,135.6071599580106,132.58462329799266,133.42359924316406,26496000,85.36713305266453,87.69168467413976,84.43197290292518,86.3557357788086,14453500,80.78169561666327,80.78169561666327,77.63120757018763,78.6544418334961,18341800
2022-03-02,202.3703617150497,208.1112316254061,200.36947257409537,204.99769592285156,2270600,150.47438756019838,153.4214570866013,150.1357397682403,151.96621704101562,6793300,161.7687775639212,164.69142169446647,160.35173616541616,163.9041748046875,79724800,295.54153913599555,304.8663919899397,294.27121966243,301.3500061035156,5645600,133.9874173025302,134.61888922639284,132.43832018027874,133.93118286132812,23520000,87.61152205208145,89.03653270253228,86.56057542331395,87.31761169433594,16168000,79.04039793147936,80.13543977379946,78.10691975192697,79.32762145996094,18007500
2022-03-03,208.1579981921679,210.327179765046,205.8859523036656,206.92379760742188,2467700,152.57026309910856,154.9864923062705,152.2224819474977,154.1993865966797,7333700,165.78371011148872,166.21669661748916,162.91027195360368,163.5794219970703,76678400,303.0253415818427,304.3969044980205,297.17083212858154,298.5792236328125,3858400,135.362821481941,135.79028217623375,132.3925254709241,133.2623748779297,24604000,86.56948431039007,87.45121545955156,85.17119142751298,86.75652313232422,8704900,80.494470445575,81.00608756681588,78.15180077253808,78.78907775878906,12197100
2022-03-04,204.52206084269855,205.4602354337201,199.17446853695733,201.27597045898438,2457300,153.43055827338858,155.462388551963,152.70752611301583,155.11459350585938,6302500,161.86715084211824,162.91024634323853,159.51526088651318,160.5681915283203,83737200,296.600164467358,300.69648173711977,294.11478215647986,298.48724365234375,3630900,132.2950229056108,133.21462241050293,129.7173348474673,131.27886962890625,30430000,86.93464705655013,89.36607020536147,86.78324114808676,89.30372619628906,10977300,77.37090355973557,77.99920969181379,76.07840119696199,77.51451873779297,11950700
2022-03-07,198.89302032365418,200.1783149778338,188.2353560204873,188.65753173828125,3471100,154.03467924713976,158.4461226120213,153.17435261655135,157.61326599121094,11663400,160.75519357831982,162.38872815867046,156.5040696124171,156.7599334716797,96418800,298.48722224006065,303.40278575596,294.66704947044497,297.1156311035156,4670000,130.86236095139722,131.10817972412593,125.6940618778204,125.77716827392578,45112000,90.3903067274038,92.42094810425539,88.27951167277602,90.19436645507812,13788800,76.32074944387125,77.26320529450005,74.87565412514664,74.90258026123047,12680900
2022-03-08,190.05542044290132,196.42561995487813,186.72489760512343,191.3782501220703,2928200,157.45765246313954,158.4461118889135,154.22686111998135,154.4190673828125,11100300,156.28758103481016,160.28284087725882,153.31573151528343,154.92958068847656,131148300,294.33564871196813,302.3809675403373,290.8376913323246,291.56488037109375,5092500,125.64927615455635,130.62548511117242,125.07651401769192,126.49971008300781,40428000,90.40812045535299,93.01767434117649,85.3760447211897,87.9945068359375,17231400,75.06414002043938,76.9670000974394,73.57417016840775,74.77691650390625,11641200
2022-03-09,196.07847384228728,204.90669947346785,196.07847384228728,203.32118225097656,3192400,155.59970600957797,155.80105961447902,153.65940468827623,155.0048065185547,7248200,158.9051685561548,160.80440217190915,156.8681828813347,160.3517303466797,91454900,296.34345166110097,298.6215840325218,293.491158373929,293.7504577636719,4443600,130.62548341324316,133.09916098406526,129.28240208203147,132.78515625,37026000,84.93073819210404,87.92326472667395,82.615094439041,85.68777465820312,12656200,77.40681606207136,79.87514571702981,77.28115619110942,78.44800567626953,12994600
2022-03-10,199.64354853026873,206.13571474483024,199.22137284283227,205.72291564941406,2535300,154.27260519447267,155.72783111312987,153.83329460808088,155.2793731689453,6171400,157.6456062977945,157.83257914825734,153.49289304131352,155.99240112304688,105342000,291.1203417606729,294.73204965354324,285.92508495662133,294.4356994628906,3895200,130.64141568020557,132.6378674373792,130.28959734180035,131.79937744140625,27102000,86.64074271908328,88.91185868446756,85.89261455800806,88.81388854980469,9481000,76.98494961019327,78.80703130773419,76.30279802918912,77.06573486328125,11351600
2022-03-11,206.398418892211,206.7830739267537,199.5778853141403,200.00006103515625,2346300,154.79429765049872,156.92680510955302,154.6936208531895,154.9956512451172,5188000,156.39582947431037,156.74025467661986,152.03647371376925,152.26280212402344,96970100,295.67673296182215,298.00118638840615,292.85222021549816,293.3708190917969,2973300,132.85332926637238,133.15887530088736,129.01468700810108,129.25254821777344,31526000,88.02121981581206,90.00732667086992,87.42449761595073,87.64715576171875,7666500,78.19669533502056,78.77114248503402,76.36564247637136,76.45539855957031,8568100
2022-03-14,199.37149934798666,201.63250379939578,195.90025583840062,198.0768280029297,2180700,156.21291394022555,159.3613368860499,155.91089749877491,157.13731384277344,7729500,149.03512069014965,151.6625456315132,147.7066555034308,148.21835327148438,108732100,299.0382340427789,300.0476502153945,292.8335336750808,294.8245849609375,3604200,129.63024802938145,129.78848807824545,124.67892145628271,125.35169982910156,38812000,86.72982065458257,86.88123339658424,83.90651627562983,85.9906005859375,10532200,77.05676768273335,77.8286822828116,75.81811736649026,76.04251098632812,8280700
2022-03-15,201.51055253012208,204.12806815480025,198.82737211556395,202.8615264892578,1858400,158.63829549997516,161.5579086344555,157.92441056642323,161.21011352539062,10554400,148.4938731423045,153.08942257610076,147.98217542358523,152.6170654296875,92964300,296.66756372779827,305.77085110819144,296.64902417590264,304.2521057128906,3775300,126.37180948996587,129.23662223260322,125.12228273153698,128.58323669433594,30920000,82.70413006462707,85.34040130805104,82.22318772498409,84.65461730957031,8863600,76.6977323523049,77.81970039050684,75.916846980404,77.48760223388672,8672400
2022-03-16,205.38517805801774,212.0462233256055,205.22569009670585,211.96177673339844,3088000,160.58772802215137,161.95142423415294,157.93352841159137,159.72740173339844,9603300,154.54584076886425,157.44880001606288,151.99714192232128,157.0453338623047,102300200,307.0673526587684,309.26216997848707,300.26073695010734,306.4468994140625,3942400,130.1109526032966,132.69857226432342,128.12195717811286,132.64633178710938,35576000,84.78822892883314,85.28698785322993,83.80853433392834,84.44979095458984,9314200,78.99551605304869,82.89098522766966,78.98653839262397,82.36141967773438,17635900
2022-03-17,208.0214490610697,215.236013991248,206.76429853874225,213.88504028320312,5701400,160.35895252369738,161.85078186401444,159.43455265012835,161.81417846679688,7472100,156.0809087075946,158.43279872153727,155.11653935449422,158.05885314941406,75615400,304.80779609629104,311.4940185546875,303.60388378394015,311.4940185546875,3123200,132.51544446609907,133.44251542685555,131.55602693390728,133.20216369628906,28264000,86.07966048108399,88.23499020130009,85.95497243412862,88.021240234375,8868300,80.96120480554862,84.542531444536,80.70988507957384,84.24633026123047,15156800
2022-03-18,206.39841561201817,206.57667107960302,199.76551420254492,205.3758087158203,9268400,161.9972126789334,161.9972126789334,158.94031947500048,160.02029418945312,13809500,157.95062419024276,161.85732279036876,157.212583119924,161.36529541015625,123511700,308.9657741776198,315.5501403808594,307.7433508977034,315.5501403808594,9409600,132.78963125023313,135.59571910651152,131.62917901519822,135.477783203125,44566000,88.27060027683065,89.19685902505694,87.70059593868949,88.7070083618164,16146900,83.90524781552197,85.17980166644571,82.9538144095528,85.10799407958984,16325400
2022-03-21,204.25938329890607,209.40057630603403,204.02483963944246,208.4248809814453,3434400,159.85556420266548,162.1436605162313,159.54438645572412,160.9263916015625,7574900,160.90280343219604,163.69753062342352,160.410776006235,162.7429962158203,95811400,313.04988237393053,315.5039714066369,302.90009683782057,305.02081298828125,4521200,135.5156199323404,136.39790698932094,133.45447478433732,135.45391845703125,26832000,90.10531373321861,92.59908815250145,89.83812798507385,91.52142333984375,8107400,85.01823370907995,85.18877500722809,82.76532043333889,83.12435150146484,8568700
2022-03-22,209.29738246113223,214.5605429014308,208.73448625169524,212.56224060058594,2627700,160.92642839006814,161.42065116198998,159.1691716953846,160.16677856445312,8442100,162.87087929684475,166.71853657216013,162.28045551765337,166.12811279296875,81532000,304.97446305335126,306.80807008263406,300.0570161377971,305.3541564941406,4852800,135.45391090476724,140.37886680791058,135.45391090476724,139.20248413085938,35496000,91.44124967391043,91.61938027531075,89.34826437111715,90.63967895507812,6377500,83.61803891309742,84.91054146239077,83.35774150126657,84.56946563720703,7565100
2022-03-23,210.84537724628535,212.09315125604218,207.39288706977604,207.7775421142578,1733600,160.37722950767105,160.6609511923917,159.3338582344301,159.5626678466797,5254200,165.3113688542094,169.88721760148997,164.9767788153055,167.4959716796875,98062700,302.73336981816624,303.92801234245485,292.5002706946639,293.6115417480469,5207700,138.0425238994977,138.9243097056279,137.17915893523153,137.6175537109375,25154000,91.9310934677817,93.53422799072209,91.9043755783141,92.955322265625,7681500,83.84242266984049,84.37198824521525,82.47810583357717,82.91791534423828,7465400
2022-03-24,208.9127404237468,211.51148841449182,206.97072619135923,211.20188903808594,2006600,160.16675128775415,160.66097397550897,159.31558611288966,160.38641357421875,5012300,168.33244889860822,171.36334015450248,167.49601114298855,171.29446411132812,90131400,293.70414070063975,295.78780562037525,291.0648261500053,292.4354248046875,4599900,138.53765371288432,140.94514991308523,137.09505730306245,140.89837646484375,26396000,93.48970752920503,94.27346179129724,92.4031346418808,93.10673522949219,6192500,83.07052133927668,83.56418319733608,82.44221509090582,82.69353485107422,6488300
2022-03-25,212.01808909318657,213.0125519072657,210.1135957457538,212.55284118652344,1452900,160.79825651151404,162.63788089426586,160.36809329336194,161.9239959716797,4809500,171.10746429170044,172.48513509296794,169.99547749215097,171.93406677246094,80546200,294.9357586593143,295.23208056010697,285.50831341901704,287.7123718261719,5176500,141.24072608323831,141.35916312962928,139.07259464161262,140.99888610839844,24126000,92.77720306976157,95.76082113811226,92.46548299605114,95.74301147460938,7833800,83.00767825690073,84.34506211059603,82.56786189829084,82.91791534423828,6592800
2022-03-28,212.81552534318695,215.93027192339053,211.6709511724286,215.8270721435547,1728100,161.67687774763127,163.07719155539377,161.40231736605543,162.75686645507812,5604200,169.42471770580778,172.92795048627315,169.25743018713217,172.80003356933594,90371900,288.00877608566907,291.11112707522875,286.36963663385967,291.0462951660156,3936600,140.23007305677257,141.32683456688196,139.1462501767931,140.78244018554688,35050000,93.56986574198744,93.64111798608468,91.74407285316464,92.18048095703125,6091100,82.82816769660081,82.84612302013745,80.90735895514914,81.92161560058594,8680800
2022-03-29,222.1128430653069,226.6348516413484,221.45612368912478,223.82032775878906,4055800,163.47991524686034,164.19380024192176,161.81418824686125,162.6745147705078,5933400,173.8726518827145,176.15565130084448,173.52822668291532,176.10646057128906,100589400,293.4819004482715,297.2695369513793,289.7868769298504,294.2227478027344,5306100,141.96876091620584,143.10930412787826,141.36264991460445,141.82742309570312,34318000,89.05435611216969,89.90046120040378,87.13949456983632,89.67780303955078,10977600,83.82446280515023,83.82446280515023,81.72414224329528,82.43321990966797,7431600
2022-03-30,222.58191553616498,223.4638019176903,219.67356865863366,220.70556640625,2111300,163.31515711215818,164.61479408193705,162.61956692732517,164.36767578125,6277600,175.7030016679424,176.74609743731983,173.88249413539714,174.93544006347656,92633200,289.96282124014385,291.93536205318156,283.4710660911783,285.6565856933594,7223800,141.78214074610113,142.04139926782997,140.9262322677062,141.26312255859375,19884000,90.5264309359969,91.79491387933074,89.86539513643007,90.31204223632812,6069200,82.45117158936783,82.52297917325555,80.56626702397794,81.0240249633789,7289800
2022-03-31,218.89489762159155,221.24971063958162,216.98101348148296,217.08421325683594,1778600,164.36768134676038,164.93513872182743,161.97890826705068,162.2077178955078,11490400,175.00428285673703,175.1912556507319,171.6191323130994,171.82579040527344,103049300,283.572958811877,285.19358743853496,276.79412226369755,277.2015686035156,11044600,141.3770911257397,141.43183732694075,138.36301282244463,138.4058074951172,37524000,89.32941436767578,91.51798229356646,88.79343924452843,89.32941436767578,9777900,80.5303780567165,80.9522391297813,78.44800567626953,78.44800567626953,8422700
2022-04-01,217.08421067316294,217.35627499654217,207.33657757602842,207.5711212158203,3435700,162.0429781627173,163.30599778799817,160.71588513944675,163.0863494873047,6525600,171.2550749570232,172.09152763755276,169.19840379678678,171.53060913085938,78751300,278.28501024834185,280.9428359408517,276.80328740336927,279.572265625,5554600,138.83624029562424,139.80261322253037,137.64940951093706,139.483642578125,25942000,89.46338700580941,90.8122627265779,88.68621884577226,89.84750366210938,6934100,79.11219838860949,79.4622518183685,77.11061153105906,78.07998657226562,8192300
2022-04-04,204.8879594430435,207.20525195344257,203.3399770102903,204.5126953125,3479800,163.08637280696053,163.08637280696053,160.64268735430613,161.5121612548828,6860600,171.7864694584347,175.64396282770502,171.65853751770197,175.59475708007812,76468400,279.20180485580636,283.822929421601,277.4237601074842,282.98944091796875,4659500,139.69065571151913,143.02819955507672,139.6428799730055,142.2912139892578,25942000,90.58896565322954,91.0356127411986,88.98996826046499,89.82073211669922,4946500,77.67609073427462,78.60059128651001,77.02085839790281,78.34029388427734,8098900
2022-04-05,202.01715569879298,205.31014367427127,197.6452582513397,197.98300170898438,3124100,161.5121552981007,164.4226073145613,161.34740508966811,162.55552673339844,7446100,174.66971162579236,175.45695839959683,171.63882130670936,172.26861572265625,73401800,283.6192181012173,286.2492628836859,279.8686042766701,282.32269287109375,4376100,142.1892190441835,142.31013145949348,139.71455405588372,139.92205810546875,21418000,90.08871342053651,90.8122863144771,87.45349841128845,87.58749389648438,5708100,77.68505095519977,77.93637063942975,76.2399559229296,76.54512786865234,11587400
2022-04-06,196.5475950054094,196.5475950054094,190.9654585354021,191.38763427734375,3492800,164.18463108643567,167.12255276487053,163.47989354343375,166.78390502929688,10330900,169.61169680197753,170.86145068243167,167.4172586616336,169.09014892578125,89058800,276.05313493878384,278.43314965709743,273.18230259379357,276.4698791503906,6499900,138.0897877762518,138.6973869731092,134.8721696149984,135.8982696533203,32468000,89.10609928787886,89.48128122815723,86.48874692590884,87.13191986083984,5680000,76.04251105917697,76.12328947538008,74.27428823748866,74.61536407470703,10493200
2022-04-07,191.12493288879247,192.36331593123938,186.89377054693674,191.17184448242188,3223300,166.27134589118342,167.44284983744782,164.95340046027883,166.3537139892578,7385200,168.4308330803216,170.59575076458447,167.14172361896223,169.39520263671875,77594700,274.8493239948946,282.0726849920402,271.8858778998256,280.36871337890625,5241000,135.3628405109315,136.5118576914848,133.58882067273166,135.24192810058594,26234000,88.19493788212111,89.50807460919965,86.56914273806343,89.29368591308594,6285300,74.3909704546542,75.0462028383064,73.06256405879331,74.61536407470703,11902900
2022-04-08,189.59569566510726,191.08738979767242,187.25025923702069,189.06094360351562,2321200,165.96021047712028,167.66255476468677,165.13648739030492,166.68324279785156,7144500,169.0409389910171,169.0409389910171,166.5020757053073,167.3778839111328,76575500,279.174025290327,289.20341410023565,279.00733889330934,288.1106262207031,5741900,134.93835487299648,135.0244453490223,132.33281575795365,132.65328979492188,25142000,89.94580292747173,92.28622957130482,89.80287257181763,92.0539779663086,6175200,74.97439041153926,76.08738077795088,74.462773264661,75.45010375976562,6937500
2022-04-11,187.2690210707651,194.8119380964942,187.2690210707651,191.50018310546875,2081000,167.48865373595132,168.5869371968712,164.3768482691064,164.59649658203125,5932000,166.01991058277108,166.33480034612657,162.8610877127669,163.1071014404297,72246700,285.0546130133297,290.9444537485755,283.31359073145506,284.0451965332031,4100600,131.19625072432203,131.46396795737343,128.0562642583226,128.2105255126953,36884000,91.02668272839179,91.11601078767383,87.35524292495906,87.52497100830078,7002200,75.01927932996169,77.02984431870527,74.51663294681323,75.4142074584961,8290400
2022-04-12,191.50958172105817,194.36162614733615,189.82086461287673,191.74412536621094,2031800,164.01074875870447,165.48428341329486,163.09551018977706,164.6514129638672,5957500,165.34089363354275,167.1613860255376,163.98289318870957,164.98663330078125,79265200,286.5641592911882,290.1295475849296,282.54500406858585,283.64703369140625,4122600,130.97382925450697,130.97382925450697,126.1857162540227,127.1068115234375,32710000,89.37408180097701,91.00880490428244,88.80237409424736,89.32941436767578,7412100,75.18083379504131,77.17345006225457,74.98336633101849,75.33341979980469,8057300
2022-04-13,191.7628774372632,194.7181359382731,190.53387103426422,193.55479431152344,1365500,164.65140988481667,165.51173635798912,164.04736305434903,165.3470001220703,5643100,164.72093797881234,168.3127321148904,164.11082878699807,167.6829376220703,70618900,283.4802477607655,288.65702171068307,283.1190939163007,287.4716491699219,3185300,127.39093966649723,129.7138334675101,127.13316938924753,129.2759246826172,27928000,90.29417261250462,90.87481516209814,88.36465401360185,89.53487396240234,7365100,74.43583776209591,75.62063557673935,74.30120024607878,75.51292419433594,8760300
2022-04-14,194.24904114555332,195.60939136389942,192.2788688876676,193.02003479003906,1922300,164.74294240693283,166.0242708172583,164.4958240830014,164.6514129638672,6188200,167.89944882901148,168.53909354843174,162.40842046943686,162.65443420410156,75329400,287.85136352573534,289.1664001021796,281.8318868222472,282.0078430175781,4569200,129.8586543117061,129.8586543117061,125.99859967897054,126.12699127197266,31598000,89.499142917818,91.4554524686052,89.18648451361271,90.55323028564453,6337800,77.2003830180948,78.89679823912597,75.92582205080035,76.07841491699219,16348400
2022-04-18,192.8136430809648,194.1833699468104,189.48312046940174,190.693359375,1510100,164.49582442134866,165.09988522978696,161.75927003250362,162.60128784179688,6318700,161.30627040967605,163.9435452353402,160.9618602189061,162.4379425048828,69023900,280.6002013157904,283.6469902928061,276.63660884350645,278.0164489746094,3192400,126.39571309247896,127.60243774339565,125.58160448146151,127.0689926147461,20808000,91.75024035788935,93.00085351771577,90.84801136765333,92.42914581298828,4867000,75.7463115222662,78.2505451995195,75.68348158117168,77.62224578857422,7897500
2022-04-19,191.90363429927152,197.10111574508426,191.64094653322522,195.90025329589844,1761400,165.40189580408716,170.17944168817291,164.69715827873296,167.56185913085938,14380800,162.38871857930025,165.14407487442162,161.29641720934256,164.7307586669922,67723800,278.38685005916597,285.3509385848341,277.6460028065043,285.0453186035156,3389700,127.08393333342498,129.71285968020723,126.3952245781442,129.39041137695312,26490000,91.85744120975254,92.52741183778484,90.24057412636823,90.72295379638672,5331700,78.09795943051293,79.98286451739324,78.01717416430162,79.80335235595703,12637700
2022-04-20,197.5232714895181,200.83504095584962,196.15354460745323,196.25674438476562,1824900,166.79308457879512,168.69678250940217,166.48189284650067,168.30322265625,8044900,166.06907917381437,166.1871759578773,163.45150487225482,164.5634765625,67929800,288.00884626245386,292.73182656407766,286.85125443664015,291.8428039550781,4720800,130.2691902594668,130.77378162705162,126.89333171577131,127.43075561523438,31696000,91.20533066757304,92.42914609739567,90.56215779395218,91.71450805664062,6059200,80.43164161366428,82.19986425715092,80.43164161366428,81.32921600341797,11828400
2022-04-21,196.99790098931152,197.7202994487554,192.79488273650884,194.07080078125,2099500,168.33982447793113,169.20015097331728,167.08595209851177,167.81814575195312,6969200,166.21672062047585,168.79493971335873,163.26455585195845,163.76641845703125,87227800,293.56524769820203,294.86174471712127,286.8419462308927,287.4161071777344,3014200,128.63500784795013,129.47946605426276,123.93397991770688,124.22061157226562,36446000,92.11650567158415,92.6882134473417,87.81975568731053,88.14134216308594,6290600,82.15499317134152,83.41159884524507,79.6238333465708,79.80335235595703,9563900
2022-04-22,192.90743729852187,195.05586493339672,191.6315193980384,192.52279663085938,2114800,167.00359925901435,167.6259548438531,166.00599247220504,166.1524200439453,8003600,163.8057537918965,165.19325952257165,158.92483581876152,159.210205078125,84882400,286.9160196865609,286.9160196865609,277.61823638906867,277.923828125,4043200,124.40522250559663,124.8053101263878,118.35913172906152,119.06624603271484,56884000,87.42669478405303,88.83809426246921,85.5507717483492,85.76516723632812,6483900,79.09425334630178,79.17503174992747,75.96171396758496,76.0604476928711,11455400
2022-04-25,191.43452273197184,193.07632821969818,185.47710852177318,192.7010498046875,2162600,166.88457630642137,170.86586916643827,166.66492801539513,170.24349975585938,11176500,158.55090609825874,160.5682214607871,155.9333317168137,160.28285217285156,96046400,277.8219852658164,282.6005268037701,274.3677217415331,282.39678955078125,4396900,118.53429277469893,122.69091861575488,117.94710375134851,122.48838806152344,46128000,83.07634421669277,83.45152607103344,79.32451204270109,81.87933349609375,11913400,75.4231696913462,76.57206373559329,74.39993550519185,76.33869934082031,11577600
2022-04-26,191.82857538000445,192.59787116322548,185.9743603021407,187.6349334716797,1927500,169.4106881765788,170.75609017662225,168.5686562868715,169.02627563476562,10190000,159.66291644791357,159.75147779014623,154.22109374803105,154.29981994628906,95623200,279.90565842368505,284.8231054472296,277.56269407585967,277.7849426269531,3415200,121.71260107377317,121.92707556109316,117.94710303931359,118.08544158935547,73054000,82.63864479171212,84.22870730879413,81.55775967409227,81.57562255859375,5970100,75.6565458287428,76.49129028176266,73.85241939519356,73.9332046508789,10062000
2022-04-27,185.96497850018136,189.09847836569162,184.02295012174872,186.940673828125,1613700,168.6235420331758,169.1543820256974,166.33544584063318,166.66493225097656,11090100,153.42399128149194,157.24211378977282,152.9024434257798,154.07347106933594,88063200,279.02590247979634,283.767421999677,277.00706926239457,279.3037414550781,3446200,113.92482651279367,116.68413343389656,112.20007840202844,113.75066375732422,91820000,81.9329405865429,83.90711984160751,79.29771875299825,83.12995147705078,6765800,73.94216728408222,75.10003893585123,73.43055021450506,73.78958129882812,9522900
2022-04-28,189.3424145452134,194.26783145279214,188.18844941977184,194.06143188476562,2261400,166.80225351163807,168.8615405920287,166.50022306399535,167.90969848632812,9403900,156.71073111363518,161.89670425341123,156.3958263617354,161.03073120117188,130216800,282.2208332044474,291.2870985649938,280.60947473451165,288.7126159667969,4149500,115.86107915420212,119.08018595435958,113.57201989604017,117.95854949951172,48884000,83.11209504159778,87.95374807803377,81.46843013294452,87.14085388183594,9520600,74.86687022388898,75.90794662258745,73.88011547921295,75.50057220458984,6974600
2022-04-29,192.64476341785834,195.95651851589565,185.75856548653033,186.45281982421875,2338600,167.0310207635702,167.07678548015323,164.9259694896281,165.1639404296875,8463100,159.25945373894038,163.54993403564234,154.74264500205678,155.13626098632812,131747600,285.3694813963679,288.675569856119,277.5534204929325,278.1924133300781,4878200,116.17905335741958,117.35891362880432,113.27294906445184,113.56654357910156,42676000,87.31951036010632,88.26640005626298,84.79148607155491,85.32746124267578,8777700,75.19278320721293,75.80837575514012,72.70325563801255,72.95673370361328,8097300
2022-05-02,186.64042655622333,188.08520890411842,180.89880352829408,184.82974243164062,2225600,165.1730875361861,166.03341393109062,162.02466496991028,163.49819946289062,7145400,154.21124610323508,155.70699870242646,150.8260949299853,155.44131469726562,123055300,279.6648179609089,285.9621322575649,277.73859826852,284.27667236328125,4233900,112.86539470993021,116.18999980943521,112.06422476007553,116.02827453613281,35534000,84.21083204456338,85.80090127187127,82.70116964572665,85.68476867675781,6980500,72.95672831298087,74.35991923828207,72.4497722192374,74.19696807861328,8737100
2022-05-03,185.064329884898,188.19784415621618,183.50697081548705,187.10955810546875,1957800,163.64465229323665,165.31954048242892,162.61957564103747,163.17787170410156,5898700,155.6282627909498,158.14745572719883,153.8274556953841,156.9370574951172,88966500,283.0913574231564,286.15665787278186,280.6187292064706,282.4153137207031,3336600,115.87650661407837,117.87844076984781,115.4823947149801,116.77571105957031,24968000,86.3636767693184,88.9095636770046,85.8812971212368,88.37358856201172,5748000,74.67676290129451,76.77701834593135,74.45949700198956,75.81742095947266,9430500
2022-05-04,188.19782152478172,197.0448007101207,186.81870378321824,196.53819274902344,2454400,163.04972275741855,165.2005386809886,162.13448431597263,164.92596435546875,5923000,157.12403328379716,163.82544428980776,156.7205671988061,163.37278747558594,108256500,281.60036930421154,292.40765763673096,280.53539061357804,292.00018310546875,4021300,116.4746360987147,122.2699268388617,114.56824610086612,121.67925262451172,49916000,90.22271257369168,93.07232320122012,88.53438711134808,92.77753448486328,7989800,76.10712105839255,79.23939856689479,75.98943678648754,78.9587631225586,10495000
2022-05-05,194.20215531494225,197.5326782329422,192.26012689039635,194.4273223876953,2646500,164.21211070052323,164.47753771963383,160.4138760327562,161.77757263183594,7089200,161.23737293708814,161.46370131983915,152.479276862281,154.270263671875,130525300,288.0087973598432,288.3421701835431,271.9969820306973,276.9977722167969,4959600,119.63204464005044,120.46307061064945,114.45827869555946,115.95114135742188,45840000,93.42962654207217,95.2162147400531,89.80285468106467,91.88423156738281,10593000,77.62797572426251,77.9991448709574,75.50961795268658,76.89469909667969,8556500
2022-05-06,193.65800940311547,199.30582480057936,190.68399748249223,197.2136993408203,2357600,160.29488423695975,161.87824306899535,159.8830296693176,161.42062377929688,6434000,153.74795219056614,157.12822726592017,151.94448418251287,154.99954223632812,116124600,274.3955197278027,274.81226403600186,268.0148891021124,272.5526428222656,4325300,114.63642503497805,117.01206812575884,113.47298870444129,115.19574737548828,39710000,93.05446058518947,96.21672305476564,91.83065182186905,96.19886016845703,9213100,76.17047410302479,76.55974588038724,74.5138053593596,76.251953125,7333600
2022-05-09,194.5023831498889,199.43717685426574,192.9637629190736,195.39364624023438,2320600,160.57858731392153,163.42497952390838,159.7914816684304,162.2992401123047,7855200,152.68360662844097,153.5705662251753,149.29349706523496,149.855224609375,131577900,268.8205686604555,278.5072879072593,267.1721592416952,275.0715637207031,5243600,112.71113673169168,114.52944700923064,111.4675855939926,111.97565460205078,40802000,93.94775779632559,94.24254654441006,86.18503513716259,86.82820129394531,9750900,74.7220263385349,75.35572139333598,73.07441228929399,73.46368408203125,11161000
2022-05-10,197.27935830244107,198.47084408029394,190.35562501348372,195.1966094970703,2278600,163.12297657869408,163.9924504812511,161.53961766431698,162.07960510253906,8186700,153.26506437118704,154.46737635991622,150.71260627459526,152.2696990966797,115366700,276.3957903647078,278.81285603404103,266.3942114347691,269.6354675292969,4392900,114.95788698251471,115.6968542910652,112.36328947356759,113.85067749023438,39900000,88.3289278617844,90.6872239997361,85.72944528905542,87.54283142089844,7845900,74.24223418478525,74.83066930547463,71.26385335224981,72.65798950195312,9261000
2022-05-11,194.86826400279327,199.05251494991117,193.66738727351452,194.38978576660156,2807900,161.04536938591468,163.20533276135993,160.97214863152644,161.20095825195312,6138900,151.2743434971103,153.19606667734942,143.69584140711092,144.37583923339844,142689800,269.9040997984678,271.6450940254035,261.68056360455273,262.0417175292969,3880500,112.6977024843236,115.81081721712015,112.6977024843236,113.06195831298828,37534000,89.07036830111214,91.91104427122922,88.25747408257149,88.47186279296875,6651600,72.48598129771177,74.28749183206249,71.30006323983507,71.4177474975586,8060000
2022-05-12,192.62602392503547,195.4593010302827,189.80210909723056,195.3279571533203,2345500,161.51214393871484,162.86669304803354,159.9013291591313,162.79347229003906,6898600,140.6999427258126,144.08020299470905,136.78750364436277,140.49298095703125,182602000,260.7544890953368,271.5061875007181,259.8839778548586,268.2742004394531,4447700,110.84754643399383,113.7511601444871,109.30193451554294,112.30706787109375,53836000,87.94480963022333,89.02570158960334,85.28279678023735,88.97209930419922,7244400,70.6573249382939,71.9880848457525,69.48045454165965,71.14617156982422,10315600
2022-05-13,195.78766797658992,201.76383585442858,195.72198888037198,198.22691345214844,2077100,163.55313789441047,163.72703546592857,160.89895149404902,161.85995483398438,7732200,142.4935240941809,145.9526407258744,141.03498745815705,144.97698974609375,113990900,268.5149640777693,277.2848793408799,267.1258541306759,274.1454772949219,3949100,113.98803256594428,117.31413370158947,113.06445432012579,115.4983139038086,35038000,90.07086320712868,92.73287632483877,89.95473058981818,91.92891693115234,6549900,72.06050810949543,73.78054677768917,71.94282383419757,72.9114761352539,7948000
2022-05-16,197.45761350927546,198.83673134655518,195.46868789487306,196.7539825439453,1301600,161.85996287133264,163.94670590230356,161.23759331949142,162.98570251464844,5516700,143.4396589445517,145.38109691977127,142.089512486563,143.42979431152344,86643800,272.3395952275807,277.4237563322008,268.366761533184,274.1083984375,4267900,114.40852067379373,115.61724230928375,113.34759858622417,113.90045166015625,25990000,92.49420341887728,96.09239163225897,92.09938701804974,94.66567993164062,7990600,72.77567121754471,73.26452467424285,71.38153511661115,72.33208465576172,5703600
2022-05-17,201.21032763096352,208.76263677562392,200.7037052799176,207.80569458007812,2927500,163.5714344262089,164.46836429298506,161.62197184990654,163.6629638671875,5751100,146.70164625018603,147.5984555661727,144.55324673702833,147.07614135742188,78336300,283.8414157843661,287.9531827633377,269.39466923080454,278.70172119140625,12425900,116.28455202745589,116.34377055599607,114.32343087143941,115.9188003540039,23054000,96.08341448473584,97.17812760535801,94.85410425412198,96.02957153320312,6577500,73.90727308383961,75.37383342537962,73.6266376797534,75.07508850097656,6507100
2022-05-18,203.79028451331058,205.0380584292976,190.0835532528772,190.9842071533203,3721100,163.68125241446677,164.16632770942232,160.32232874553077,160.62435913085938,8608800,144.72078142086878,145.2233813560545,137.87153963890293,138.77821350097656,109742900,271.3394643511061,273.59908535952434,260.3932716685816,264.0975646972656,7799500,114.45279916514005,114.85089737650672,111.02468525353758,111.36705017089844,35126000,96.6577013280586,96.998674783407,92.20706909020582,93.75043487548828,8957000,74.1426553496958,74.43234554070104,72.71230700990047,73.0472640991211,5949400
2022-05-19,188.65752218132099,190.60892701858612,183.4506504178741,186.74365234375,2598700,159.9104945110581,159.98371527729185,158.0525612098549,159.1966094970703,6874500,137.85185149313176,139.6060416476657,134.6194101946053,135.35853576660156,136095600,264.39394261728313,270.876456096516,263.89385509280356,266.48687744140625,5211500,110.90128865895407,112.4722766682842,109.47659675819857,109.85877227783203,34144000,91.37256634846266,95.75141211886768,91.37256634846266,93.86707305908203,6784100,72.17818717817215,73.49084422986537,71.96996913415627,72.38639831542969,7852800
2022-05-20,189.47378638172373,189.47378638172373,183.34749184918846,188.47930908203125,2253900,160.0294939166658,162.14369310080332,159.29730015609596,161.97894287109375,7522100,137.07329814838306,138.65995498562737,130.68725738522548,135.5950469970703,137426100,268.3946231883192,269.02434637296795,258.92088129852505,265.95904541015625,5621800,111.41831352862852,111.64971302278167,105.29310247883514,108.3897933959961,48962000,94.3336894673165,96.50517316800949,91.69561693923205,94.2349853515625,6717700,72.98389836831953,73.51801187979687,70.22278319629116,71.852294921875,8705000
2022-05-23,189.68950635336273,194.17397936323502,188.2353330006553,192.03494262695312,1696200,163.59089415909995,165.7370910827277,163.46193793980248,165.28575134277344,7040800,135.79214749031698,141.1828380246541,135.65417798096212,141.03501892089844,117726300,267.71851704007463,268.8761086224169,259.59686467250623,264.8847351074219,4305600,109.06606499448633,111.61388163619868,108.22358859840143,110.95751953125,37184000,95.15020832047018,98.19207125282031,94.90793217420213,97.82417297363281,8646900,73.13779016834704,75.446256909498,72.51314289512837,74.5138168334961,7787700
2022-05-24,190.12105854333637,193.2639488749905,185.08306601038942,192.56031799316406,1929700,165.11072354757604,167.40431690106982,164.97256120014924,167.09112548828125,6419800,138.7683624803835,139.91154699464488,135.3388239751479,138.32489013671875,104132700,263.0048204670423,267.93153726700535,259.90246922120207,266.6350402832031,4241900,105.26871860398441,105.951952644931,101.39971155887439,105.46577453613281,76780000,96.86407886703184,98.68561389649871,95.38353098896368,98.2369613647461,6859100,74.05212644044035,74.43234351074794,72.46788174073326,74.19696807861328,6225700
2022-05-25,190.19614908295125,192.74798536066686,186.52789695971848,191.678466796875,2197300,166.28976049798914,167.2293066527632,164.93571323395898,165.4515380859375,6558900,136.42282129901744,139.73410344221713,136.33412986673244,138.48252868652344,92482700,264.6810320892072,273.6454156794505,264.54212673366436,271.86737060546875,4612900,104.48595502313039,105.99325219877339,103.36232921245352,105.30155944824219,40258000,98.65868789695818,100.07643152454578,98.29977135226271,99.78031921386719,6707000,73.58137592124739,74.97551209233878,73.32789787318691,74.44139862060547,6747800
2022-05-26,194.4460825176826,200.39412097548725,194.0239067671775,199.16510009765625,1764200,166.72267164670353,166.72267164670353,164.51198990992089,165.3041534423828,6897600,135.397918861849,142.24714462113738,135.15154372635268,141.6952667236328,90601500,275.34012196770016,283.0357888753072,275.04377172718347,280.42425537109375,4170800,105.17416668495665,108.1325189038604,104.7243139415563,107.27960205078125,37948000,101.06344979701234,102.83114156939709,100.65966532487784,101.5300521850586,6159000,75.45531020760878,77.44693625323228,75.35572855998967,76.94902801513672,8573400
2022-05-27,199.7279984983945,206.49224395026752,199.7279984983945,206.0888214111328,2146600,165.58051184647806,166.87008816826147,164.17119949255036,166.80560302734375,5853600,143.28195857644457,147.509750328954,143.15383866233717,147.4703369140625,90978500,281.10032050916095,285.6936365416299,279.3037358985127,285.6565856933594,3899300,108.96206020855854,111.7835698138087,108.61919412203534,111.78207397460938,37914000,100.63276677641183,102.83116149902344,100.38152244764416,102.83116149902344,6788700,77.46502682330473,78.28883725156247,76.87659178980029,78.26167297363281,6300000
2022-05-31,204.31566137992775,211.94302538931623,201.86702512363675,210.69525146484375,3063800,163.95932491098262,165.95815319659127,161.20517164053706,165.36863708496094,16391400,146.90860654542266,148.47554915584195,144.71092900811684,146.6819305419922,103718400,283.9341015134847,285.1102045218035,278.5906400695615,280.36871337890625,5966600,112.21002456042172,115.18430708649075,111.54520378568205,113.22069549560547,50012000,104.29377057097061,105.87302255411326,99.88799942196623,100.82119750976562,17278500,77.36546366173326,78.59664876502454,76.88566490512521,77.9810562133789,10780700
2022-06-01,211.08929730648563,212.33707131507973,202.88964567089974,205.15065002441406,1987300,165.01860036297217,165.64496911218544,162.02496112517488,163.69219970703125,5175400,147.72655096677192,149.53988370849348,145.53873817938137,146.55381774902344,74286600,281.1981192256198,282.35372177925916,276.8087748178469,276.9578857421875,3080800,114.30849764115457,116.54430641015415,112.71113124806907,113.3500747680664,36606000,102.61582159575731,105.25390103269574,102.4543063884775,103.86307525634766,7246600,78.25263728814419,78.56043008496053,75.78121252586065,76.94902801513672,6543900
2022-06-02,205.0755734704367,210.5357562766588,204.75659755599006,207.82443237304688,1642100,163.71983242838533,163.78430350337865,160.818296729552,163.17636108398438,8666500,145.6865807086683,149.07670576522273,144.7306437582719,149.017578125,72348100,278.4675997626841,285.1960774797612,275.7464035544487,285.0469665527344,4086400,113.45756701556255,117.33851047218953,112.40908243525307,117.06282806396484,37992000,102.52607166966547,104.04251247115513,101.49416954592921,103.15418243408203,5042700,77.11197856222472,77.29303233459041,75.74499978856015,77.13008117675781,7468700
2022-06-03,206.29521732352242,207.58990288447356,204.27814760979916,205.1787872314453,1379600,163.1027036393107,164.57648701186807,162.25526098250214,162.50396728515625,4234200,144.77002952584698,145.82452236693706,142.36542073655667,143.27207946777344,88570300,282.6798362599312,287.4605997995775,281.34719486825514,284.3106994628906,2956600,115.51024691373239,115.76801720266153,112.97835314878134,113.99598693847656,26136000,103.59387514418152,106.25887249167839,103.29776965237791,105.98968505859375,5387100,76.19763425320775,76.93996570376267,75.75404771619225,76.15237426757812,5276900
2022-06-06,207.33660620712595,211.2300254391502,206.351519920888,209.07223510742188,1562900,163.23163821821873,164.41987651971576,162.11707712868332,162.4855194091797,5386500,144.89815206168706,146.41583140720172,142.799030970996,144.02105712890625,71598400,284.75798394032387,286.6684119927266,282.60524715230207,283.2016906738281,2562000,116.14920308967707,118.77913155288562,115.61127801779323,116.26465606689453,33542000,106.05249779052497,106.60882260173953,104.64372897990569,105.32567596435547,5608400,77.1300826439022,78.10778960949537,76.71365343413298,76.83134460449219,4022400
2022-06-07,205.39456740445053,208.24662633140966,203.19924217890772,207.6837158203125,1115100,163.0197680434459,165.15677259188928,162.48551690633508,164.27249145507812,5447800,142.25703403584302,146.83960633947197,142.0106588574211,146.55381774902344,67808200,274.9729157896958,281.7945919714786,272.68039552663896,281.2261047363281,3547800,114.93101432601036,117.13099882916678,114.50455590836914,116.59207153320312,31590000,105.1462108273446,110.10830688476562,105.10134283444098,110.10830688476562,8559000,76.17953838538969,77.31114172769567,75.93510819566674,77.24777221679688,4514300
2022-06-08,204.40948795530053,206.8956449377019,202.39240396099353,203.74337768554688,1556300,164.05142169072332,165.2949248336605,162.8539632879471,163.2960968017578,4333100,146.4256722718094,147.69696135392218,145.32191647725907,145.81466674804688,53950200,279.3715127457802,280.11703880092034,275.5506277231961,277.2746887207031,3003100,116.20593058690812,118.00632883158585,116.04519999754733,116.6363754272461,26108000,110.11727922089366,111.33761466304655,109.02256594079525,109.34559631347656,7010900,76.49638933388597,77.06671495727934,74.90308982333501,75.31951904296875,6787200
2022-06-09,203.77149433773954,207.67430361301084,202.0827774094581,203.5838623046875,1846500,163.23167126498183,164.558072176406,159.94326632235703,160.00775146484375,5509600,144.94743302094574,145.80481374848975,140.4634021916062,140.57180786132812,69473000,277.4890622843938,285.98818510178825,277.1069709087875,279.4460754394531,4168400,115.77399057256335,117.73611398435301,114.22987449001698,114.28909301757812,25798000,108.2329363747617,109.27380666115673,106.26783614673994,106.38448333740234,6643000,74.86686931916624,75.02982046574778,73.46368541331914,73.47274017333984,6951700
2022-06-10,200.90073220493994,201.82013941415576,193.85504527312543,193.98638916015625,2263300,158.58919422163623,160.2472126720671,157.16145572112154,158.93922424316406,6647300,138.24604500265073,138.7190811555441,135.07273136179253,135.1417236328125,91437900,271.65522479018375,276.3148341347838,268.9899418962718,269.549072265625,4623900,111.90996185455049,112.73999313613125,109.84085182107376,110.632568359375,41452000,104.98468589920998,107.35357057182833,103.4592701245021,104.83214569091797,7298800,72.00619032384475,72.1600867327822,69.66150442415625,70.06888580322266,9671600
2022-06-13,189.04217607434276,192.3726986647887,186.15259667754108,188.5543212890625,1983000,156.66407322935856,158.66290171235045,156.66407322935856,157.33648681640625,7997000,130.94347052169286,133.23968891028474,129.53421176750797,129.96783447265625,122207100,265.00128476632943,267.29383300408983,262.13097796945596,263.88299560546875,4704600,106.27839110394777,108.27384824703032,105.61407143207575,105.88626861572266,47252000,100.90194217695085,102.3107107205187,97.2409430645392,100.28280639648438,9516900,67.91430215486997,69.03685762680794,67.1176559000263,68.05915069580078,10446400
2022-06-14,206.77367557967318,217.92857097224015,206.00437985367284,215.73324584960938,13008700,157.5667508090086,157.61280961006355,154.0664927564227,154.9231414794922,7116800,131.19974383683066,131.94871913133352,129.57365827714892,130.83509826660156,84784300,263.9295430592615,266.8837474331081,257.7602258068687,259.6986389160156,3987000,106.02808814729501,107.41097248913957,105.29658482140374,106.20772552490234,33706000,102.31072338569675,104.2309625771971,98.73945295993792,100.04054260253906,7737700,68.2764068577841,69.49853689377278,67.23533056536499,67.85997772216797,7400300
2022-06-15,216.48379704132353,224.42076075275605,215.1703582783956,218.38829040527344,5035800,156.2587943983265,157.91681318984357,155.33767440916984,156.58119201660156,7796100,132.34286902822936,135.3486488673454,130.24376297463832,133.46633911132812,91533000,261.87005401260916,264.28372832184715,256.716527040993,260.6865234375,4050400,108.0285229467679,110.89332844630779,107.15719279182463,109.24222564697266,39698000,100.04053117077187,100.55199473997088,96.54104034925008,98.10235595703125,7681400,68.6204313155081,69.88782156812115,67.28966464350555,68.81958770751953,9273300
2022-06-16,212.3651978634583,213.35966062480557,209.59758572385397,211.38011169433594,3063700,155.1165436595226,156.78378203474747,154.20464420002898,156.66403198242188,7056700,130.16490958303865,130.470412336112,127.16897960199907,128.1741943359375,108123900,256.20397971406544,257.3129406035676,251.3673028070802,254.84335327148438,6181000,106.71082612689229,108.13153172918454,104.6377371893725,105.52897644042969,51684000,94.22600107629094,95.30276435061148,90.74445325392625,91.9019775390625,11848400,67.07238720990388,67.3168173894957,65.62393637313926,66.94564819335938,11068400
2022-06-17,210.24495383897883,217.12176172185977,209.08161206936757,215.6863555908203,5287600,157.17066494675103,158.6168156226194,155.89030907676985,156.09295654296875,12486600,128.18407944512376,131.15043105016284,127.92783964673345,129.6524658203125,134520300,252.55083352674774,257.7882300258693,251.98237482203845,252.29922485351562,10775600,105.528970887289,108.18228586085846,104.54616658355276,106.6336898803711,51376000,91.06747862489705,91.8301864729859,83.27887128531724,84.11336517333984,24455100,66.81890549080579,67.5521890823719,65.77783604187114,65.99510192871094,17285900
2022-06-21,219.6736003157657,221.87831658730028,214.7106624507117,216.26803588867188,2342200,157.28121968538196,160.14590307758326,156.18508477813182,159.36294555664062,8219700,131.48548988632155,135.07271151353063,131.3869488476208,133.89996337890625,81000500,255.0576717004648,255.27202394612615,249.2145324365196,250.87335205078125,5498400,108.41119802749382,111.9542643123408,108.08326752622625,111.01325988769531,47416000,86.15921844989028,89.82022429583432,86.12333227620861,89.08443450927734,10454900,67.95956004854584,68.12251118212887,67.13575652808989,67.56123352050781,8063800
2022-06-22,213.10633694164667,217.42194546891858,213.09696034997344,214.86073303222656,2033600,158.43263085079772,163.88565924927394,158.14708591611557,161.87762451171875,10593100,132.83560404391164,135.7625416936952,131.96837384076605,133.3874969482422,73409200,248.25466092176524,253.26837629533765,246.502643394645,250.6683349609375,4678400,110.03045374439513,112.8071716946308,109.85727808662209,110.95702362060547,30774000,83.31477110990716,85.28884629395401,82.06751765923804,83.50320434570312,11284200,66.66501062852139,67.81472340722324,66.16710243195631,67.35302734375,6322600
2022-06-23,215.3110513414464,216.01468222818315,210.48883490362678,214.0257568359375,4305100,163.03822103212465,165.6357858764082,162.59608741901172,165.4884033203125,10223500,134.83622462315083,136.58055018558431,133.66347628298064,136.26519775390625,72433800,251.61889306360592,256.82833265904907,251.51639531392678,256.669921875,3747500,111.69747579437303,112.20604591984649,109.97471708378085,111.70792388916016,28362000,84.12235985533925,84.52614444428681,78.29885120727094,78.86415100097656,13554900,67.36208696195648,67.47071646230833,65.38857046004667,66.96376037597656,7958000
2022-06-24,223.49276051525425,234.5627241411365,222.85156210275784,229.35777282714844,8395200,166.5200333759029,168.13199299740725,165.783134737895,167.91091918945312,9374400,137.87152739306867,139.85239321545572,137.74342254109405,139.60601806640625,89116800,258.5803898851759,264.16259337888283,255.27207827110948,263.7339172363281,10310700,112.45735057227827,117.51715954815482,112.41504945457397,117.41365051269531,41164000,80.75745424797218,82.59693233308923,79.28587451823623,81.57400512695312,12282400,68.43937547103366,71.10996376475246,67.91430981110474,70.44910430908203,10795400
2022-06-27,232.84662497563943,233.78011441661306,226.49128555762468,226.74588012695312,2536800,167.31219992749533,168.887320969938,167.1832437176886,167.75433349609375,5908600,140.63093206993196,141.40948596195392,138.92602024902237,139.60601806640625,70207900,265.09443745115504,265.59768312975683,262.3266288788347,263.4449462890625,2538600,117.71023220229814,118.01526949121953,114.6314459624472,115.28234100341797,36420000,82.81285165184703,84.81128277953773,82.24315848896046,83.40062713623047,8986100,70.9741654779582,70.9741654779582,69.62529618093305,70.10509490966797,5937600
2022-06-28,230.07440955686147,233.98755461996893,225.94438071559404,226.38755798339844,2587800,167.80039332232204,168.5372919779367,162.402630698566,162.98294067382812,9245700,140.06923635925068,141.34052580053483,135.32897982103705,135.44723510742188,67083400,264.46074956772736,266.15685395581704,251.45113007357727,251.75865173339844,4052100,115.25148924100075,116.75132243650623,111.31580714736661,111.47454833984375,35792000,85.88735541455657,87.77727173318375,84.5942522337533,86.10437774658203,8903000,72.76661870321355,73.52705973935736,70.657315326176,70.75689697265625,10259100
2022-06-29,227.24561116472705,228.1885390118836,213.76174007280105,220.46595764160156,3736800,163.24087586621766,164.2356870817922,162.51318324728896,163.02902221679688,7097900,135.4669475914292,138.63039676191534,134.68839353261495,137.21127319335938,66242400,253.09135460528236,257.35957312909267,250.5099410020181,255.2254638671875,2460500,111.02121914854789,112.62206327148687,110.34494794788081,111.17000579833984,24716000,87.61451285478357,88.12090065130678,82.54156958213139,82.70433807373047,7990100,70.8655144698506,71.77985174777285,70.16844996931574,70.78404235839844,8534900
2022-06-30,216.53395089344463,217.73147329153917,210.2540479594858,213.77117919921875,3676800,162.90924286028323,164.22643738308838,161.2235919968816,163.50796508789062,10777200,135.2599851206719,136.36374120727302,131.8304465390549,134.7376708984375,98964500,252.29919244137665,258.17961656776083,249.79232059085837,255.59817504882812,4058000,109.47659494140807,110.36037012107478,106.24205918177555,108.44452667236328,43170000,80.08195316685445,82.9303980813211,79.42184154449235,81.21228790283203,12748900,69.31749290381708,69.55286832898312,67.47071545116671,68.85579681396484,10182400
2022-07-01,209.88630831177554,211.7721640264517,205.28483015176312,210.8480987548828,2591700,163.45274140374454,165.54368774194128,162.75269526268795,165.35946655273438,5498400,134.06750724522163,137.02400931509246,133.69302720857007,136.9156036376953,71051600,256.9588339206451,261.63707158738765,255.85914447196924,260.08074951171875,2818300,107.41943163222562,108.73016641639377,106.22265397774427,108.22010803222656,35476000,83.12934590991024,83.4729652182898,79.85589372328492,82.27029418945312,6005000,68.58421040930959,69.75202576997494,67.60650356222818,69.48043823242188,6017500
2022-07-05,208.0099010476251,217.78805879245462,206.23719198677688,216.50567626953125,2862700,164.72387760835625,165.0002163964449,160.83675040671963,164.0883026123047,5676400,135.77243576693132,139.5567548491927,134.94460374967946,139.50747680664062,73353800,256.7444578593812,264.4141845703125,256.3064534724387,264.4141845703125,3241300,106.59089187479918,112.8375236690026,105.22840262829631,112.72406768798828,39342000,80.79633225621801,80.79633225621801,75.10848656464748,76.5372314453125,13483600,67.95050495661667,68.91915699407475,66.62879328258322,68.90105438232422,8706900
2022-07-06,214.93100182109538,217.03372714637013,212.1682154124972,214.7235565185547,1674200,164.02381836710785,165.28574806342243,163.4158758931215,164.2356719970703,5335600,139.3004894555688,142.03031477378252,139.03440013342643,140.84771728515625,74064300,265.5883967554595,266.45510568325926,261.42270498247774,264.2743835449219,2206100,112.76288648601033,115.0395005469071,110.94557098037903,114.02684020996094,37432000,75.6962606642717,77.48671403736677,72.739307839376,75.36167907714844,12130900,68.58420826751343,68.95537052336982,67.61555621040235,68.3035659790039,6895900
2022-07-07,217.0525625533443,218.6272503251177,212.85653652820713,218.1463623046875,1626000,163.83037522232488,164.99098116027957,163.50797765641747,164.41989135742188,5725800,141.2123976378396,144.42513974752345,141.20254804373226,144.22804260253906,66253700,263.58473365956985,267.43357488126316,262.2893772684394,267.1726379394531,3133900,114.53242824450783,118.62237150865167,114.28710302372731,118.21780395507812,40936000,77.93884734440329,78.86119750572044,77.47766881423667,78.08352661132812,8072400,69.06400548810281,69.89686376345448,68.91915696712462,69.69770050048828,6258300
2022-07-08,218.95730167348867,219.63619654841003,214.98756874448748,217.33546447753906,1092600,164.26331344470424,165.79237585186306,163.7474885495601,164.21725463867188,3828300,143.1538148575739,145.4106197017086,142.89759010951482,144.9080047607422,64547800,266.52031864437396,268.38416232943405,264.58193372551034,266.9676513671875,1891000,116.69209216472974,119.11550333341472,116.34524732585783,118.78558349609375,38238000,79.15055727148295,79.4489672931082,76.56435088209534,78.18299102783203,5615500,70.05983196570124,70.17751623760064,69.16360397075215,69.46234893798828,5890500
2022-07-11,215.60045457102095,218.05207282061153,211.06497375842227,211.39500427246094,1717700,163.68298671545617,164.8988716058613,163.51719189685883,164.28172302246094,3645200,143.55788906254995,144.51382597051048,141.69529329047643,142.7694854736328,63141600,265.76545107337995,269.87522960832865,265.728194678321,266.8930969238281,2453200,117.4365476052986,117.4365476052986,114.78173665895066,115.12609100341797,31196000,77.39627969307136,78.3095921264274,76.13031025952753,77.36011505126953,4685700,68.6747466829776,69.12738803632875,68.14968105546812,68.63853454589844,4918900
2022-07-12,210.58410464037377,214.53497512499408,209.14142600159943,210.2540740966797,2058700,163.94091873490248,164.37384621989102,161.38020649251357,161.97894287109375,4708800,143.6465763614465,146.29757564571045,142.946879286725,143.74513244628906,77588800,269.29750009615776,273.6495883274335,264.1160160779379,265.7095947265625,2696100,115.66202835855137,116.41741959811824,113.14904875296558,113.47797393798828,29960000,74.65636081729599,75.99468043809814,73.79730901205625,75.4611587524414,5573100,68.07725533305432,69.9421423657841,67.95051630935292,68.7471694946289,6558400
2022-07-13,208.06647570135524,208.3116317778588,202.61635354234366,203.79501342773438,1992500,161.80390480132627,162.42105337063643,160.735402477518,161.60125732421875,5291700,140.91675656689353,144.3265807145126,140.0593606954875,143.38050842285156,71185600,262.45720807942206,270.0616953213487,260.7145184189812,267.6293640136719,2941600,111.16949673952026,113.65262767517154,110.67237700140517,110.82365417480469,43722000,74.47550089277007,77.03458057141646,74.47550089277007,75.15370178222656,5535300,68.11345839931228,68.34883380059726,66.99996470981543,67.87808990478516,7780100
2022-07-14,199.72155566028874,202.22032322133745,198.40146235901094,202.0600128173828,1533600,158.9207898025473,162.12628260636666,158.70893619488294,161.8223114013672,5359600,141.99094375492155,146.79032738889836,141.17297636311127,146.31729125976562,78140700,262.66216764031464,270.5275899860396,262.47577190245516,269.7727355957031,2822200,109.68610316058955,110.56440377859388,107.85734476528513,109.84235382080078,37004000,72.18770652337558,73.94198151941967,70.80417777067998,73.79730224609375,8890200,66.99997752881984,67.95957502316472,65.2256241870316,67.61557006835938,13296200
2022-07-15,204.86997287009623,206.23721560773424,202.73894635808344,205.39801025390625,1260600,163.69220093379,164.42908550755553,162.6236986245887,164.17117309570312,5691100,147.6083005741264,148.67264318460957,146.05120759050547,147.99264526367188,76259900,274.73990285010615,275.3363465385513,271.14269783917246,272.5032958984375,2647200,111.46758971888954,112.60216483443524,110.37232404487976,111.24564361572266,46770000,75.84094317354767,75.90424164384069,73.9871914165132,74.95475769042969,5899000,68.74717104899936,71.3091158632535,68.49369299586543,70.65731811523438,11663900
2022-07-18,206.60494188923923,209.0942710799041,204.70966190600825,205.5394287109375,1513700,163.71984930513221,164.1343504319301,160.19195854762478,160.48670959472656,7605700,148.5543928665957,149.37236031781808,144.57296129769512,144.93760681152344,81420900,277.013722366777,278.16929616163884,272.1211334940249,273.0996398925781,2664000,112.10403093176883,113.13908327050366,107.85435196917416,108.5112075805664,43164600,76.6276459000147,78.11968904194154,76.5462651154262,76.92605590820312,7057600,71.9699671682563,72.78472289490895,70.99226029627313,71.39058685302734,11596800
2022-07-19,207.04810479969967,213.2242852669088,206.3409088924911,212.56422424316406,1378600,162.42104394215204,162.80791254276176,156.4798244850064,158.1470489501953,13256400,145.7752937996692,149.0372994280704,144.77994328728008,148.81063842773438,82982400,275.32699912369463,279.5858888886309,273.342000993254,279.4181213378906,2614900,110.32254841399676,113.4774629947795,109.03868562268973,113.26846313476562,36530900,77.23351133855896,80.21759075481305,76.75424363899162,80.00961303710938,6674800,72.29587168688352,74.22412121041982,72.2687143129512,73.91632843017578,9952000
2022-07-20,213.02627714373133,215.50618221453615,211.4421651206656,214.66697692871094,1351500,158.61684442526166,158.93924201325882,156.36930961396826,157.244384765625,7455800,148.9288549414216,151.49116267268522,148.18972944635095,150.82101440429688,64823400,280.44324228809836,283.0153557572022,277.9736550137769,281.719970703125,2533400,112.63151759868653,114.85091025049731,111.94480589002251,113.35804748535156,35600400,79.34951359770743,82.48732452700936,78.87025268209962,82.0261459350586,7720500,73.75337969502822,74.47760168172005,73.27358098848971,74.06117248535156,7653400
2022-07-21,213.52602779776552,215.35531029197605,212.82827033481735,214.66697692871094,1006500,156.63643686912272,157.87073412297798,156.37852442966562,157.7970428466797,5729200,152.25985260020167,153.3143455287886,149.73697330616696,153.0975341796875,65086600,282.23254916804433,284.4691560088611,278.52348981935717,284.2361755371094,1965000,113.73623213542243,114.00495167460863,110.58131743938425,113.79594421386719,32676200,78.98779716111471,80.53409439282026,78.55375244643403,80.41654205322266,8016700,73.78053621173436,75.2289870750302,73.5270581740024,75.15656280517578,9053400
2022-07-22,215.741921858588,217.1657379099672,212.5265340360543,214.32752990722656,1445800,158.06414920433448,158.88394519101,157.56673668580197,158.54312133789062,4257000,153.13694301712763,154.01403798046638,151.18565597102892,151.8557891845703,66675400,286.7151198875446,289.52021414920125,283.6397602883857,285.71795654296875,2391500,110.47183703443812,111.80545736836784,105.9932490465555,107.38658905029297,48901200,80.66973379418685,81.55591931971729,79.1596081456255,79.69312286376953,6243500,75.2289895217777,75.61826135145775,73.92538715579235,74.62245178222656,6564000
2022-07-25,216.38310626192137,217.42033278282642,213.87492879962736,215.1478729248047,974800,158.54313183545253,159.33529540745766,158.1746895459874,158.8563232421875,4437300,151.7769586670234,152.7920231935369,150.07204665223094,150.73233032226562,53623900,285.91360482699633,286.5007201277475,283.1457958663101,285.307861328125,1910500,107.89416270496079,109.34721476148648,105.79420198666402,106.99844360351562,34690900,80.89580422198965,83.319242431481,79.38567850872515,83.23786163330078,5815100,75.03888718251714,75.3014200108839,74.34182249853318,74.73109436035156,6208200
2022-07-26,210.27293839756587,213.7146197506912,208.49080510056595,212.0362091064453,1559900,158.94843755573885,161.17754588492156,158.88396647554214,159.98008728027344,4525500,150.05230490595423,150.87027214829726,148.613482556807,149.40188598632812,55138700,276.78083203746036,280.1730417446087,275.7650404774632,277.8804931640625,2690200,106.09277036719988,106.68991390610014,103.57480992289085,104.5202865600586,47991000,84.49478583573578,85.16394207914789,81.35697545118546,82.3697509765625,7127000,74.0521165601405,74.7491810960329,72.99293071023435,73.13777923583984,7121600
2022-07-27,212.7339687058785,215.77962186027548,209.01883039727667,214.63868713378906,1221800,159.01290241573759,160.36694953412444,157.63122283005072,159.53793334960938,4648500,150.36768298523742,155.04881082380393,149.9537745387539,154.51663208007812,78620700,277.9084038343035,279.86544538553613,271.9254815502465,278.5607604980469,3233700,108.7401268402842,113.36800296920033,107.49607452568807,112.52204132080078,59858500,83.22881879356486,84.69373528312572,82.55061786490056,84.341064453125,6237800,73.68095851253624,75.0117251886419,73.29168667467376,74.69487762451172,7751300
2022-07-28,214.99697139692933,217.17514679094919,214.32750068846474,216.69424438476562,1396200,159.72216204399592,162.1999764671125,157.91677517080075,160.4590606689453,5513000,154.70388176992367,155.35431578247076,152.17115301810267,155.0685272216797,81378700,274.9169477411309,280.73213102644905,273.2115432568783,279.23175048828125,3992100,111.8353329683321,113.79595309687595,110.92965921139611,113.67652893066406,32816600,85.20010606925953,86.14054533021324,83.73518987255976,85.055419921875,4656100,74.71772518997717,75.91488804498124,73.9317994611545,75.80522155761719,6324800
2022-07-29,216.04363863621418,220.626268864962,212.97912292160547,219.7870635986328,2013700,160.08141758346395,161.05781646152766,159.2708416474808,160.75384521484375,6451400,158.90212681060993,161.25747271207914,157.18735030288008,160.15370178222656,101786900,279.5765059878096,280.91847549175054,277.1814604275824,280.4525146484375,3236000,112.54194397943671,116.15466896108313,112.52203489140882,115.76652526855469,37223400,86.97248648052287,88.54591068724635,86.26715862575085,88.10282135009766,7394800,75.82348893341695,77.34050338399241,75.82348893341695,77.03893280029297,8597700
2022-08-01,218.81582928043989,226.05752247514502,218.7592559128771,224.13394165039062,1905900,160.43142638456703,161.3433400038277,159.85111644002185,160.1919403076172,5461400,158.67544732830873,161.21804069901455,158.5571920674769,159.16819763183594,67829400,280.17298752734587,287.45129461208734,279.58587223472324,285.0003356933594,3303900,114.75137773642173,116.16461921046162,113.79593896680589,114.31346893310547,26034300,86.18575262865744,86.86395340640644,84.71179875532839,85.99585723876953,5598900,76.4540747379998,77.25827474800438,75.86006011853993,76.84703063964844,5439200
2022-08-02,222.41786027171082,223.1344803689195,218.3161177344682,219.95681762695312,1428500,161.20518169043982,161.64732934310666,159.07739706198518,159.28004455566406,5794200,157.77866315380257,160.05516729364513,157.31547663627524,157.68995666503906,59907000,284.60893610167955,284.80463173303076,279.5858919636735,280.23822021484375,3091000,113.4575633556852,115.79638002904798,113.17889687110984,114.58218383789062,20236000,85.99588295209772,86.67408393263321,84.93789107822646,85.64321899414062,4653000,76.15249560581064,77.30396235292177,75.81436249751728,76.33526611328125,7684700
2022-08-03,221.44665744267942,222.61587901188338,218.5047121542388,219.8813934326172,1039700,158.9392352613294,161.43546222057006,158.22076289219805,160.8183135986328,5010000,158.50793002421338,164.17455908657996,158.41923856963987,163.7212371826172,82507500,282.69851502625744,287.0971875470009,279.8934209968004,285.5129089355469,3329400,115.1594320713057,118.05558946224379,114.93053070088145,117.51815795898438,28499000,86.22193406108218,86.5203440933063,81.77293810416475,82.5777359008789,6783300,77.38620166224572,78.2178164029841,76.87443874486826,77.72433471679688,7043600
2022-08-04,220.44714453290456,222.8233272696688,220.03226827290857,222.6253204345703,1082900,161.02096755344203,161.27888000116147,158.06418054381055,158.2391815185547,5651600,163.60296566260632,164.76586430720064,162.04587275334626,163.40586853027344,55474100,283.80746404394785,288.8677924338164,283.71426617886834,286.2584228515625,2718400,116.92101894962119,118.21482883274447,116.33382229429161,117.62763977050781,21602900,83.86177188388427,84.09688338205264,80.7330069429283,81.27556610107422,7810500,77.86140743709979,78.27265146319075,77.49586648801451,78.00762939453125,5722600
2022-08-05,221.267475083639,225.237193675863,220.17367521405276,221.48434448242188,1507300,157.78785378837426,157.9997074461814,156.39695363733654,157.6128387451172,5235500,161.06699370571175,163.6723288419394,160.85974446443265,163.17889404296875,56697000,284.5903218567412,288.6907726365776,283.77022601277383,288.6069030761719,2029100,115.67695125259638,117.54800299790868,115.44804231050304,116.91104888916016,19159500,79.7745080481529,84.47669794452491,79.57556802424972,83.96126556396484,5848000,77.66950419128042,79.24135553118212,77.41362271217966,78.71131134033203,6219300
2022-08-08,222.53098892635145,222.68186084652532,215.4967403185799,215.94935607910156,1860200,157.78783463479087,157.95362946290342,156.07455113509306,156.77459716796875,4629800,164.18548932563507,165.60658394853183,162.04398411639912,162.70518493652344,60276900,290.62916325068005,294.30093797824145,289.3058500191228,290.731689453125,2505100,117.82668469128856,119.57831251315469,116.32386733757586,116.74187469482422,19138300,84.11499152411955,85.62512406165986,83.96126764693193,84.66659545898438,4788100,79.2870520024061,79.7074297160255,78.54681546620358,78.61992645263672,5719700
2022-08-09,214.91211216341526,214.91211216341526,210.1408995818276,212.13047790527344,1934200,157.08776824888554,157.62201943222988,156.34166344194415,156.75616455078125,5532500,161.8663704234178,163.64273887329983,161.10647654738344,162.75454711914062,63135500,287.8613173170563,288.8584519554447,282.6611781284772,284.43182373046875,2607000,116.58262580661216,116.7617696373508,115.15942970493639,116.0750503540039,19086500,86.17673511979748,87.96718172930908,85.77885502923193,86.36663055419922,7477700,79.00374578721548,79.36015311774901,78.47370858555483,78.92150115966797,4920100
2022-08-10,216.70370308582838,221.16374815184315,215.93991937910258,219.18359375,2185900,157.52993238355572,157.73257989002198,156.1574586452478,157.20753479003906,5603400,165.4782929876242,167.11650019395563,164.7085358778416,167.017822265625,70170500,288.4298096652322,291.6729079089141,288.0104334609639,290.3681945800781,3863400,118.21481912974991,120.34463596242325,117.84658452538288,119.13043975830078,30930400,86.25811955515725,87.09004441683224,84.24160588177077,86.79164123535156,5625500,79.99073022744211,81.93727025189472,79.96331534916776,81.23358917236328,7271700
2022-08-11,220.16425847648233,220.6451465649787,215.45904269272492,216.1568145751953,2041600,155.22711295910406,156.5443075294015,153.80858059321307,153.95596313476562,9328700,167.82702622390457,168.7448226972921,165.98158506151321,166.27764892578125,57149200,292.47427418528144,293.2011719022781,288.5042790324585,289.5387268066406,2444100,120.70292085614055,120.91192071702521,117.99586202223843,118.27452850341797,24293700,88.72676880173941,91.62042332115743,88.18420254270903,90.75232696533203,6481600,82.22970323088198,83.01562193466573,82.06520699700924,82.43074798583984,8808100
2022-08-12,216.93944566877502,217.57120568417443,214.855568517613,217.51461791992188,1680700,154.32440779100207,154.69286415051215,152.12293199293134,152.2611083984375,14606900,167.59017930923486,169.90931351048877,167.17568088366417,169.84024047851562,68039400,291.32810206555047,293.49016777750376,289.0635385920824,293.4529113769531,2273800,119.6877792993413,121.10102081298828,118.89158283337814,121.10102081298828,19096300,90.20070987896328,93.10340858703601,89.83900139187611,92.91351318359375,6683800,82.814569933511,83.84723638387024,82.30280004388214,83.7649917602539,6259000
2022-08-15,215.96821574399306,220.81486493036815,215.88335567986684,219.90023803710938,1575900,152.90588738096557,153.5967272335904,152.10451764957602,152.98878479003906,10072000,169.2678689938365,171.1133102288565,169.10010297778325,170.9159393310547,54091700,290.7969074640309,294.263657948327,289.0355614834618,293.1919250488281,3917300,120.55363833935155,121.71807703386351,120.03611593641816,121.4991226196289,19494800,89.3710188491835,92.15960511094934,88.60802129849172,91.53285217285156,6585900,82.84199395408992,84.34073435381491,82.66835709984512,84.09398651123047,7348900
2022-08-16,219.8342223683155,227.1513381033189,219.3816209795366,224.62429809570312,2189400,152.77691464458337,154.9783901746042,152.5374285814412,154.35203552246094,7453600,170.5113392247935,171.4291358420734,169.40605002056787,170.758056640625,56377100,291.67292091692303,310.31135856012855,291.5797230407072,305.09259033203125,10089800,120.94178207281517,121.84745576956125,120.06597200873036,121.12092590332031,19041200,91.93253006649057,92.69553461818472,89.8615286019581,90.92427825927734,6924400,83.60050549108975,84.32245384736147,83.4725577742688,83.91121673583984,5953800
2022-08-17,221.98410733685557,223.2947766772251,219.5513513779369,220.09825134277344,1190600,153.28355854540018,155.26396061289353,153.28355854540018,154.36126708984375,7406600,170.50146052110878,173.83706944158646,170.3040896179902,172.25808715820312,79542000,305.7542512448404,307.0682645301365,302.0079354637829,303.5828857421875,3162600,119.54845056051758,120.71288167155528,118.81196614417375,118.98116302490234,22847000,90.92425305821213,93.27684226633376,90.62450110562597,92.06875610351562,5346500,82.60438614537544,83.92035603721536,82.5678306514635,83.48169708251953,5499000
2022-08-18,219.92852183328793,221.96523528523133,218.75928598714694,221.46548461914062,993900,154.45338178699902,155.02448569620404,152.84142192336833,153.61517333984375,8312100,171.46858522763415,172.60347919281742,170.84685258911696,171.8633270263672,62290100,302.83733202548876,305.61446952006247,300.28387512564535,303.0703125,2899600,118.86172875873096,120.2451142565541,118.15510799023149,119.59820556640625,17987700,93.24053136706362,95.47503325102993,92.84994728185559,95.26611328125,5966500,83.31720191371514,84.07571273455106,83.1527056751272,83.82897186279297,4664800
2022-08-19,220.80544631115563,221.15432506429374,217.0997462062712,218.50469970703125,1259200,153.91913641812934,156.70090831518516,153.8270188087492,155.95480346679688,8128500,170.75803562921558,171.45871962967124,169.06061881248345,169.2678680419922,70346300,302.84666925201225,304.10476953937365,298.00066386365734,299.4451599121094,3489100,118.49347840387087,118.58305410832624,116.2044269718424,116.65228271484375,21809500,95.00269448163475,96.00186789629495,94.03986220573496,95.50228118896484,7067100,82.84199217475744,83.08873303979462,81.93726637329114,82.25711822509766,6264100
2022-08-22,214.40294722912947,214.89325937032004,210.17861994238027,210.81039428710938,1867300,156.6224566365879,156.64100677518638,155.0182163132636,155.40768432617188,5462600,167.46192522339211,167.62969126880697,164.94540442529535,165.36976623535156,69026800,296.43502747181896,297.97269288621044,290.4893613255065,290.955322265625,3144200,114.65184995934078,115.07980422824266,113.30827507565557,113.69641876220703,21456600,94.16703944888934,96.01095744356051,93.14062392058636,95.59312438964844,6701700,80.81319181783431,81.20615457961169,80.1552070099981,80.84060668945312,6452800
2022-08-23,210.59352597615188,213.42230984060865,210.22578464929006,212.40394592285156,1021200,154.8605718890735,155.57460363751858,153.74780414254698,154.05381774902344,5566300,164.88617053329148,166.49477276056035,164.46180878530728,165.03419494628906,54147100,290.02341719897606,290.3123107233978,284.8326336395281,286.0068359375,3317500,112.94004813634814,114.46276694733402,112.89028300676202,113.3182373046875,15870400,97.40068809499915,100.53443859546212,96.95559930724968,98.50885009765625,8253000,80.84061959811422,81.56257487909181,80.38368640551427,80.69440460205078,7487700
2022-08-24,212.04564657891913,214.43125319289732,210.1786388382883,213.15829467773438,1104200,154.45258208445935,154.48040022200556,153.07090075428948,153.5438232421875,5684300,165.12302704926418,165.90264739975865,164.06706935977206,165.33026123046875,53841500,284.28275132221,288.8771476951799,282.8848685356264,287.1344299316406,2495600,112.95993423782826,114.23384241345713,112.33293469319297,113.14903259277344,17734600,98.20002462648297,100.6071119785536,97.95477047741971,100.38910675048828,6286100,80.4111002197458,81.37066270043432,80.24660399369198,80.96855926513672,5262400
2022-08-25,213.8749191482654,215.90220843462262,212.16820751580465,215.01585388183594,1163900,153.8868931318538,155.08312941231296,152.72775712732098,154.9811248779297,5678700,166.56386770201752,167.90601110393493,166.13952095667054,167.79745483398438,51218200,287.628419607695,288.8585350327649,285.0096926240172,288.6907958984375,2529700,113.69641910388675,116.1646220653855,113.56704040567818,116.09495544433594,16956800,101.23386671551107,101.86061967288565,100.5072033491751,101.80612182617188,5241000,81.39808947557442,82.33937086194689,81.15134858654643,82.16574096679688,4943300
2022-08-26,215.34587642192093,216.30765251174373,205.57714289241355,205.7091522216797,1547900,155.2871426963582,155.3242288236818,152.2641068587261,152.3290252685547,5667100,168.33037524819332,168.8040684970926,161.41240887853596,161.47161865234375,78961000,289.17533766943336,290.302983580795,277.7313385289865,277.805908203125,3315500,114.17414361532893,114.57224186477183,109.66569935363755,109.81497955322266,37245700,102.29661252872032,103.77719495980925,101.27019032277573,101.84244537353516,6508800,82.55869603354796,82.69577740261606,79.25050377499392,79.33274841308594,7911500
2022-08-29,203.86099768304445,205.97316124038827,202.4843310834043,204.36074829101562,1213000,151.58718824722274,151.9302880151363,150.24259316121467,151.15135192871094,5259200,159.03405647544307,160.76107856277122,157.72153294049875,159.26104736328125,73314000,276.3800751935416,279.30629506999963,274.2552944722923,276.1470947265625,2711800,109.46664820361845,110.42207946188543,108.2823155735555,108.89936065673828,21191200,101.8151909695484,104.8853654174463,101.63352687690964,103.02327728271484,6479700,78.72044461270617,78.9854666834069,77.73346730918207,77.99848937988281,7505300
2022-08-30,205.87886407425714,206.4917758117771,200.4758915024775,201.29623413085938,1420400,151.42952521092053,151.6520702603235,150.25183910926353,150.6227569580078,6973300,160.00116164152158,160.4255083111715,155.64906340226676,156.8234405517578,77906200,278.2345866324156,279.48335850477196,271.8136598430612,273.14630126953125,2892400,109.64578930257257,109.97422092496217,107.28707105272045,108.42164611816406,27513300,100.97953883734452,101.28837615303058,98.91762269131009,100.37095642089844,7746900,78.72045616851685,78.80270777534139,76.9566936249212,77.15774536132812,8849400
2022-08-31,202.19201983391147,202.7200715363182,198.41088418799478,198.77862548828125,1718200,151.36464346587613,151.661389136431,149.54712575737074,149.61203002929688,8741700,158.2050475383872,158.47150652042689,155.07667302243541,155.15562438964844,87991100,273.9060909644687,274.3375640548557,270.4073316947448,270.5386657714844,4376200,110.12350061045113,110.32254592222807,107.61548716074697,107.70506286621094,28627000,97.96384947866825,101.60627183602305,97.23718622184099,99.41718292236328,6775700,77.32224061673797,78.53768466424611,76.81961128213004,77.87969970703125,9223100
2022-09-01,198.57951673782503,201.0919900969679,196.22823308892492,200.86444091796875,1582400,149.751112670263,153.46961609941636,149.74183052592636,153.3212432861328,7509600,154.5832350896264,156.33986156326952,152.6391010050158,155.8859100341797,74229900,270.51988956829206,275.37873518643676,268.94405238817404,275.1817626953125,3742500,107.76478233631381,109.92445524897461,106.84916169035981,109.21783447265625,28360900,97.90027083338347,98.95394195951489,96.05635329269431,97.67318725585938,6717300,77.37707170519946,78.78442689409489,76.2073237487793,78.74787139892578,7830800
2022-09-02,203.08298861589353,203.28209595337805,196.47473138562455,197.8874053955078,1422700,153.80344689567568,154.11872850973003,150.23330215245218,150.91024780273438,5803700,157.65239775798332,158.2543887367361,152.93516289828764,153.76412963867188,76957800,277.7518689381978,278.39909286563466,272.13324388391635,273.8028869628906,2753600,110.06379063471975,110.21307842824478,106.74964110254567,107.33683013916016,24160700,99.58977668540969,101.73344628656561,99.00844326103261,100.15294647216797,6096400,79.83537987157764,81.36153528905815,78.3366393341809,78.95806884765625,9974400
2022-09-06,194.35101151538848,196.16187140231278,191.82906220804608,193.5735626220703,2359200,152.0230010210165,154.1372638707859,150.9844197333007,151.3182373046875,7394600,154.41545987678768,155.02731410056845,151.6719640845397,152.5009307861328,73714800,275.04104458814373,276.2416864265713,269.4505587116115,271.5892028808594,4110000,106.78944701500801,107.51596926896929,105.27667524334035,106.30177307128906,25068300,100.82511050612531,101.44277812696808,98.17277592899383,98.67235565185547,7270900,79.27790556667995,79.36015019119453,75.99712872910047,77.79743957519531,10689300
2022-09-07,190.94734639477446,191.86700461079283,186.6714203300599,191.1559295654297,3098800,151.06788828342832,152.4681195543109,150.37240664531132,152.14356994628906,4590600,152.78717010211398,154.61286996329966,151.59305117128892,153.91220092773438,87449600,272.4334318607338,279.243338757738,272.3020977784312,279.027587890625,3016000,106.55057966549539,109.45669135552637,106.39134493339468,108.92920684814453,23167000,96.11994125888359,97.65502853788387,95.15710905929538,96.9737777709961,6890900,77.10291533570114,79.74398883346535,77.10291533570114,79.3784408569336,7592700
2022-09-08,190.2647078059758,192.47378262037066,187.30664033042626,192.34104919433594,2474700,151.96736831488147,153.3954176189045,151.22551845646558,153.3675994873047,5838400,152.6094835121141,154.30690008588368,150.67521286115618,152.43185424804688,84923800,277.6487417527999,281.5789745426567,276.27926610931246,281.30694580078125,2703200,107.5259250214311,109.078499800194,106.65011497063273,107.86430358886719,24238300,97.50060686596395,99.18103097582427,96.82844138004454,98.39077758789062,7147200,79.0768538503791,80.86803105292407,78.59250580227342,80.82234191894531,8446700
2022-09-09,194.17089280034034,198.69333408180412,193.9243775289736,198.2192840576172,1739400,152.99668892754565,154.1187246878587,152.4402979698036,153.6643524169922,5500600,153.4286340066607,155.74778383324283,152.71808661547112,155.30368041992188,68028800,280.912966957453,283.7363346949673,279.834241305067,281.1849670410156,2769200,108.55102080160147,110.46188319968864,108.5012556752909,110.12350463867188,23197700,99.9621918351836,102.1149396769199,99.79869138504812,101.70619201660156,6085000,81.53516010349554,82.08347854084123,81.15133789457828,81.75448608398438,5976200
2022-09-12,199.34745449464288,204.62837721227103,199.34745449464288,202.7416534423828,2278900,154.03529313373636,154.46186148455004,153.20998871877268,153.59945678710938,6365300,157.49451256385936,162.10319169268726,157.20832701154205,161.28408813476562,104956000,282.15109944025545,284.05524309279843,277.97700609876114,279.0932312011719,3632900,110.46188297027061,111.08889015087576,109.40692911388913,110.33250427246094,22966800,102.59636186048739,104.83087045556773,102.47828089003237,103.90436553955078,6208600,82.2479818072584,83.19840376703422,82.11090044313006,82.38506317138672,8030800
2022-09-13,198.04855731785707,199.35693960964312,193.5071658551127,194.68280029296875,1589800,151.67992980080544,152.48668404909793,149.12054807583104,149.60275268554688,6726400,157.80045022276116,158.4320461932663,151.35619264515168,151.8200225830078,122656600,273.9060952008004,275.84773845035284,260.12683739232557,260.6990051269531,4797200,107.2870684416698,107.7846893387219,103.59471470362199,103.82362365722656,38172900,102.55094577911305,103.90436197108181,101.56994305350685,102.03319549560547,6977400,80.4293892132707,81.04167806901768,79.32361163173955,79.55207824707031,7890700
2022-09-14,194.08556142593437,194.79663644081097,190.482778457188,194.36997985839844,1510700,150.57642589618467,153.33980249641675,150.57642589618467,152.69068908691406,9555700,152.75754500619573,155.037226524522,151.5930460586156,153.27072143554688,87965400,262.07789648456776,262.2092305766978,256.2341591472117,259.2076110839844,4194400,104.07243482099148,104.77905558849064,103.16676873054044,104.5003890991211,26395100,103.26853525050656,107.53770395579326,103.05961529920765,106.92003631591797,9457900,79.99986802149577,80.52077160707184,78.71131301008535,79.6708755493164,8341100
2022-09-15,193.9812518281121,195.46028540698558,192.67286929286703,194.2372283935547,3080200,152.4959452859437,153.9981953208606,152.17139566175123,153.0801544189453,7174500,152.6193698403597,153.2016343191028,149.39231725485783,150.3693084716797,90481100,260.6615684863048,260.7741242234959,253.76724332766216,254.7052459716797,3896100,103.53499978150074,104.76909744622156,101.86299330961457,102.42033386230469,34188300,104.58561853836157,106.47495568631136,104.12236607044169,104.96711730957031,9997500,79.8170897676329,81.75448908783595,79.73484513652043,80.65785217285156,8883100
2022-09-16,151.04179816740177,153.44048984301858,146.955489766652,152.66305541992188,34201900,153.30268367130586,155.44476454063516,152.77411091154508,155.4169464111328,20201500,149.22456559759132,149.36272674550892,146.4218443622924,148.72125244140625,162278800,252.36954518400574,259.413952672835,252.22885054303342,258.86053466796875,9535100,101.58432982803475,102.639283702151,100.45970933191258,102.31085968017578,42797200,104.97620288805639,105.03978601676948,101.00677919542049,102.7598648071289,14608000,79.87192289275326,80.1460786230147,78.20868636241073,79.89933776855469,20988900
2022-09-19,151.6959962022568,156.76833686201277,151.22194621412476,154.4454803466797,9425000,154.21146700929967,154.3320075399598,152.15284019796692,154.1929168701172,7380900,147.34950026158054,152.530565756339,147.142266074514,152.4516143798828,81474200,256.6187058167148,263.7944476873082,256.5530673985604,263.03466796875,3047200,101.26585567986477,102.83833958549137,101.06681035212908,102.57957458496094,23036800,99.73513308784496,103.0778043993112,99.40813210617655,102.52371978759766,6600600,78.70218045789467,81.35238756064543,78.66562496356221,81.07823181152344,6011500
2022-09-20,152.80525175570995,152.82421780351234,148.89908498604726,149.2309112548828,5372100,153.2099919195341,153.8405552386968,152.37541949132182,152.97816467285156,7143400,151.38577010052077,156.00432703299086,151.06997970170357,154.83981323242188,107689800,259.71409751616727,261.49629627161914,254.54569536235252,257.172119140625,2940700,101.59428213900198,101.882903164709,100.04169980785068,100.65875244140625,26517100,102.23303111337566,102.49644196935095,100.4163624622631,101.79702758789062,5655400,80.51163038240223,80.83148223564737,78.93064537682729,79.68001556396484,8092300
2022-09-21,149.0128759650565,150.88063413119264,145.29632568359375,145.29632568359375,5491600,153.02450263571794,154.67511117311903,151.37389409831684,151.41098022460938,8071200,155.2740467070239,156.65567307047792,151.58316433856976,151.7015838623047,101696800,258.8887124856975,262.762667727259,254.67709005507905,254.73336791992188,3173500,101.18623696987109,102.39047869604212,98.79765501354908,98.80760955810547,31487300,103.70452399226988,104.35852578840182,100.87960380233592,100.90685272216797,5818000,80.328856221985,81.47118919734814,78.91236054363586,78.92150115966797,9707800
2022-09-22,144.6990131919123,152.3217450732195,142.53734641168666,146.5193634033203,10265500,151.29044431927545,155.008962136389,150.99371282329872,154.10018920898438,7401100,150.37919289810281,152.44174672656402,148.92849339656019,150.73446655273438,86652500,254.40502726423088,254.40502726423088,251.24396356756512,252.45399475097656,3515800,98.34979431212098,100.75827764430566,98.31993827303401,99.66351318359375,34298600,102.82343675820273,103.41385542066527,99.853186739719,99.97126770019531,4971600,79.4241408061077,79.73485206921121,77.01152683332752,77.46846008300781,8376300
2022-09-23,141.99695456240042,145.00243011236265,139.03887244346157,141.5797882080078,7195500,153.69219332244413,155.30570186967148,152.69069793988305,154.6009521484375,9598600,149.20480341314504,149.4811256708757,146.60933178685332,148.45477294921875,96029900,251.28146872273055,254.48003161499577,249.80879813120862,254.14236450195312,3527900,99.15593670389735,99.18580033576465,97.00621838807963,98.27017211914062,31625400,95.45686703120795,95.6203675145603,90.47011268402456,91.3693618774414,10157300,76.10679839423467,76.4814869930632,73.31036923126211,74.4892578125,9990500
2022-09-26,140.76439830595166,143.01139051930136,135.0094247646217,135.4834747314453,5698200,153.74782688696462,154.7122219700578,152.43104987465867,153.65509033203125,8735500,147.69490315670595,151.750937683408,147.67516154898482,148.7903289794922,93339400,254.60200635311887,256.5999562162122,249.14282504773558,250.0526885986328,4181800,97.63322186449305,99.40475110446,97.33465387177638,97.70288848876953,27072700,90.91519816881798,93.30412237557549,90.03411951158039,90.10678100585938,8719000,73.95008098257723,74.62634726267257,72.20459946389538,72.88999938964844,8496000
2022-09-27,136.05235138523383,138.0338769333631,134.55435163395882,137.42709350585938,4466400,154.2670941950376,155.48186647218003,152.44956270163942,152.9503173828125,8686700,150.7344617346572,152.68845924345578,147.98108723466274,149.76731872558594,84442700,252.660321209143,256.7218877678622,250.42789946764043,252.03187561035156,3701000,98.95689646179537,99.52418400691106,96.40907978100809,97.03607940673828,30072800,92.07786872022946,93.17695260927896,89.48910990853837,89.70711517333984,8779000,73.74902072447532,73.88610208828058,71.601435932352,72.63410949707031,6855400
2022-09-28,138.15712968102852,143.2673879737695,137.22799575512767,142.2055206298828,4959200,154.16508531154446,155.21294876514597,153.09868586998493,154.26708984375,8660900,145.70143313730634,148.66204205913598,142.9381951319115,147.87254333496094,146691400,258.15706726150273,265.9237273600105,255.80267166155554,264.6949462890625,5816600,97.18536972439702,100.22085285955642,96.64793820563632,99.5739517211914,32466300,91.0615515245534,95.30918686129425,90.72063253691942,94.90377044677734,9207500,72.89000943272609,74.83654298005648,72.82603904306498,74.45272064208984,6693500
2022-09-29,140.22398120837246,144.68953847809672,139.5413480656521,144.4051055908203,5199200,154.37839432617133,155.01823978339831,151.9766674748048,152.5701446533203,7008100,144.18163918720862,144.7934934551737,138.83279327495222,140.60916137695312,128138200,261.2431114898484,261.47761213823594,257.6974628312513,261.0742492675781,4518600,98.17065531531073,98.17065531531073,95.50340685796787,96.95645904541016,31047200,93.60459812716188,95.90808768079447,92.0382280425686,95.51189422607422,5929800,73.84040563926966,74.0505910003507,72.22285825652965,72.98136901855469,5892700
2022-09-30,143.1157036953377,145.41010414510245,140.6411619162888,140.76441955566406,3642600,153.00596975834304,153.6921834438465,151.4480975853441,151.4851837158203,8985200,139.42492055869818,141.22103026133098,136.1879898311541,136.38536071777344,124925300,260.59578519002326,264.31965517073036,257.72550066969103,258.83233642578125,4789100,96.58821763291844,98.4294134043774,95.10530191604596,95.19487762451172,32941500,94.37859122053219,95.76068520089943,93.06099467806101,94.29566192626953,7172000,72.89913102540635,74.16941193391452,72.06751609732366,72.20459747314453,8090900
2022-10-03,142.32876294992164,144.73694497656473,140.29982959161396,143.59922790527344,2701200,152.3475705400466,152.43103909342767,149.94584392302713,151.33680725097656,8657000,136.39525702678367,141.1914439900878,135.88208060719077,140.57957458496094,114311700,263.57864939983534,268.3249388036097,262.2185345986162,266.11126708984375,3580000,96.29960237487207,98.8175630102199,96.06073886671564,98.170654296875,27982000,98.52486056066067,102.12751475327757,98.15630080709484,101.3259048461914,7701900,73.15501049280333,74.00490655138881,71.57401850149468,73.45658111572266,8169200
2022-10-04,147.13562296826262,151.32622270971112,146.4340238476766,150.8616485595703,10089400,151.93954527225807,153.9332534370511,151.0771407717118,153.58087158203125,6236100,143.12569817421627,144.30007541815792,142.36580435900075,144.18165588378906,87830100,269.67565824738716,273.24944468055133,268.7939338051597,271.6079406738281,3641300,99.96208499329005,101.35541738545221,99.90236532427448,101.1563720703125,28850800,103.62939332689214,106.74370879783204,102.9383464330395,106.53179168701172,7582900,75.11981075840531,77.44103211101353,74.75426979825974,76.73735809326172,7875000
2022-10-05,147.18304620010113,150.69101323503753,146.51936464017842,148.7284393310547,7169300,153.02453203779515,153.9703770108878,152.27341402696956,153.1079864501953,4539400,142.17829892107557,145.44483462169993,141.13220458118386,144.47769165039062,79471000,268.5031904740095,273.9998708688584,267.6777437712397,271.8800048828125,2728000,99.35499464162503,101.4450009855778,98.3298967620206,100.94738006591797,22176900,107.112275000153,108.04288684158664,104.8180011426573,106.81742858886719,10073000,74.96446149453236,76.3900908819886,74.37044692567642,75.9514389038086,5956500
2022-10-06,148.2828282282329,149.79979395374795,146.78484301952986,147.13563537597656,4254600,152.8112190885501,153.00596017278028,149.93657014476696,150.1405792236328,5890700,143.8954314678292,145.60271139252504,143.31318210889143,143.52041625976562,68402200,271.60800803836634,274.80660007413826,269.92897550846897,272.3865661621094,2641500,100.2009393105423,102.44023323947894,100.11136360497702,100.93741607666016,22324000,105.76704391011675,109.0564272315738,105.66568979135727,108.40223693847656,6388900,75.34827215249462,76.02453822110671,74.14196893929667,74.30646514892578,6434800
2022-10-07,144.594704490537,146.57624419343264,141.22896155985765,146.39610290527344,7783500,150.01075224930116,150.42803838970335,147.59974364980675,148.55487060546875,6363500,140.6683921871329,141.22105183590455,137.61896860646343,138.2505645751953,85925600,269.7038510293441,270.73565947901363,264.91067211281023,266.69287109375,2406000,99.37489560091394,100.0516603517211,97.83227531415282,98.21046447753906,27502800,108.85371445956156,111.82061047487142,108.09817007917836,109.19463348388672,9373500,73.74902566430549,73.83127727699711,71.62885560848123,72.13148498535156,7180900
2022-10-10,147.79930865265862,148.33024233879235,144.25340943903979,145.25840759277344,5310500,148.9536428923954,149.55638805703512,147.60903357962525,148.7496337890625,5315600,138.5762176513672,140.02691706572585,136.7505180551927,138.5762176513672,74899000,265.9799283663577,267.19931989911265,262.8470041374651,264.9481201171875,2115400,98.52893845076046,98.62846111239529,96.54840938978579,97.39436340332031,18225100,109.28676573379836,110.97292187892734,106.37515138288542,107.6190414428711,5883200,72.5975542318479,72.85343572656271,71.1170880481078,71.6562728881836,5418000
2022-10-11,143.6655691664744,146.5667523938543,143.23892712718717,144.18702697753906,6045600,148.7125209307111,152.18066124446938,148.7125209307111,150.90097045898438,6212200,138.06303899554518,139.49401183769913,136.40510543994947,137.15512084960938,77033700,263.6724692246277,268.45628698761783,263.48485730232994,265.35150146484375,2771900,96.96640841022621,98.77774817376962,95.85173486608706,96.71759796142578,26507100,105.1404810571203,108.82606445891663,104.31122338577762,106.49493408203125,7602400,71.20846163581258,71.65626115045909,69.94732863033589,70.36770629882812,6271100
2022-10-12,144.17758256611816,146.9934264250004,143.77936781146937,144.95501708984375,2468100,151.09570355108193,152.89468495149342,150.6876854005214,150.86387634277344,4341700,137.30316442493086,138.51700974724292,136.3458997629281,136.52352905273438,70433700,266.7866192181867,266.99298086337444,263.1002485279898,263.1283874511719,2258200,96.83703725784085,98.28013493612141,96.27969664578599,97.09579467773438,21876400,105.73938999773515,108.11658595454065,105.02991125470571,107.15834045410156,6221600,70.35858176419205,71.09881839011503,69.75543348363259,70.0021743774414,6411600
2022-10-13,142.6321663146973,149.83771763458253,141.2005260559082,148.140625,2993400,149.19470459890576,153.92398489571198,149.0648819395617,153.14503479003906,6465100,133.2175166847836,141.70458518782445,132.60564736672077,141.1124725341797,113224000,257.6317332346642,267.17120126486844,252.06938607541107,265.2951965332031,3881600,94.69725461689511,99.30522121438588,93.93091421252319,98.5886459350586,34574500,105.49982508459682,113.70946550255016,105.43532765612582,113.09212493896484,7999100,68.52170758533886,72.7986027314218,68.23840425258025,72.48788452148438,11811500
2022-10-14,148.7379015005545,150.1884930396166,146.8701437341024,148.81375122070312,2269800,152.4866683671134,153.6365222763833,151.70773233510283,152.50521850585938,5684600,142.41514824444727,142.62239748423457,136.37551116721934,136.56301879882812,88598000,268.86901714033587,268.86901714033587,258.84176936345483,259.2919921875,2783100,99.51422753973247,100.21090137017602,95.91145700787062,96.10054779052734,25410700,111.57182519294057,113.3132698962146,107.8401760479919,108.68785858154297,7646000,70.57791833936442,72.2502888652254,68.38463717472462,68.81415557861328,13658500
2022-10-17,150.06525065593283,151.57272602128378,147.3347183210659,148.8327178955078,3187000,153.37686225723974,155.05530298771103,153.01521240915116,154.48036193847656,6710800,139.21769847828358,141.02365655306738,138.4281998048671,140.54010009765625,85250900,262.2654530051999,266.27071258514167,262.0215632431154,263.8225402832031,3426700,98.38960472757987,100.44975494508492,98.35974868854377,99.49432373046875,28419200,110.36479986446628,111.89432043392756,108.74314111087075,109.0564193725586,6667000,70.19408126634391,71.50091059615653,69.7554292655979,70.49565887451172,11412400
2022-10-18,152.35017682428025,153.0422857077318,147.01236970257827,148.18801879882812,3136200,153.00598889796905,155.0182477812797,151.1977391318247,153.94256591796875,10883600,143.57966155321216,144.77376532008952,138.76373315265158,141.8625030517578,99136600,270.0978344043781,271.8893940093053,265.67046140888283,267.3869934082031,3166500,102.63928332260754,102.977669480451,99.49432320685048,100.29051208496094,24060700,110.18051322738627,110.60435445865612,106.60549296674914,108.62335205078125,6826200,72.92654190202987,73.6484902263441,71.62884630812633,72.59754943847656,9767800
2022-10-19,147.638128268762,148.56726218727636,143.69402892731293,145.02137756347656,3433700,153.93324750090892,154.16507468088017,151.97662553596726,152.71847534179688,10044600,139.82954896048238,143.0467382727137,139.6420413366173,141.97105407714844,61758300,264.9575142464565,265.23890348986566,256.09338094680277,258.4102478027344,4323000,99.53413393609323,100.53932268092686,98.44931643231148,99.15593719482422,23811100,109.11169856731289,112.04173775079005,108.80763623938302,111.59025573730469,5500400,72.33251568482416,72.73461209704816,70.70583486182554,70.95257568359375,7429600
2022-10-20,145.01187566845687,147.33471751177396,142.09172626345452,142.34771728515625,3652100,153.00598189627996,153.69219563622065,152.38468657683643,153.1079864501953,5659900,141.14211094871374,143.97442221393123,140.77695891418597,141.5072479248047,64522000,257.8943833543322,260.7646684217351,251.26269948512666,252.75411987304688,3959500,99.52417976950483,101.83314043643365,98.91708166546346,99.49432373046875,25323200,112.87100256922888,115.09157015729254,112.2075963681527,112.23523712158203,6456100,70.94345578205201,71.77507766596905,69.58179661287008,70.0021743774414,7638100
2022-10-21,142.39512641696228,145.8746513169027,141.87366857814692,145.27734375,6074900,152.73705350238689,157.05830217621448,152.47739399553706,156.4462890625,8487600,140.99405322955806,145.90867462024406,140.7769407155068,145.33628845214844,86548600,251.70357500877628,258.61664851294915,251.38465760956308,258.44781494140625,3429100,97.38441171770614,100.82794754437543,97.25503301309253,100.6488037109375,32458700,113.02763431408053,114.95335541667599,112.0141002215164,114.70457458496094,5886200,70.01129293982648,72.67978067721157,69.65488566535191,72.396484375,8149000
2022-10-24,144.29131155749462,148.368143610101,143.57074644730776,146.72792053222656,2857600,157.4662895227056,159.57128425284083,156.94699890989523,158.55123901367188,6855500,145.25730575500071,148.2573820301046,144.0829287890831,147.4876251220703,75981900,259.7985345721445,266.83355280770576,259.7985345721445,265.6985778808594,2937100,101.31562825653955,102.26110502242939,99.50428830585139,102.03219604492188,27176400,114.7414299957898,116.46444285487728,114.43736766247564,115.30348205566406,5734900,72.67980230962829,74.11457244916595,71.80249129808757,72.58841705322266,8143300
2022-10-25,147.79928425423665,149.16455034569532,146.81326678088072,147.71395874023438,3077700,157.80014860705714,158.67182120822648,156.27009463239895,158.3009033203125,5661900,148.11924989222194,150.4877458912043,147.39883932372416,150.33970642089844,74732300,267.8090759758631,274.0186473206789,267.8090759758631,272.26458740234375,2791600,102.41038054718946,104.3212429399577,102.23123672329918,103.98286437988281,40611400,114.55715114187754,115.62596670438565,113.22112290162657,114.19780731201172,7000800,71.83904593680325,73.72160869081029,71.83904593680325,73.57539367675781,8173600
2022-10-26,148.26385660600863,150.90904877630499,147.5053738457665,149.76185607910156,3733800,158.86655969938695,160.02569576718093,158.12470978607675,159.69186401367188,6123800,148.97782224560154,149.99429659795183,146.09615013348827,147.3889617919922,88194300,272.5834894621297,273.77474214504235,268.4281459091568,272.161376953125,2615000,95.97117241436078,97.8422243688905,94.23945371213154,94.47830963134766,88114100,114.91648245063664,118.10450396631344,114.7874876042113,116.62106323242188,8139100,73.65763750465456,74.98274809499716,73.63936324269204,73.9409408569336,7733400
2022-10-27,150.69101450013972,151.9804310632874,148.50090584120932,148.76637268066406,1646700,159.82167669164642,160.8231577399284,159.23746762214083,159.78457641601562,5390900,146.12577976482095,147.09290769599798,142.2375113745511,142.89871215820312,109180200,273.7559834629861,276.0259330524285,271.5047836147867,273.01495361328125,3041500,94.0702480931704,94.97592174214003,91.36319687614095,91.78119659423828,60710900,117.66225480694446,119.27469764823606,116.31701762291576,116.68557739257812,8948500,74.93705395132467,75.3757129446826,73.65763944063292,73.7398910522461,6466400
2022-10-28,149.36367385823195,152.19849818442157,147.68554720444587,152.0467987060547,2568600,160.42444512699515,162.6407129069848,160.04424506922678,162.15850830078125,6073900,146.25406355734995,155.4319533375391,145.87906336998515,153.695068359375,164762400,272.020714349434,280.6128203480906,272.020714349434,280.1344299316406,3243100,91.8309566371646,96.09059787724979,91.6916233939895,95.83183288574219,43697300,118.39937796166237,118.85086703238939,114.26231217084909,117.17391967773438,7293200,74.06744238504614,75.94058788155854,73.36617352118498,75.86676788330078,7816100
2022-10-31,150.7668707286207,153.81026372160878,150.38762203673886,151.9614715576172,1911000,161.83395155277057,162.42742867678248,160.81390611324505,161.3239288330078,7810000,151.14893931793952,152.21476020669766,149.92521569193562,151.32656860351562,97943200,276.1572950976978,280.7253622896163,274.41259571632014,277.7706604003906,4210900,94.9659688055794,95.57306689870097,93.53282580597906,94.060302734375,31675000,115.70888805688475,119.77224697254992,115.69967213042715,116.17879486083984,7121000,75.45153996216236,76.91868259152169,75.37772699957108,75.82063293457031,9087400
2022-11-01,153.54476970543624,154.11363540918555,148.57673568902942,149.97991943359375,2199500,161.4073948734501,161.93596777102218,158.03199083424045,160.50790405273438,6985000,153.04374586124993,153.4088828100258,147.17187450407766,148.67190551757812,80379300,281.7477746017389,283.4736955722199,275.16300809881625,277.7049865722656,3309100,94.9958198123906,95.57306183643806,89.9399976095824,90.03952026367188,47161400,118.62050812615264,119.15491941229679,116.91592016070348,117.7359619140625,5875600,76.8171860128741,77.48155199125547,76.57727451182232,77.25086975097656,8195600
2022-11-02,148.64311318366242,151.88561336782232,146.31079534251504,146.538330078125,2281900,160.32244604033824,161.2961232813696,157.91143707679495,158.041259765625,6877300,146.99424473621292,150.17196650314528,143.09611227556596,143.12571716308594,93604600,276.89834499583156,281.56021849085977,270.63246664120015,270.8294677734375,4426400,90.50729412723294,90.74615003951523,86.46660714853941,86.55618286132812,57038300,117.09098361026786,119.59718138933832,115.90238214756053,116.56578826904297,7680400,77.00171586404426,80.01904299490585,76.97403512630716,77.85063171386719,10907500
2022-11-03,145.05927348188493,148.09319003388663,143.48542429755253,146.87962341308594,6053200,157.46631096971905,159.00564703135697,156.65955681133735,158.31016540527344,4819900,140.1946956802254,140.92498461939732,136.92815965034873,137.05645751953125,97918500,265.9893095006515,268.22175947433175,263.1190248560789,264.0476379394531,4823900,85.90926808736477,86.10831340135847,82.94344431306968,83.03302001953125,61288000,119.43131961307513,125.42039233895468,118.20586150665368,123.30119323730469,13209100,76.64185168093046,78.09053561166306,76.17126506282425,77.15858459472656,6447200
2022-11-04,149.0602763122887,150.6530772950532,146.10220907752188,148.5293426513672,1473800,159.0890942382956,159.96076676751693,156.93774519666843,159.01490783691406,5300900,140.456901891493,141.03023754059535,132.83552430474884,136.78955078125,140814800,268.1655061447194,270.9325959076923,260.2956526714297,266.4208068847656,4401600,84.99365177935555,86.22774949314112,83.3116906968652,86.16803741455078,51124900,126.23123135607175,127.60411623292876,119.458966239857,121.91910552978516,10663700,78.57037773629443,79.1240137422617,77.5092379516033,78.2935562133789,6929700
2022-11-07,149.7049533578613,151.39256985268133,148.88958694724056,150.9754180908203,1711900,159.19109629447257,161.2126367892384,158.97781923732506,160.40586853027344,6621000,135.53415428478314,137.55070131674174,134.1107022229699,137.32334899902344,83374600,268.7376974267226,273.6153215353035,265.30460508212,272.2739562988281,3260200,86.86471266814627,88.47700729545595,86.43675834322974,88.06895446777344,34078900,122.31528619331779,125.69680691921985,122.18629135029151,124.33314514160156,6882400,78.91177699615096,79.47464222090633,78.53346178599101,78.95791625976562,4599600
2022-11-08,151.6959742102161,154.81521631449726,149.16454937660575,151.2598419189453,3602700,160.54497257605416,161.99157199960683,159.66401792103647,161.20335388183594,5148400,138.79622744381308,139.80449340378325,135.90978972981833,137.8966827392578,89908500,274.29999866336505,275.1535841694763,269.79759918939845,273.0899963378906,3371800,88.47699737548828,89.89023890654045,87.17322545658932,88.47699737548828,30429000,123.74347217739572,124.64643622273503,121.83617591595967,123.87246704101562,5039800,78.994817456823,79.56691187850035,77.97981712921556,78.69031524658203,4850300
2022-11-09,149.799759377653,152.76731620231246,149.43947684595906,149.83767700195312,2257200,161.60212240478128,162.27905392497738,159.81240890941118,159.91441345214844,6150000,136.90815350204326,136.95758184489978,133.04308937521566,133.3198699951172,74917800,271.0827039670404,274.36571249259276,268.51258645293086,268.9721984863281,3071400,88.02913095745633,89.01442577049444,86.8646999163299,86.90451049804688,31769100,122.04810164236397,122.14945574920704,115.07312824276677,115.41404724121094,7069500,78.32121909769465,78.74567350680776,76.76181219113744,77.00171661376953,5200800
2022-11-10,154.2558499736633,158.84464999194626,154.2558499736633,157.38458251953125,3783100,161.67632510736243,162.06579317808095,159.5342294939925,161.78759765625,7877500,139.61667909909517,145.1819610595703,137.89667216677097,145.1819610595703,118854000,279.28083179732596,295.2268729616895,278.66174676411265,292.3753662109375,7794000,91.81105799655386,93.94087488626228,91.1741038384967,93.4930191040039,51620100,118.03082129238237,119.56955076971047,115.69968374308726,119.28392028808594,7543900,79.99137300317068,82.10442309260125,79.83450373514988,81.9383316040039,10013900
2022-11-11,158.22840155215158,167.71887693207248,157.61214236564842,166.49583435058594,4436500,160.17402114708975,160.52640296635184,154.69363771104963,156.94699096679688,11074700,144.1440507641814,148.28588106740983,142.71070401695297,147.9794464111328,93979700,292.6566998263752,297.98454569667047,291.00580671845853,295.4144287109375,4945400,94.2394538485674,96.46879348169523,93.47311336671255,95.9512710571289,33090500,120.88713703441647,124.25024044290573,120.29744423168802,123.4301986694336,8662000,82.12287115685423,84.605014122104,82.12287115685423,83.76532745361328,9119100
2022-11-14,165.46240667792802,169.605598813838,165.46240667792802,165.68994140625,2999100,157.87434481560663,160.66553959190793,157.87434481560663,159.41368103027344,6581500,147.25783186642536,148.5527731206919,145.73552323030617,146.5757598876953,73374100,294.8704355030794,296.3900235127151,287.3476661832291,287.8917236328125,6394800,94.6375384345769,96.32945403822642,94.0603039654914,95.24463653564453,30179500,122.4405270749567,125.49274213620933,122.34802972208226,123.04171752929688,6163400,83.29474717633995,84.30052548865363,82.8518411803513,82.87029266357422,4873400
2022-11-15,167.44390125370202,170.19338480480965,164.63751956413637,167.112060546875,5216900,159.6732904759009,160.4244082738237,158.1246866142164,159.85874938964844,9351000,150.47047343692662,151.8247226304383,146.85253571913623,148.31552124023438,89868300,285.2090203295339,296.9997178999522,284.44924064127906,292.5910949707031,9290400,97.79245956917397,99.66351138474529,96.2498317707238,97.97160339355469,41640800,123.55966671393222,124.71581303945321,122.00581282672688,124.02212524414062,8300600,84.03292850723865,84.76188525125559,82.45506278532737,83.50697326660156,7336100
2022-11-16,164.96941799922317,166.50533553740712,160.75985122523514,161.9070587158203,2388400,161.01789144989374,162.2697639274142,160.5449690792971,160.85098266601562,5500900,147.4160140311921,148.14749936078283,145.59715017769167,147.0799102783203,64218300,286.89738362037895,296.7933255395677,285.63110335455184,295.3863220214844,5249500,97.43416966800666,99.16588820159294,97.1754046847515,98.37964630126953,29105200,122.62550498034082,123.47642697830298,119.39753937411949,119.53628540039062,7365600,83.4792918458083,83.4792918458083,82.17824060645063,82.8795166015625,4368600
2022-11-17,160.22888700409933,162.73187022241217,158.52230424914586,162.63705444335938,1641100,160.4244509746174,162.26980090916837,160.40590083342266,162.1492462158203,4464100,144.747029718181,149.73899160011717,144.47024904717685,148.98773193359375,80389400,292.65674878048253,294.2325859422427,287.16942901573617,292.1314697265625,3642100,96.50859755213386,98.80760365631383,96.32945372628268,97.89198303222656,26052600,118.01018196660146,121.50636784779725,117.49223059355268,121.33988952636719,5735800,81.83683199434144,82.23360572039286,80.74801156284195,82.07673645019531,4967300
2022-11-18,164.96937500272915,166.0502082602797,163.17746685292545,165.65200805664062,1845900,162.27904740469384,163.799833340102,161.92666551673986,163.39181518554688,6555700,150.55945907613687,150.9449761011956,148.24635692578445,149.55117797851562,74829600,294.66411383418745,296.4087847127958,291.02465961901606,293.76361083984375,3559300,98.30002039371558,98.42940667564423,95.91144636326615,96.96640014648438,28342300,118.76861842268606,119.49929678481804,117.00202322245605,118.93509674072266,5727200,83.29473078882803,83.38700930637923,81.74454602812533,82.30741119384766,5450700
2022-11-21,164.90304019233184,166.06921370844054,163.8980564208762,164.6280975341797,1385200,164.15711576117735,164.77309334909964,163.16782619078418,164.23178100585938,5706600,148.43416682216127,148.6417447784354,146.02220810744817,146.30886840820312,58724100,297.30924494577874,299.0726941105689,294.72037768043134,297.1404113769531,4069000,96.82707209430102,97.93179105937274,94.90625518678002,95.14511108398438,21647400,115.65163832134725,117.56621649055919,112.664152898461,116.0678482055664,6573200,82.17825015515328,82.75034472288532,81.72611487412713,82.19670867919922,4667100
2022-11-22,165.83218354365218,167.68097575141604,165.49086694630662,166.552734375,1457300,164.63307413499635,165.37038445156998,164.56775095304937,165.0250701904297,4707900,146.42747688170903,148.6911501950918,145.24125698087363,148.4539031982422,51804100,300.1608241023485,306.55800853616586,299.57926708574087,304.73828125,6054700,95.49343910333945,96.75740032804538,93.60248592750435,96.58821105957031,23438500,118.389394026016,120.74793555775115,116.96502078235356,120.2207260131836,5604200,82.66727649704632,83.22091945370155,82.39969131848895,82.74109649658203,3804100
2022-11-23,166.68543609818826,167.70938569545845,166.17346853298116,167.20689392089844,1758000,164.67043752688005,165.56639201986573,164.26911359950572,165.20240783691406,5389200,147.73233375155243,150.08498469071404,147.62359740352187,149.33372497558594,58301400,306.50166083588863,307.4959410491375,300.5734790404558,301.5771484375,4243400,96.62802445978609,98.2900840665078,96.62802445978609,97.99150848388672,18868100,118.0102002407569,119.51782002393101,116.35460440888045,117.2240219116211,7482600,82.78723821237864,83.46082636850373,82.7410989513343,82.98101043701172,4961400
2022-11-25,168.05072424846145,168.54374029697684,166.87507504565022,167.52926635742188,445300,165.54772909929173,166.238357690363,165.0624121297454,165.4170684814453,3058600,146.6054437081691,147.1688998342538,145.42911818185223,146.40774536132812,35195900,302.87158369095476,308.6777917324565,301.942941926181,306.14520263671875,3393500,97.77255664966751,98.17065490597226,96.93655714521095,96.99626922607422,9701400,117.36273713133922,118.1766616866704,117.0020200057276,117.28874206542969,2547800,82.72265913107485,84.04216192849802,82.55656762371166,83.88529968261719,2450100
2022-11-28,166.6285809282675,167.09315515286485,162.9689142193905,164.2204132080078,2656900,164.95972533319497,165.91168926317428,164.78239718299972,165.50103759765625,6183100,143.47184797217477,144.95460787890806,141.73208177830335,142.5624237060547,69246000,304.90708650517564,308.41520665064365,298.1440965808346,299.14776611328125,4733700,96.5782667025875,97.11569819421372,95.1550706024734,95.59297943115234,26237500,113.48732783549357,115.67013280387438,112.13694968667454,114.54173278808594,5648600,83.23015078535126,84.06060827138566,82.7687862975392,82.94410705566406,6147700
2022-11-29,165.67099115302713,169.18843388056612,165.27279090841085,168.5911407470703,1662900,165.20239417729695,165.43571771735688,163.00916144529683,164.34376525878906,6700500,142.63160575157164,143.14563338917574,138.7369025521412,139.54747009277344,83763800,296.40874392963764,300.1607533464685,296.0522984549491,296.3712158203125,3505600,95.2745073253337,95.6626510462463,93.66221276632477,94.73707580566406,20061700,116.3730791611953,117.30724748767449,114.61573511006037,114.92095947265625,4909700,82.71342049645241,84.40201612331477,82.6765104945695,84.04215240478516,5307100
2022-11-30,167.83264000609378,173.55915675202323,167.5766489950988,172.76275634765625,5014500,164.60509913580051,166.13570110659703,163.12116472479062,166.12637329101562,13288000,139.77485420692707,147.01073115671917,138.93463248466975,146.3286590576172,111380900,295.3048471560827,305.93065976797567,293.95539590999067,305.7419128417969,15106500,94.36882794469375,100.55923320625755,93.97072970281681,100.50946807861328,43647500,117.14076596175155,117.16851234897948,113.2468653576317,114.23652648925781,8484500,84.22669421944532,86.04447130804154,82.24282564458491,85.87837982177734,10520600
2022-12-01,172.55418299266927,174.0237407411979,170.53472556231702,171.08462524414062,1562500,167.059683256779,167.9556520698686,165.9117352308021,166.81703186035156,6282600,146.5065813559001,147.41600568948158,144.92496463802757,146.6054229736328,71250400,307.931294671215,311.1020649339757,306.1666229732202,308.64849853515625,3830100,100.53932411796288,101.7634748829433,99.772991266651,100.50946807861328,28687100,115.30941435208601,115.95686056269464,113.6630630261639,113.82029724121094,5285100,85.86915848431208,86.26593223589308,84.92797800188418,85.81379699707031,7310400
2022-12-02,168.91348723494826,172.99031983296985,167.8895375731063,171.99481201171875,2060300,165.65974214967397,167.02235812576427,165.1557694818243,166.94769287109375,5823900,144.28243209151336,146.29897894842466,143.9759823709456,146.1111602783203,65447400,302.99584996399824,309.9790839893571,302.28809209375845,309.51666259765625,3644100,98.57870403410195,100.29051356417902,98.429416244413,99.96208953857422,21480700,112.95088540267886,114.56949042240582,112.22944409494909,113.00637817382812,4879700,84.76187680943738,85.50006274096054,84.43892310434455,84.98332977294922,5197800
2022-12-05,170.23134005574465,170.5821323895925,167.15949116955835,167.4344482421875,1560700,166.46235773591707,167.3956519564053,166.12637124690372,166.85433959960938,5120600,146.07164500360574,149.18543519719876,144.0946315261712,144.9447479248047,68826400,306.83657336528637,307.18572925041866,301.5425591742515,302.0521240234375,5057300,98.92703166952748,100.89760608639799,98.5289334501006,99.00665283203125,24405100,114.93019235405565,115.32790696001528,109.7969000046413,110.4073486328125,5478700,84.41125550758274,84.63270850557706,82.20592662972736,82.87029266357422,8272500
2022-12-06,167.2827532384468,167.40601085820646,162.21041284820112,164.06869506835938,2064100,167.91827984476308,167.9929450848245,164.1944311019783,164.3531036376953,7943500,145.37966208348357,145.6070143612091,140.28884442227303,141.26747131347656,64727200,301.63696769143206,303.5337391146545,296.82420863195,299.5703125,3341500,98.82751539763453,99.30522721733549,95.96121410705892,96.5185546875,24910700,109.5471738361257,110.74956172521959,105.93999605573033,106.92965698242188,6498400,82.69497510087618,82.82415659704118,79.7330158704696,80.74801635742188,10424700
2022-12-07,163.3291777732923,165.24432920146725,162.77927808197202,163.33865356445312,1500200,164.79176237584358,166.0143754892492,164.47443152733663,165.3517303466797,5702600,140.55576270463825,141.72219330934035,138.39093073198447,139.32012939453125,69721100,298.1641855311413,304.69444323257665,296.72980681695464,302.1181945800781,4038200,95.95126501404084,96.41902227907117,94.26930395221923,94.4882583618164,31045400,107.55861500854537,108.77025420329669,105.52379306753471,106.25447845458984,6099100,80.11131979773441,81.22782087988006,80.00981905937003,80.53577423095703,7066700
2022-12-08,162.40002224026324,165.5951286764827,161.66050549048094,162.98785400390625,2229500,165.0251033367302,165.63173892938062,164.57711182366396,165.37974548339844,4798500,140.72382246539036,141.87049392300491,139.47830938217072,141.01048278808594,62128300,300.60838457642905,306.24213906284024,300.60838457642905,305.83636474609375,3483600,94.92615094354828,95.12520384009744,93.00533415212564,93.26409912109375,32213300,108.94599820143331,109.03848851043293,103.47973414388922,104.14567565917969,7720400,80.90486441661093,81.92909398515883,80.27740852812991,81.83682250976562,6141400
2022-12-09,162.40561951235787,166.87261695697165,162.40561951235787,164.4864044189453,1475000,165.30507199341275,166.02371254898736,163.94247037166033,164.0171356201172,4561000,140.7040317435328,143.89691905591846,139.28057976630063,140.52610778808594,76097000,303.37333411239837,306.16661035348153,301.91061728169046,302.4296569824219,3738800,93.32382016253814,93.81149411113351,92.30867686839619,92.38829803466797,28225400,103.96995048344635,105.39431682530102,101.49117199445793,101.75939178466797,6385700,81.82760001799795,82.82414893033587,81.54155630866246,82.55655670166016,6488300
2022-12-12,164.24777790969463,170.11785473969994,164.24777790969463,169.2969970703125,2461600,164.21312516759787,166.00504847028094,163.88648071525665,165.97705078125,4882400,141.0598951045821,142.83921008074833,139.4387448115005,142.82933044433594,70462700,304.807680179365,309.8469120552744,303.19400052441483,309.5072021484375,4900200,92.2688614145164,93.11481538049334,91.17409701189375,92.86600494384766,29420000,102.57331299993744,103.8681984168764,101.8056300744559,103.38723754882812,5636500,82.13210479198621,84.27283564784042,81.45850956930092,84.07906341552734,7496200
2022-12-13,175.3293400024127,175.99747654391095,167.59800620487565,168.8292999267578,2754300,167.15301332781402,168.17962850404567,166.41570286249728,167.25567626953125,9177500,147.78174582279246,148.24634516014598,142.58220621584587,143.79806518554688,93886200,324.9552176198818,327.6918754709786,311.3756902240536,314.14068603515625,5787700,97.2948424708287,99.05641715165841,94.57782896066584,95.17497253417969,40593700,105.85675925867524,106.91116418801417,104.85785415378821,104.89485168457031,6285200,86.42278496045367,87.8068781952602,84.95564247083038,85.54618835449219,10330500
2022-12-14,168.34249768047542,172.6949465078425,167.80798846508418,169.9651336669922,1611700,166.66768631238162,168.96358215716933,166.66768631238162,167.7689666748047,9533600,143.67944472283807,144.9743859949628,139.5375995292449,141.5640411376953,82291200,311.9135802982171,319.96314454054317,310.47920152164824,314.6502380371094,4546000,94.74702397460736,96.4090836855868,93.15463848462352,94.61764526367188,28733600,106.13423494181497,106.9666617252191,103.62771050152281,104.39539337158203,5927000,85.36166050036962,85.51852273848552,82.92565653953851,83.50697326660156,7704600
2022-12-15,167.14942046011663,168.27572041386992,163.95190422064874,165.28817749023438,1802600,167.24631571222986,167.8436234231652,164.6330891365355,165.650390625,7602400,139.48816842184618,140.17024039649047,134.46655303010576,134.93115234375,98931900,310.8849523071454,311.4322722941577,305.15682602160297,309.1485900878906,5056900,92.68686895444695,93.19444441414178,89.58171930241409,90.42767333984375,40107000,103.25774829032058,104.4416410929643,102.17559693695634,104.09942626953125,6400900,82.26128240494035,82.29819240552735,80.20359387135767,81.0063705444336,8795200
2022-12-16,164.56277182290296,165.78451152812238,161.87111697702863,163.9041748046875,3383700,165.1930497852417,165.1930497852417,163.19580105239095,163.95176696777344,18841800,135.11900305847902,136.06796118297987,132.19301616053025,132.96405029296875,160156900,305.2134980454973,309.4694912680109,301.2594884269684,305.1285705566406,9615000,90.32814916628604,90.89543669655227,89.09404384987789,89.83052825927734,58011800,102.15709412719424,102.86928426855745,100.82521825921856,102.1478500366211,17422600,79.84372928476077,80.1574607663583,79.19782188126986,80.14823150634766,17262000
2022-12-19,162.5392591827013,163.89464082386218,159.427643039817,161.09799194335938,2783800,163.6531412784761,164.4184351060211,162.45852585918217,163.7744598388672,5736000,133.55714671976315,133.64610870665976,129.81071279854106,130.8486328125,79592600,301.50479243227886,303.779057389729,298.2207862034998,299.4570007324219,3000600,89.83051992764071,90.12908788829876,87.79027136089782,88.01918029785156,29493000,103.73870862835648,104.29365749472616,101.40791351042307,102.1478500366211,4991400,80.03750336584716,80.31432485369803,78.39504703891791,78.93946075439453,5129600
2022-12-20,160.2771174821473,160.84026012979663,155.20880452473304,156.86961364746094,5451400,164.2597557186584,164.67040738650502,163.48511993448182,163.95176696777344,6174700,129.87988952300458,131.7185125149171,128.39712953221752,130.77943420410156,77432800,295.6728905853837,299.04182445582904,293.3231152242918,297.1072692871094,2632200,87.69075421287637,88.75566261824142,87.0239440398078,88.59642028808594,23453800,102.15708799344868,105.26480992639337,101.74087813280104,104.19190979003906,5538700,79.28086637709997,79.76991157375885,78.5611389525935,78.57959747314453,5206800
2022-12-21,166.59582530250853,166.82490697289256,160.50622018207525,162.2529296875,7904800,164.5117941007846,166.2943754324117,163.9331419373947,165.82772827148438,5472000,131.45162141055363,135.23760401600552,131.2242690848365,133.8932342529297,85928000,300.13649645849637,301.58976728675964,297.01292749559116,301.3727111816406,2610400,88.65614191430713,89.7907169658723,87.89975601556621,89.15376281738281,24745600,106.3099766220728,107.91007929689847,105.02434238264819,107.54936218261719,5433000,79.73300861923792,81.0340527236816,79.67764009744296,80.15746307373047,5422400
2022-12-22,160.4011870257903,167.76981146586215,160.00030512383202,167.69345092773438,5122100,164.97843320962625,165.6690618598889,163.64381498922324,165.22108459472656,5709100,132.8058800384377,133.01345799694343,128.80242492111796,130.71023559570312,77852100,298.5794445145161,298.5794445145161,293.2288112010555,298.3152160644531,3064400,87.74052072393032,88.11870987437933,85.909271863705,87.34242248535156,27658300,107.3366317412445,108.01181726919832,101.59289036917633,104.42314147949219,5295400,79.8898629056113,79.8898629056113,78.21971895471381,79.69609069824219,5635200
2022-12-23,167.71258831640787,170.91010475791754,167.52167963930157,167.9225616455078,3035900,164.88510140441147,165.6784072516132,164.08246774099754,165.6410675048828,3683400,129.41526864352002,130.89802838748807,128.1499815353403,130.34446716308594,63814900,296.45617128011475,301.1273846978997,295.42756664118906,300.7782287597656,2064900,86.6955047917293,89.1238969610393,86.65569421269733,88.805419921875,23003000,105.77264950043585,108.9835189512462,105.77264950043585,108.9369888305664,5001500,79.65917821821455,79.88986041596922,78.7549009054769,79.4561767578125,3316100
2022-12-27,167.72209516910667,169.88878006539105,167.13031916565276,168.99156188964844,1936600,166.22903836031827,166.45303410560567,165.18375336419038,165.59439086914062,3067300,129.86999709579138,129.8996510860134,127.24056601774359,128.53550720214844,69007800,300.4761946394338,303.4393254205573,299.6268911059264,301.5519714355469,1610200,88.37747674118715,88.51680998867842,86.59599297044319,86.97418212890625,20097300,109.74667916473655,110.80766245176555,108.94628726742233,110.25856018066406,3849400,79.68687810826405,79.68687810826405,78.37660459966082,78.4873275756836,7064700
2022-12-28,169.07748547796726,169.52609462802863,165.14501163244532,165.17364501953125,1705200,165.90236269938137,166.5463379403529,164.86640562497902,164.87574768066406,2645400,128.17965363057965,129.52402325835672,124.42333294025542,124.59137725830078,85438400,302.4957066826291,303.3261472037576,297.73014847222186,297.94720458984375,1568200,86.56614139398224,87.62109534883498,85.5310889356147,85.61070251464844,19523200,110.01658436491421,110.07242335076855,106.78709713878678,107.31758880615234,3856400,78.39504209743481,78.62572430948231,77.56458472609137,77.93367767333984,3714900
2022-12-29,165.92766920941892,168.81975759958954,165.7081417370155,167.55984497070312,1362900,165.70640094377845,166.40637164820927,165.25842368040605,165.71572875976562,2828800,126.51894753125764,128.9803266572618,126.26194126578521,128.12033081054688,75703700,300.7027358456793,303.703622448198,299.70244031150634,302.3636169433594,1559100,86.20784988305239,88.42723490757112,86.19789533870554,88.02913665771484,23333500,106.77780078896325,108.89045870104297,106.67542457598395,108.32273864746094,2921600,78.39504128739426,78.97635792139683,78.02594834395956,78.65340423583984,3461700
2022-12-30,166.01357296691694,167.18760003083761,163.7419085171585,165.31680297851562,1558300,165.65038722704193,165.91170845515703,163.69979159019445,164.8664093017578,4216600,126.93414153068441,128.45643512279935,125.9654017030859,128.43666076660156,77034200,299.6080224440011,300.24974473586946,295.38978480737995,298.06982421875,2581600,86.56614355146583,87.87986255192544,86.15809072896663,87.81019592285156,23986300,108.02491663251678,110.01658766093256,107.96907764498955,109.8211441040039,4220500,78.15512076418884,78.61648513006921,77.67530492121234,78.45039367675781,4455600
2023-01-03,167.00625007939487,169.50699624556702,166.58627432782393,169.20156860351562,2193900,164.40912467805666,166.4810391302163,164.26912199072981,166.3037109375,6344900,128.78263321771394,129.39550245721088,122.74285754273936,123.63251495361328,112117500,299.5419965429475,301.2406037965873,294.219643897061,298.1170349121094,2822400,89.16371064442977,90.61677037760805,88.09880220510901,88.69595336914062,28131200,108.48094908199378,109.8025309276729,104.1625589990161,105.27938842773438,5424400,79.02250110562976,79.90831998996892,78.41350370258652,79.09632110595703,5108900
2023-01-04,170.85279906070778,174.71846586292693,170.82416567852187,173.1912841796875,2286000,166.95699839859623,168.17028370337027,166.57434435984746,168.11428833007812,9788800,125.43161455867813,127.18127564102066,123.64241984503863,124.90770721435547,89113600,302.9863865389783,304.34528374636653,298.5605390285763,301.72186279296875,3560900,89.92009176216149,90.2186673282775,86.85474530999315,87.66089630126953,34854800,103.51107766025572,106.38689898187754,102.80375308480275,105.484130859375,4837600,78.93945976771457,80.60036755447119,78.59804754228092,79.95446014404297,7726800
2023-01-05,171.47323740601755,173.6017496034463,170.22286429164114,173.029052734375,2441600,167.07834223367715,167.98363880418253,166.50903216604942,166.87301635742188,6255300,125.66884902202133,126.30149268134268,123.32609306355886,123.58309936523438,80962700,299.92890759909545,300.1648268957875,295.5880155789555,297.70184326171875,2935100,87.0538097866527,87.15333245755251,85.49128031493731,85.78984832763672,27194400,105.66095824608588,109.6349981297662,105.66095824608588,108.67638397216797,5177700,79.26241704908419,79.5115507643861,78.27509736867651,79.28086853027344,5339900
2023-01-06,174.06943925732213,177.97329430065037,172.64726581025985,177.314697265625,2039400,168.1142970893775,168.86092109342678,167.42365422059785,168.22628784179688,5706000,124.5617315121944,128.79253144434853,123.45460129199294,128.13023376464844,87754700,298.47563210549754,300.8914431297059,291.5962181192318,299.6457824707031,4022500,86.3770371515828,87.27275629454014,84.45622016455464,86.9244155883789,41381500,110.2864769163231,111.85934117997441,109.39301770223547,110.03519439697266,4442300,79.76068423839223,81.16322899622257,79.08708907873435,80.79413604736328,5710900
2023-01-09,177.32422164952064,183.39474681547702,177.2383214951842,181.10398864746094,2894300,167.339653425572,167.7689607839733,163.49447162584465,163.8677978515625,7925300,128.97047367930062,131.87668586554148,128.3971379685157,128.65414428710938,70790800,301.97668945202406,304.3830546765984,299.2022763137843,299.9100341796875,3466300,87.93955953620126,89.62152048330157,87.44193867309151,87.6011734008789,29003900,111.9803365768865,112.29677406683528,108.76015819409322,109.22550201416016,5403200,81.43081556347745,82.0398199428593,80.65572676047724,80.86795043945312,5039700
2023-01-10,180.05406653944428,181.2758062877671,178.01146903231518,180.14952087402344,1694400,163.97978741925562,164.39043914412164,162.69185111237678,163.47581481933594,5047500,128.7628938707127,129.75140069783342,126.64748986401109,129.2274932861328,63896200,298.48502937556304,302.6655404537671,296.27682860853946,302.5711669921875,2111300,85.5708904595706,88.24808564924614,85.42160267591623,87.99927520751953,30467800,110.03518865461348,110.39815621950133,108.59262015784623,109.89558410644531,4042700,80.78492284372412,82.05828626754965,80.12977909045232,82.04905700683594,4536600
2023-01-11,181.34260744864898,185.084186840182,181.34260744864898,183.45201110839844,1913000,163.85848338765382,163.99847183311735,160.62927891653703,163.21450805664062,6494800,129.7415193359335,131.97553930551643,128.9606055895864,131.95578002929688,69458900,304.38302843849596,310.50751222665264,303.9772542087208,310.4697570800781,2864800,88.75565646377223,91.16413959217385,88.58646719453307,91.08451843261719,26862000,110.92865975811391,111.26370786953612,108.80669311949528,110.04450225830078,4569900,82.46427658547695,82.87027247625471,81.98445366020029,82.51963806152344,6122600
2023-01-12,183.38520957515942,184.34923419181854,181.7816671854269,183.1561279296875,1560600,162.6358398383526,163.05583361509503,161.27323830077404,162.3931884765625,4269400,132.3412931209229,132.71691544226815,129.9293341536629,131.87669372558594,71379600,313.4989417873134,313.4989417873134,308.3087180608143,311.2907409667969,2481800,91.0447289711645,91.43287269029972,89.32295720715761,90.6963882446289,30258100,110.18410745378907,112.70627006771433,109.68153528377171,111.83142852783203,5072500,83.06404379024411,84.7157291932272,82.44581718149047,83.53463745117188,7895600
2023-01-13,181.7816650111517,182.30663467306732,179.64362793612844,180.0445098876953,1343800,161.63725503653538,162.40254901851702,160.88128887156185,161.86123657226562,6088000,130.51253218381837,133.36931580754018,130.14678954891528,133.21115112304688,57809700,308.1011405934573,313.6688587651445,307.6387480098984,312.5552978515625,2798600,90.41770989001778,91.75133776013793,89.70113462763581,91.68167114257812,26329200,112.22230208433444,113.40427210224817,110.29577921537214,113.05061340332031,4360200,82.1505427006048,84.87259684353354,81.44926685200319,84.57732391357422,8414600
2023-01-17,179.40500004619852,179.9204155179115,177.58193027151708,179.5672607421875,1853500,162.39319657730738,162.93450894147784,160.61060117406424,160.8625946044922,6053300,133.2803661632613,135.7120843078782,132.58841445883436,134.3776092529297,63646600,311.7248343292965,316.282810711528,308.67677581981667,309.0825500488281,3988900,91.62196184719421,91.81106022758811,89.62153120519707,90.85562896728516,32602400,112.66903203388419,114.04645272606535,111.27300071504142,111.90586853027344,5228500,88.48970136404144,91.44243097624464,87.65924396065219,89.57852172851562,27914300
2023-01-18,179.65317402656464,182.98433203395342,178.98503741650717,179.12820434570312,1337800,160.1999453839952,160.52660405373618,158.38936657973179,158.43601989746094,7047800,135.24748690824802,137.01690717262807,133.47805156045354,133.65599060058594,69672800,311.4134317694689,315.6788417400988,304.7416280013773,305.4588317871094,2952200,91.70158285357975,92.35844611498095,90.2087200883145,90.68643951416016,29116700,112.7993318482643,115.13535966207209,110.15618252951982,110.33301544189453,5138700,89.32016610931584,90.3812987810138,88.89570459280071,89.1171646118164,14134800
2023-01-19,177.47696354274635,178.35508809553457,175.28164487863233,175.84478759765625,1321200,157.75471216866083,159.85462404787077,157.45606544001694,158.2213592529297,6939500,132.53897616267878,134.68403382720132,132.23254150823482,133.71530151367188,58280400,302.2974448965288,303.2411217659562,293.13435055803376,293.3702697753906,5359300,90.28833877439054,93.16458701556465,90.19876306253057,92.60725402832031,37000400,109.40232431501462,111.9244867228057,108.2017365237489,111.34745788574219,5049100,87.29938580417216,87.64079804721293,85.75843015992216,86.87493133544922,13457100
2023-01-20,176.751539741469,178.46961579461242,175.83524222265015,178.37417602539062,1595900,158.75335051705517,158.7626783323993,156.30811000764209,157.48406982421875,8620600,133.72515693933153,136.4336701555814,132.67734247187641,136.28538513183594,80223600,292.5493310074721,297.48474353970516,290.0769017483152,297.2582702636719,3725100,94.64749230458399,97.83227057478473,94.56787113938321,97.55359649658203,63191100,111.83142287776745,113.46012614068026,110.98449377277308,113.35774993896484,5101400,86.85647754166403,88.84034628378559,86.62579529350718,88.80343627929688,10785000
2023-01-23,178.6796007593423,183.53792623128268,177.8301096364209,182.44981384277344,1642200,157.820058824269,158.31470362324214,156.74676192312876,157.08274841308594,8425400,136.5325490508029,141.67279627654958,136.3150763566329,139.48818969726562,81760300,295.8805372458628,299.6457998024066,293.568516743473,297.7112731933594,3237900,97.48393658664499,99.56399601043773,97.03608078946915,99.315185546875,40005100,113.97201665190676,114.63280407705231,111.65460623124363,111.80351257324219,3963200,88.46201578654548,89.70769830358046,88.11137432436485,89.62464904785156,8735300
2023-01-24,180.37857646841059,183.40429225870096,180.18768237571538,180.63629150390625,1238900,157.74539357750746,159.58398433630924,154.9361688517451,157.08274841308594,10541800,138.69738986782352,141.51464034564432,138.68751022962752,140.89187622070312,66435100,297.3714960916213,300.183663961338,295.0217495419799,299.7967529296875,2127900,97.63322092688912,99.13603819966976,96.73750177115588,97.23512268066406,33078500,112.61318962510204,112.61318962510204,109.48607899804436,110.57498168945312,4216900,88.84032748316395,89.32937261938528,85.73995816085512,88.12982940673828,4801600
2023-01-25,178.2118856304304,179.74860693255428,177.39102801753904,179.26181030273438,1020400,156.0188077499343,158.2027130126953,155.93481468004526,158.2027130126953,7099800,139.27070057060922,140.79299416676852,137.21460493959157,140.22955322265625,65799300,297.569733274484,300.2026008541605,294.0026344369763,299.39105224609375,2060400,95.1152550959037,95.70245168515892,93.31386993258523,94.76692199707031,42330000,110.00727320737924,112.03617249126546,108.55540280076482,112.02687072753906,3984700,87.54852561950312,88.51739389246319,87.14252964367094,88.24980163574219,5891000
2023-01-26,180.30221215572635,181.6480395122127,178.29780237782842,181.48577880859375,1045800,158.24003153351876,158.57601800894648,157.40005822447998,157.62405395507812,6946100,141.52450641893512,142.59209549504305,140.26909865118563,142.30543518066406,54105100,296.4561311559514,301.27833572110615,294.92737898576615,296.1352844238281,3555300,96.04083357396856,97.10574199484742,94.92616002591807,97.05597686767578,30114000,113.81378487563445,116.0846648403346,112.42706237123804,116.01020812988281,5807400,88.78498722111489,89.08026022522306,87.94530043576319,89.04335021972656,6085100
2023-01-27,181.15170019312671,184.3778641261189,180.97989988545228,181.88665771484375,1435900,157.29739080926626,157.605379589704,156.57876456251682,157.00807189941406,6058100,141.51463933928596,145.53785423534342,141.43555698402906,144.25279235839844,70555800,294.44613393514163,300.31580695928767,293.7949943978315,298.8531188964844,2761200,96.84697541487013,99.84265530593878,96.84697541487013,98.89717864990234,33879800,116.04744169778161,117.62960781274538,114.9585317851147,115.04229736328125,4857500,88.96028602984659,89.90146629817939,88.31437165287993,89.3755111694336,7990800
2023-01-30,179.49092129334008,179.96816383091118,175.23391144992004,175.7016143798828,2091600,156.72806083839845,157.29737077075356,150.33500522785292,151.19363403320312,23259100,143.29392490593287,143.87714018615392,141.208175354279,141.3564453125,64015300,298.0415197628057,300.2214403143316,296.02206578520287,296.54107666015625,2643100,97.01617600106465,97.82231944586147,95.94131301260722,96.47874450683594,27226200,113.6276439827876,114.10229663987897,111.98963894361182,112.17577362060547,5246300,88.39418713900966,89.8638596564069,88.29186771712476,89.25924682617188,5870100
2023-01-31,176.1024880421264,185.12236866313427,175.99749410625074,185.03646850585938,2423200,150.9136689970864,152.5282639724702,150.30703346464688,152.51893615722656,11612500,141.05988522159177,142.68103540109175,140.64471427014323,142.63160705566406,65874500,298.19253373443024,306.08168969228217,297.35267604537006,305.9118347167969,3526800,96.40907756904596,98.40950815466127,96.35931244094722,98.36969757080078,29870700,111.8872689458649,113.62765028407587,110.84489623537992,113.42290496826172,5200100,89.56622812508733,90.57081520013178,89.07323829103213,90.53360748291016,7182100
2023-02-01,184.31106031290113,194.77220781293224,183.7956302541407,192.9109649658203,5262100,152.1176181504457,154.9081585358517,151.56696378058732,153.9188690185547,9865300,142.31530314667881,144.92496009089808,139.69576656602072,143.75851440429688,77663600,304.2320806426514,311.93246060155326,299.74961432114185,309.61102294921875,3076500,98.24031608663826,100.70851906446003,97.11569559851715,99.95213317871094,35531100,112.34330290531294,112.58528367714716,107.21521207858468,109.54193115234375,7282300,90.1801165673076,92.14277883639646,90.16151626138242,91.33353424072266,9815200
2023-02-02,199.75463211173647,207.49550652781085,199.75463211173647,204.73704528808594,3836500,152.12696688278524,155.13217558870198,151.95898074887285,154.49752807617188,10099000,147.18863235095503,149.44242627870938,146.46702672863907,149.08657836914062,118339000,314.66906953055263,322.23734779773264,313.95186588074483,320.6519775390625,4776600,105.29657692633798,107.33681789479918,105.10747856990469,107.22734069824219,69883800,105.62371860696548,107.39202621380089,102.15225833252184,103.58551788330078,11531300,91.97534459419757,93.26828226005313,91.11958861760796,92.28230285644531,11118900
2023-02-03,202.57988536067768,206.1114766639671,201.79720073272944,204.89927673339844,2255100,154.95483846360884,155.24415739373703,152.95758939914313,153.6295623779297,6868500,146.32863460622823,155.571177590554,146.13093629775682,152.72427368164062,154357300,313.8009352055975,315.85814430827327,311.7248341303128,312.8289489746094,3389700,102.44023732028235,107.29701450167059,102.09190421385664,104.28143310546875,65309300,103.59484355349498,104.59998795363481,100.29090654458653,100.61664581298828,13504200,91.38003982690145,93.18457468250905,91.22191238607775,92.48694610595703,6948600
2023-02-06,203.30531736818165,204.7084115686824,199.66873162723374,201.0050048828125,1890000,153.5735894837085,153.85358063934538,152.22031551256228,152.4629669189453,7021000,150.81647157748358,151.3403789118004,149.04703617157855,149.98611450195312,69858300,310.46035039542863,312.3665967557836,309.0165254426187,310.7245788574219,2229700,101.91275662788445,103.8634295449767,101.3952266662137,102.4103775024414,31999600,101.04476387157712,102.32911034856888,99.33230190225478,100.03961944580078,11516300,91.57537611043112,92.27300469561972,91.22191351539442,91.99395751953125,4737700
2023-02-07,200.1650476930097,201.05271171638603,196.56663531000112,200.35594177246094,1822300,150.8203413113056,152.94825084778572,150.65234095793159,152.50025939941406,7310800,148.9086520667493,153.4458943027817,148.9086520667493,152.87255859375,83322600,305.7513954847124,308.5824269243857,302.6561355959526,306.8838195800781,3865500,102.72886341728358,107.6652620074092,102.62934075240821,107.1278305053711,49010200,100.89584712691847,104.37661679734494,99.96515951766989,104.25562286376953,7370600,91.87301412535228,92.84969680718349,91.20329676549956,92.29159545898438,5060700
2023-02-08,199.71644378867435,201.3581591303528,198.7714984090374,199.9455108642578,1425900,152.4069396330049,153.58288515139168,152.03361342332266,152.69625854492188,6054700,152.11139923515765,152.80335083301824,149.43253973358082,150.17391967773438,64120100,304.7510678600388,305.741917239887,301.5708808194682,302.72216796875,2777200,101.56442693043918,102.64923682856325,97.57350525697757,98.89717864990234,94743500,104.45107810862288,105.16770447503686,102.22672809205675,103.11088562011719,6713200,91.45444979567776,92.96132998603586,91.21260324982275,92.04975891113281,4705200
2023-02-09,200.53728191749732,201.39631249579435,198.40877011905374,199.1246337890625,1245400,152.71493862665017,153.80689116122193,150.32570768868737,150.63368225097656,7949500,152.0125441621068,152.55622581029445,148.69116137357645,149.135986328125,56007100,304.9020929958275,305.64760600814884,297.09786453231385,297.7773132324219,3063300,99.52418468225432,99.55404072276416,93.18449138448133,94.55792999267578,119455000,102.9433613541526,103.99503584059971,102.23603675322877,102.31049346923828,5768300,92.2916223751368,92.8311235776163,90.90566875196666,91.20332336425781,4983800
2023-02-10,196.99618406415806,200.7568577811784,196.72892939471078,199.84054565429688,1286700,150.9790370158974,151.93098703743294,150.58705508215766,151.33367919921875,7028000,147.9678065326758,149.82902644753565,147.73019724066455,149.5023193359375,57450700,296.17305422893753,299.33437817371566,295.13500369201563,298.7115478515625,2768800,94.99582806779736,96.28964546267231,93.80154092875313,94.1200180053711,54980700,104.21839526612565,107.37342550144515,104.07879071311685,107.08490753173828,10779200,90.77542679023246,91.71490192514206,90.74752278269021,91.56607818603516,5224900
2023-02-13,198.1606388448891,202.26492741126953,197.81702364946455,202.02630615234375,1159500,150.5683700526119,151.95898367641936,150.40036967452244,151.89364624023438,6414700,149.44290943263957,152.71985991539307,149.41321016170093,152.31396484375,62199000,299.4664676441379,305.45882259240534,297.8338960016097,305.3078308105469,2432500,94.28920688773186,94.74701720884225,93.39348774073657,94.15982818603516,50076100,106.52402085157121,106.66424696915284,104.81328504010432,104.99089813232422,6018200,91.58467867815322,92.79390438283468,91.30563150551933,92.48694610595703,4910300
2023-02-14,200.76638919177478,203.32441679183546,199.10559446577673,202.99034118652344,1101900,151.88430488869395,152.09895856956842,150.9696663092576,151.23098754882812,6316000,150.60119133152048,152.23472638587455,149.3537769225568,151.67041015625,61707600,302.55232652595504,304.7699736562813,297.8905877566893,300.4951171875,3380800,93.98068174209502,94.39868146803326,91.82100889832186,94.2294921875,54726100,103.76625558195515,106.99142013229988,103.34558442571733,106.15007781982422,7308100,92.13349387472643,93.93802183658913,92.05907844833222,93.53804779052734,7679500
2023-02-15,201.76858093803457,203.42939005953406,200.44184738789562,203.34347534179688,953100,151.14699067623351,151.17498836255723,148.66442472197738,148.7390899658203,12621800,151.58133825179516,153.94747569846558,151.3536388197947,153.7791748046875,65573800,298.08872312836803,303.4204929151607,298.00379564630725,302.6278076171875,2585500,94.04039749081163,96.65788833824551,93.70201891653383,96.47874450683594,50169000,104.53283623609367,104.86002576639267,102.81275005840934,104.37391662597656,7203700,92.56135106874095,93.91009665906972,92.55204736837725,93.78917694091797,6464200
2023-02-16,199.98369081975042,203.0762127368828,199.4873545677067,202.03582763671875,1278500,148.4590993128379,149.00039735877687,147.38580255334617,147.68446350097656,11177000,151.97735397330246,154.7692064041291,151.81896289081203,152.1753692626953,68167900,297.2583141498055,305.5060435553804,297.192249834963,303.1468505859375,3169200,94.9162087541605,97.21521477469815,94.28920158994696,95.0555419921875,42462600,103.65408861705086,104.43000028263133,101.04590851871657,101.2983169555664,6531900,92.81251504223225,93.2403930986498,91.91024751378072,92.61717987060547,6051800
2023-02-17,200.80455573691808,202.20764982953605,199.7164434369577,200.7281951904297,993300,147.59986671843484,151.44449095691107,147.22385540523894,150.76768493652344,12401900,150.8289620773623,151.47246651343528,149.34393789585803,151.02696228027344,59144100,300.7310412132585,302.5429140968299,295.32378932389383,300.04217529296875,4985500,94.39868291013072,95.10530367470463,92.76648697078687,93.90106201171875,34284100,99.22298109374461,99.71844047908742,96.44653134186186,97.33462524414062,11294500,91.99395806648963,93.03574555137921,91.4358566143495,92.56136322021484,8133000
2023-02-21,197.27294377930974,198.52333130607502,193.85590045229011,196.28982543945312,1715900,150.07209326747122,150.7301095608516,148.41768631552748,148.52108764648438,9423900,148.70038717333577,149.7894107206676,146.92826533516197,146.99755859375,58867200,288.3405417409582,290.66200826567945,278.4130684878211,278.8565979003906,10891800,92.55749030076139,92.65701296526197,91.28358197173173,91.3532485961914,33629300,97.2318136366708,99.20430841510807,96.7643979476041,98.44709014892578,7200600,91.58468538311358,92.08697884660158,90.39406699409552,90.8033447265625,6556000
2023-02-22,196.2898149077781,197.75017564743598,190.50563871316703,193.59817504882812,2388900,148.99109138349385,149.32009953083568,147.92887901277518,148.3142852783203,9820200,147.3836697109664,148.4528887502369,145.69075089528818,147.42327880859375,51011300,280.7911382434381,283.48062401267873,278.4697004041561,279.6115417480469,5922100,91.26367813182742,91.67173095076852,90.17886811812298,91.21392059326172,30884000,98.60599869570069,98.60599869570069,96.25022006377758,97.29723358154297,7929500,90.57079839785055,91.22191558682054,89.87316979682053,90.47777557373047,5072400
2023-02-23,195.49763166925354,196.21349544480668,193.34048617111046,195.8412322998047,1345000,148.24848313988412,149.07567939495118,147.27086800657864,148.26727294921875,9385100,148.59149969615066,148.83900369928494,145.76996312428713,147.90838623046875,48394200,280.0739701407318,282.9899292941962,278.02617790222627,282.4520263671875,4354500,91.48262500616492,91.50253409442122,89.33290665311979,90.45752716064453,41206400,99.09211102661344,99.46604494749275,97.28788645565234,98.55925750732422,6095800,91.04516756029248,91.54746093193621,89.94756510299192,91.10098266601562,5916100
2023-02-24,193.98953696915888,194.84856764488842,191.5078701392741,194.0277099609375,1387600,147.25205170934814,147.4400645341155,145.89845403723035,146.61285400390625,8689700,145.64125487541327,145.72045796846467,144.26513323484133,145.24525451660156,55469600,275.93121968055004,281.52721881146766,275.5537545436637,279.9512939453125,3713300,89.01443223203913,89.46228802095382,88.15852364572393,88.70590209960938,36585100,97.38137172716459,98.67144344493995,96.6241606804332,98.3909912109375,5617900,90.366156549523,91.13820054564685,89.86386312180306,90.87774658203125,5414200
2023-02-27,196.66207770932354,198.62832899050917,194.47631352631922,194.77220153808594,1324200,147.0640721014621,147.48707232474507,145.77626727805026,146.29327392578125,7267100,146.23525087875586,147.68066559008122,145.97783708430148,146.44314575195312,44998500,282.4991552687876,283.56551497103453,278.42249219298094,279.3378601074219,3238300,89.4423828125,89.73100384409955,88.91489828317458,89.4423828125,27502300,98.31620679199902,99.26038840857069,96.69895262579871,98.96124267578125,7429300,91.5381778910426,91.60328961016353,89.83596239547997,89.94757843017578,5645000
2023-02-28,194.75311385562946,197.33023501848967,193.83681640756458,193.97044372558594,1464100,145.6822578788884,145.95486789820126,143.85864229141941,144.06544494628906,9062300,145.58184135182967,147.59157242356576,145.36403664496177,145.93824768066406,50547000,278.38471155208754,281.876327928337,277.73357212625325,279.8379821777344,3949500,88.90495506752045,90.79591607528975,88.89500052309056,89.63147735595703,30142000,99.7090955062979,100.3167300579372,96.57740539703924,96.61479949951172,8771800,90.3382597955226,90.49638724935946,89.53831172751268,89.76155090332031,6745300
2023-03-01,193.99907693400277,197.1679741360326,193.35957372946223,195.02992248535156,1179800,143.8304611350377,144.04667306509054,142.7964620753601,143.4168701171875,6767000,145.3640509605452,145.76005131760687,143.56221459109048,143.85922241210938,55479000,275.47822493898855,277.1768321577828,272.4018284529338,274.411865234375,5905100,89.55186454339591,90.59686392466584,89.24333440817962,89.9300537109375,31111200,96.97005674498538,100.66263763593126,96.50264108121011,99.3258285522461,6064700,89.25925537168501,90.00339540270062,88.6081381670303,89.47319793701172,5429600
2023-03-02,194.06590442418323,198.17017842573165,193.35958025471405,197.51158142089844,1092500,142.64604468057783,143.5954464700293,142.1572370846401,143.30404663085938,8762500,142.93850860687647,145.24524759786468,142.46329007120497,144.45323181152344,52238100,272.2131604894757,277.5449317605976,271.09018213836583,276.5163269042969,4103700,89.23337856042907,91.84090707447562,89.16370434886473,91.56224060058594,32204400,99.15754320324623,101.8592047490264,98.88644130456501,101.270263671875,5458600,88.78485995611756,89.64062306325219,87.88259963221871,89.3708724975586,4632400
2023-03-03,198.9719446780622,200.53729945749038,197.7024779111654,199.563720703125,1612300,144.16886357595186,144.87386879942693,143.67066103216558,144.77987670898438,5747200,146.56194185497878,149.60129780845313,145.85903905116976,149.5220947265625,70732300,278.04503444896187,281.7914048875761,277.21459399351727,281.64044189453125,4036700,92.03996045341758,93.28401264189694,92.01009682269682,93.20439147949219,35160100,99.34451359755384,101.97139425461194,98.92384238878685,101.56006622314453,7075100,89.80805633054327,91.56607980320176,89.7150335082331,91.46376037597656,6504000
2023-03-06,200.06008779459458,202.2458523200331,199.82146651362024,200.5659637451172,2148000,145.38147751443333,146.3872774867438,145.29688033181583,146.22747802734375,8148200,152.2545345821982,154.7394840935164,151.92784263752011,152.2941436767578,87558000,281.2157763019809,283.2069211631401,280.253236025809,281.4139404296875,3763200,93.5726338624318,95.51335999397993,93.55273236671877,94.67735290527344,32639300,100.56914318059306,102.457499084694,100.12042106208604,102.42010498046875,6200900,91.56607664643538,92.27300181443536,91.24981467410299,91.51026153564453,5215200
2023-03-07,200.17457946435283,200.17457946435283,196.77661546455442,196.92933654785156,1526900,146.72567111709333,146.8760756609782,144.15006143405714,144.8456573486328,7457700,152.16545023619062,152.49215731620518,149.62111707090608,150.08642578125,56182000,282.2161240592346,282.2161240592346,274.0627673640895,274.3269958496094,4512400,94.52807232544816,95.21478402463518,93.08496711653402,93.41339874267578,27835500,101.51332671472301,101.82182275323537,99.71845234333666,100.63459014892578,4973200,91.15679923143736,91.39864578788742,89.26855238282074,89.35226440429688,5461400
2023-03-08,196.52846733482914,200.41322850617902,196.04168519908978,200.00279235839844,1073900,144.74225924045334,144.949061907058,143.33224888271278,143.78346252441406,6230500,151.2843514535327,151.93776567756532,150.31413994619248,151.34375,47204800,275.11582619157167,277.98635813455695,274.003715881624,277.0643615722656,4680300,93.67215786383373,95.503399070826,93.55272611825472,93.8015365600586,34103300,100.026944291334,101.45723497042314,98.8677555320756,100.24195861816406,4576800,88.96159125648528,89.76153922037771,88.70114440250067,89.20343780517578,4121300
2023-03-09,201.47271249730102,203.60121014836832,197.8647600589124,198.37063598632812,1954600,144.25347307372968,144.3850734731917,141.66845395736527,142.16665649414062,7439400,152.02685072996366,152.99706215582498,148.73009571987657,149.0865020751953,53833600,278.54719965205163,279.8018809658113,273.50950362947253,273.74713134765625,3248000,93.60249368912125,95.07544729094798,91.46272231509023,91.88072204589844,28813500,100.88697642210045,102.13030356857529,98.4938109503019,98.91448211669922,5191600,88.7011556779615,89.24995346195587,85.36183626994449,85.76181030273438,9162400
2023-03-10,198.86014027150907,198.86014027150907,190.51951049162136,193.1013641357422,2537900,142.74943651988272,144.28165222916067,142.03503649898846,142.51443481445312,8504300,148.71028294188977,149.43299026055394,146.1362357677826,147.01734924316406,68572400,274.27939638793856,278.6517519054316,270.0401263070404,272.1407470703125,4730900,91.73142650002876,92.3484790931476,89.96985201598534,90.1987533569336,35941000,98.83971305573506,100.33544165736829,96.84851789125769,97.42811584472656,5313100,85.36182889880233,86.51524658010332,82.99919971468807,83.7619400024414,16206500
2023-03-13,189.05101951703645,191.3545240616531,186.2484169511338,189.45413208007812,2267900,142.9656336444455,146.5564665774679,142.47684042583964,143.87744140625,10799600,146.33423617376167,151.61102231566625,146.2253338291279,148.96768188476562,84457100,269.9355107248866,277.87228046894774,268.6143160026594,272.3403015136719,3892100,89.66133224210813,92.1295353055602,88.99452204264824,90.67648315429688,37335600,95.35278182288422,96.82981682167163,93.08114173534533,94.11880493164062,8789700,82.35739188127098,83.88287269244901,80.59936817696648,81.84579467773438,15175400
2023-03-14,191.95919104745738,193.82119754386954,187.6784946431565,189.93402099609375,2582700,144.08426343827063,144.7892686472953,142.7870492637875,144.6858673095703,8421200,149.76962498664284,151.86845415267095,148.60141331315802,151.06654357910156,73695900,274.9827646726901,275.45802007586263,267.4642497209145,271.4373779296875,5116000,92.11957083074607,93.91100895731901,92.00014668436901,93.52286529541016,36050200,94.4647059214519,97.61508284463507,93.12789687428318,94.75450134277344,7090800,85.9571512356799,85.9571512356799,82.89688616637481,83.68753051757812,11089300
2023-03-15,186.20042813676906,187.46736591467217,183.1578765066124,187.4481658935547,2674300,143.67062279567003,145.597639428986,143.3792230091257,145.0900421142578,7757700,149.68050801163758,151.71993837140982,148.42318357477492,151.46253967285156,77167900,269.89758451387917,274.8497382332398,268.6809317092966,273.7186279296875,4835500,92.77644636636741,96.46879271449647,92.19920427168174,95.65269470214844,50622100,91.07126538541861,92.27719864279445,87.49085972191483,89.03333282470703,10661200,80.85980249679228,80.94351451889885,77.83674535665641,79.42733764648438,14814000
2023-03-16,188.3983482630365,196.85416322937365,187.48654500242475,195.84637451171875,5068500,144.2440551440484,145.1088597660943,143.44505788945716,144.7892608642578,7605500,150.64084473187137,154.8979167381579,150.12603215969472,154.29400634765625,76161100,272.7966360525903,273.7756611471215,270.8956141985653,272.5400085449219,4400200,95.74225996804023,100.70852211278338,95.04559373185006,99.84265899658203,65492000,86.01382806787457,90.21121851796481,85.56510591531816,90.11773681640625,10111500,78.64600587252842,82.11554171291115,77.46468405271776,80.9342269897461,15342400
2023-03-17,216.96187056995933,216.96187056995933,209.73460846648706,211.45263671875,12660500,145.2122410745694,145.65404540169055,143.16303321121165,143.2382354736328,20540700,154.52168788730708,155.17510202547024,152.7396561952458,153.4524688720703,98944600,273.5760302418378,277.501644556226,272.09323568827404,274.1178283691406,8342000,99.78294515178816,102.35066322909664,99.62370281885212,101.136474609375,61028500,90.0709922037962,90.63188954412531,87.40672448808532,88.23872375488281,17056000,80.45052791689402,80.45983161859263,77.85534868129807,78.30183410644531,19935800
2023-03-20,211.145530215504,212.38366062858506,206.81684082297804,207.54629516601562,3336400,143.3228306826309,144.82684722378252,143.23823351732435,144.6576385498047,7129000,153.52179760346752,156.24434176719376,152.61096953502098,155.82852172851562,73641400,273.20528185168075,275.4865017161329,272.4258561207469,274.9447326660156,3677800,99.6436083783907,101.26584972399411,99.3947979368084,100.73837280273438,32960400,88.65938755158184,90.57579436374773,88.5378620632176,89.89337158203125,7932900,78.69250997888305,80.28310244278137,78.47857450121275,79.6598892211914,8649800
2023-03-21,209.44668645637978,213.1514996404842,209.3027229130217,210.99195861816406,2006800,144.76103986630093,144.88324533398685,143.04082578824435,144.6576385498047,8376800,155.74930512262205,157.80852485445894,154.9770788401289,157.68972778320312,73938300,277.00734476866324,278.39511136823677,273.3669013086683,275.1063232421875,4788200,100.76823312250937,104.59991256706779,100.73837708314564,104.42076873779297,42110300,91.69759922273879,93.5672618314898,91.61346782879947,93.21202850341797,6770200,82.06903720217593,82.95269731688582,81.8550946277838,82.56202697753906,8905600
2023-03-22,211.55821257055445,214.61037117769783,208.32370504271557,208.3332977294922,2191000,144.6200591496733,144.8174525552601,141.96923295629227,141.988037109375,7943500,157.70955140928402,160.5211932163919,156.23442213481738,156.2542266845703,75701800,275.7337028063448,276.7982703704997,268.47181463240776,268.6238708496094,3723400,103.77386251455106,106.08282326179875,102.83834035547768,102.8781509399414,43427400,93.48313067778913,94.50209337872253,91.88456999906256,91.95935821533203,5635500,82.55271101004814,83.78984066415397,81.35278906320616,81.43650817871094,7299300
2023-03-23,209.12993204535255,213.68896265712013,207.36391107061917,208.1989288330078,2583700,142.11023655106763,142.58964925081395,141.1044366245385,142.06324768066406,9051500,157.24423866782476,159.9370833205621,156.10571123599644,157.34323120117188,67622100,271.142722983038,271.9506339658272,266.3521403778888,269.8595275878906,6005800,104.56010268824097,105.79420800627038,103.96295911766454,105.0975341796875,40797800,92.09022988502419,93.25876896592979,89.27638578118845,90.13642883300781,5866400,81.80857132929907,82.59922269214925,79.28780770113333,79.84590911865234,9373000
2023-03-24,208.16055400850445,209.43708440204745,206.03939847750158,208.8516082763672,1772600,142.39222865715956,143.5954362357388,141.78122996330936,143.49203491210938,5696200,157.27394850099208,158.73916800835937,156.27403774029648,158.6500701904297,59196500,268.57635343705704,270.8290595941126,266.93195916281906,269.0135803222656,3851000,104.49043770663731,104.98805862211833,103.34590808241246,104.93830108642578,30393300,88.39763938655108,89.65031695142962,87.1823630591693,89.21094512939453,8385900,78.60879914458185,78.60879914458185,76.01361968608005,78.08789825439453,10978700
2023-03-27,208.58288595818976,212.4604555812025,208.41970774075313,210.9823760986328,1869900,144.9490276209353,145.2686264506841,143.92442377907753,144.10302734375,6772300,158.34315238139064,159.1648674270664,156.29381212775743,156.69972229003906,52390300,269.7074358864469,270.8385460438752,267.0079887314887,267.35015869140625,4269700,104.12219906093443,104.2615323044318,101.44499620942092,101.97247314453125,31120900,90.03359191297106,92.08087455336386,89.3698626070794,91.12734985351562,6049700,80.05055523734788,80.29240180902568,78.46926656120156,78.7297134399414,6626900
2023-03-28,211.0399244830307,213.93849751937645,210.771182806089,211.57740783691406,1357900,143.24764949647866,144.2440545056572,142.62724150622404,142.71185302734375,6115300,156.3928163743877,156.9076288835252,154.42267925169685,156.0760040283203,45992200,266.9034260529627,269.27021771439706,266.0764862825882,266.9224548339844,3633300,101.95257284782572,101.96251979884079,99.2654154207413,100.54927825927734,32057900,90.87337865933782,92.82987170158397,90.70406662344406,92.11499786376953,3792000,78.65529494604334,79.2227000939825,78.06928949176869,78.95294952392578,5209900
2023-03-29,212.8539644384816,214.84073455614634,212.8539644384816,214.6583709716797,1674900,143.10665733885807,144.17826464399738,142.94685788514232,144.11245727539062,6012000,157.7788549243155,159.4420897633789,157.75906547972215,159.16488647460938,51305700,267.3311670583319,269.935557412408,267.3311670583319,269.33673095703125,3607500,101.793334518348,102.00233439427095,100.1710930472741,100.9075698852539,28779600,93.72345832031907,94.34427150875624,92.81105497290723,93.8269271850586,7596300,79.92963617047198,80.32030649185963,79.39013500475842,80.21798706054688,4873500
2023-03-30,215.70456137957945,216.57796462155224,213.94813291716454,215.3782196044922,1647100,144.36625988365708,144.57306254692105,143.64245056223314,144.22525024414062,4555700,159.9172681392784,160.8478855082498,159.65986944195512,160.73898315429688,49501700,271.23773193359375,271.94112960897655,269.80248043537665,271.23773193359375,3432800,100.4298517146947,100.67866215981911,99.30522364315344,100.40994262695312,33086200,94.63586573822481,94.87102095431693,92.99918744360656,93.35662078857422,5461100,81.16675970439105,81.49231828049032,79.49244831781665,80.09706115722656,4113700
2023-03-31,215.94450132459184,219.65890705509463,215.78133776655503,219.3037872314453,1654500,144.56363529835738,145.87965338648328,144.04664304793602,145.7010498046875,9890000,160.8182007028279,163.35263923391068,160.29349343380431,163.25363159179688,68749800,272.78711229534895,280.92348323064556,272.5685133543078,280.5147705078125,5800600,100.81799706625952,103.39566967562425,100.55923207299183,103.23643493652344,36863400,93.88336368310677,93.96802329036299,93.06502814571242,93.3189926147461,7708800,80.73889580486086,81.73417910940327,80.15288316889792,81.6690673828125,6142400
2023-04-03,218.18078464923644,219.66845639818342,217.36495237470564,219.63966369628906,1980900,145.6540571315875,147.59046892894023,144.704655385872,147.44007873535156,6841900,162.62994654998397,164.62976816550022,162.5804427244333,164.51097106933594,56976200,280.27709913284366,283.22368824796257,280.1535280946534,282.9955749511719,4007600,101.90280629620425,104.0326231198909,101.44499598386052,103.86343383789062,25035400,98.88746566571434,102.65935721832294,98.77459575854286,101.98210906982422,12394300,81.8085749165635,82.15274090250325,80.61795661454308,81.07374572753906,7728400
2023-04-04,219.3613630665926,220.21558085978816,214.44719793864476,217.38418579101562,1753500,147.5528750380926,149.43288872084244,147.19566784849295,148.981689453125,8314500,164.93665022196166,165.1742443629799,163.461521135219,163.97633361816406,46278300,282.77697656832225,284.9631399103046,279.83038714548024,280.3626708984375,2965700,103.83357415733603,105.07762635151548,103.54495313711536,104.22171783447266,24420100,101.8974581346583,102.31132642763913,98.86865785741055,99.98799896240234,5425500,80.92492233209778,81.11095379765129,78.37625435145797,78.89714813232422,6222800
2023-04-05,222.76863732926168,226.19510112408534,218.6415119731144,220.6858673095703,6601300,154.5089164089199,155.72153323896862,152.99550485503036,155.67453002929688,16704200,163.09525716874828,163.40215974161865,160.1846074281314,162.12503051757812,51511700,280.40069291718834,281.0755474797958,274.2033727909306,274.38397216796875,4002400,105.2766800226226,105.59515710589082,103.16677219338038,103.97291564941406,28290500,100.56178011149687,101.47417632230447,99.63056028825761,101.35189819335938,5806800,77.97627605283718,78.62739324334231,77.39026348473743,77.96697235107422,6045400
2023-04-06,221.72245752247022,226.32948101954062,221.68407212834606,222.76864624023438,3675700,156.031712451704,157.19731154375833,154.91310221849952,155.24209594726562,9615400,160.80829044689202,163.3130448064106,160.38259082111486,163.0160369873047,45390100,273.03428429767376,275.4485903557163,270.1732369100796,274.32696533203125,3193400,104.75915364055206,108.65054511701238,103.83357846595176,107.90411376953125,48711500,100.55238289264311,101.34250106093471,99.60235370578619,99.95038604736328,5087800,78.0413837742318,78.50646948552443,77.39956322172166,78.3111343383789,3877800
2023-04-10,220.13879392133273,223.99717764012934,219.41894697765625,222.2887420654297,1880900,154.75334443147293,154.9507378531551,153.82273241344058,154.46194458007812,5354000,159.80836691031573,160.4122772216797,158.48174921205518,160.4122772216797,47716900,271.96964116369423,278.1574753289868,271.5228999580892,276.7602233886719,2799900,106.47097183107455,107.07806234756984,104.61982146300264,105.93354034423828,27067400,100.6840711947506,101.5964746993184,99.33898289782078,99.6587905883789,4374700,78.08789562917774,78.46926935566063,77.60420956524224,78.13440704345703,6185800
2023-04-11,222.34632051122975,223.72842894303685,221.75123709761533,222.22154235839844,1971600,154.55592754385597,155.3643340242197,154.1987203440728,154.41493225097656,5903800,160.7290771287002,160.73897184874764,158.9074365082997,159.19454956054688,47644200,278.2050284080907,280.4957630819372,277.32106026217895,279.2315673828125,2497000,106.04301139046436,106.22215520900343,104.18190658636902,104.84871673583984,26311800,99.7998803537797,100.83456195307683,99.22610100595372,100.41128540039062,4812200,78.40415201349981,79.77150517420912,78.25532117579093,79.14828491210938,5582100
2023-04-12,222.44231111651496,222.98940185502815,220.08122120641696,220.244384765625,2507500,154.1047569157914,154.9507575170967,153.3151544421239,154.08595275878906,5764100,159.61035403821532,160.44196371360533,158.18472881957942,158.5015411376953,50133100,281.5412964303489,283.6704312331404,275.24889088408804,276.06634521484375,3341400,106.07286892315904,106.24205820052738,103.84352190700692,104.14209747314453,24370300,102.03854490946885,102.61231698041031,101.03208096648575,101.14495086669922,8108200,79.53896247024306,80.01334479892817,78.86923789251709,79.50175476074219,4641800
2023-04-13,220.7530559179429,222.36550599228408,218.57431513493185,221.78004455566406,1797900,154.3303257358402,156.35134917396184,153.98252777321647,156.14454650878906,5640600,160.01627300479524,164.1446374499689,159.8083630212289,163.9070281982422,68445600,276.4940572128093,277.995851278293,272.1977305053186,277.6916809082031,3505800,105.33638488558677,106.97853531836758,105.33638488558677,106.9188232421875,24843600,101.53062602392458,103.37424219542554,100.75931714425207,102.5653076171875,7160100,79.42734372193071,79.79011003876366,78.54368363664953,79.7063980102539,5086000
2023-04-14,221.81841094596766,223.2581046655827,220.16756097585,221.41529846191406,1525700,156.01293729131265,156.15393258078774,154.2175207740434,155.89073181152344,7225100,162.94674189589546,164.65948057952454,162.18444039601638,163.56056213378906,49386500,277.691738289763,281.54132462642957,276.9598553798276,277.7297668457031,2653200,106.38139243712666,108.42164110764425,106.33162731127321,108.35197448730469,26578000,102.97918473522303,103.48711373287892,101.69993966946609,102.057373046875,5052100,80.39471214729724,81.29697951563699,79.99473817256862,80.65515899658203,7865900
2023-04-17,221.47292890765675,222.2503613311012,219.55333689112234,220.0908203125,1535400,155.79673387519676,156.2667372802637,155.04472555841656,155.73092651367188,8046400,163.4417206444433,163.73872843453088,162.39230621171848,163.580322265625,41516200,277.26401124257205,280.87594067027305,277.1214114171124,280.7808837890625,2621900,104.16201021070087,105.65487290751938,104.02266937335287,105.46577453613281,37571200,100.4583074530816,101.29545941716,99.25430676326964,99.3389663696289,6278800,80.60866703024197,83.07361587177175,80.2458936098753,83.05501556396484,8876900
2023-04-18,221.01222392257688,222.4615105768291,219.16941740252406,219.99484252929688,1282700,154.3961528062441,154.80975818937029,150.0721147833031,151.35052490234375,14571500,164.4416518212544,165.73857027099072,163.99613256812546,164.80795288085938,49923000,281.6553643823435,284.43083964632194,281.27516586762846,284.15521240234375,2847800,105.98329077756064,106.03305590180257,103.57480758885212,104.00276184082031,26596400,98.75578060222688,99.42362054165562,97.91862862348047,98.71815490722656,7745300,82.9061878231016,84.21773311699106,82.5434214857802,83.57591247558594,10227600
2023-04-19,218.23841025910988,220.3307584239549,218.0464393506854,220.26358032226562,1340900,152.2717147460338,152.9203074238971,151.50090224446643,152.77931213378906,6752000,164.14465925023921,166.48109766330478,163.8872454167369,165.95639038085938,47720200,281.77895964430127,283.52789616813607,280.44822121749473,282.2161865234375,2889300,103.08715206626977,104.48049216706148,102.57957659955501,103.68429565429688,20905700,97.68347908124932,99.52709518505758,97.35426320134926,99.00975799560547,4717500,81.05513018465922,84.3665378916825,80.45982109343356,84.13399505615234,13886200
2023-04-20,219.5533133949521,222.14475941087707,218.95824462001352,220.15798950195312,1314900,152.68532553953136,153.9919489999229,151.30352848693042,153.76634216308594,9498800,164.43175373561738,166.19398100625685,163.90704646438456,164.9861602783203,52456400,281.3226725547619,286.39839656399283,280.8759313344799,283.79400634765625,3371800,103.4155706266589,105.74443260354953,103.37576004674304,104.78900146484375,27820800,97.30721579901854,97.73049945139554,96.05619562878945,97.61762237548828,5351600,83.57590109214487,85.40833993431481,83.45498136172284,84.11540222167969,6776000
2023-04-21,220.5418852395235,223.15253107577774,219.5340966862459,221.17535400390625,2180100,154.57473001902025,155.07293250627342,152.25291193237263,152.92971801757812,7014200,163.40213579346278,164.78815208279067,162.8477292777316,163.3724365234375,58337300,286.69307856276436,288.1949019531304,284.53542937117015,285.1912841796875,3506700,104.9681517132192,105.49562864153211,104.2814324554801,104.90843963623047,25800100,97.91863576658147,98.01269642276017,95.59530095949052,96.18789672851562,5279000,84.16191587664889,84.9618567943375,82.94338645203659,84.7572250366211,6531000
2023-04-24,221.71286608506776,223.28693086886307,220.6762846939844,222.82623291015625,1374300,152.9297385690199,153.98254180154643,152.15892595708561,153.86033630371094,5278900,163.3526447044582,163.94666036414364,162.25372630855222,163.67935180664062,41949600,285.1532455023907,286.95921025578156,284.411848224376,286.71209716796875,2515400,104.98805513219027,106.12263017432495,104.20181320069477,105.46577453613281,23542800,95.89630143313043,97.77754330274648,95.72698937781026,97.495361328125,5215800,84.85954125824806,85.0920841118481,83.29685299819005,83.90145874023438,5004400
2023-04-25,218.92943434146326,220.70504783701517,215.33019998454742,216.40516662597656,2201400,154.45252333683516,155.43013849380557,154.31152804658282,155.27032470703125,6263100,163.54075445626503,164.64956760321772,162.09532436989073,162.1349334716797,48714100,286.579040664806,287.7101509734195,281.4748016961218,281.6648864746094,4529500,105.32643992429568,106.1823484668057,103.34590330520571,103.3558578491211,46664100,95.56707479291036,96.32898254434443,94.51358405728584,96.0279769897461,5355800,83.38056890775835,83.55730375566314,81.75276885664157,81.91089630126953,5806700
2023-04-26,215.41660872479144,217.28820792745003,212.78676250841212,213.81375122070312,1813500,154.24571805475134,154.5277229738185,152.50671401667472,152.86390686035156,5518200,161.43202227134714,163.6298592139988,161.174623524589,162.12503051757812,45498800,280.8094366971049,281.32272072063176,272.87266464119904,273.8136901855469,4037400,104.42076383754022,105.84395986079909,102.14165929158905,103.21652221679688,53347600,95.31311543865361,96.06560783640602,93.73287207409544,94.50418090820312,4295000,81.9946079706701,83.52008845505654,81.77136882815229,82.26435852050781,6429100
2023-04-27,215.12867227504583,217.2402205206659,214.0440981215447,216.85630798339844,1535200,153.12710869084026,153.60652135959626,152.40331375035544,153.2211151123047,5739700,163.54073931024718,166.87708827078586,163.54073931024718,166.7285919189453,64902300,273.74714421370385,280.1250643474746,273.5570304273056,279.3836669921875,3133600,103.95300525177885,107.85435896406044,103.04733914233148,107.07806396484375,50089200,94.48536485864501,95.87748692355602,93.88336806743156,95.21905517578125,4196700,83.16662353566628,84.60838486542588,82.68293046114039,83.95726776123047,6375800
2023-04-28,214.62954491327008,219.4189315132978,214.62954491327008,218.62229919433594,1608300,153.04249916685737,153.93550272523865,152.8074974755273,153.8791046142578,6023400,166.80779457565893,168.15421688581486,166.2038842356674,167.98590087890625,55209200,279.2315873374533,285.9327068433007,278.86090315605713,285.66656494140625,4062300,106.53068615790889,106.83920869473445,104.5899600378611,106.82925415039062,36139800,94.59823187195943,97.57059699129479,94.36307667617785,96.78047180175781,6637400,83.92443314074904,84.75007778547568,83.65235350985311,84.41231536865234,6374500
2023-05-01,219.2653531083516,221.89519893896264,219.1405896100252,221.30972290039062,1122100,153.78514099121094,154.4431429799806,152.50673098015804,153.78514099121094,4893400,167.58988704485296,168.74820381228082,166.9562774855819,167.89678955078125,52472900,284.1836935256335,284.7349769567832,282.6533562471718,282.967041015625,2970000,106.33163086061985,107.47616045562452,106.31172936546945,106.6899185180664,26681700,95.54827698951718,96.89336522333387,95.12499325989,96.44186401367188,3644900,84.61871710073837,84.92832664990438,82.40450024078598,82.49832153320312,7745400
2023-05-02,219.9564542697895,220.73388671024412,217.42259333833636,219.2174072265625,1102100,154.48074165213552,155.55234902173643,153.74753736469108,155.1293487548828,7541700,168.3918123170909,168.6492261368123,165.86726857821876,166.85728454589844,48425700,283.6704059339104,283.88903383006107,276.6461181774747,279.7162780761719,3413200,106.63020263275621,106.68991470916808,103.21652305785557,104.81886291503906,30997200,94.88983333966353,95.3695520056763,91.6917280365595,92.78284454345703,8100100,82.16056264698474,82.16056264698474,80.05893554344797,80.95963287353516,6319100
2023-05-03,218.89106797344274,222.3751320533062,217.88327926943916,219.33258056640625,1356500,155.61813322803374,156.21032777612388,152.76050443892336,153.09890747070312,5937200,167.8077034423993,169.21352427793394,165.4910697460863,165.77816772460938,65136000,279.9824806470817,283.97463791968863,278.0244305677688,278.5757141113281,2743400,105.02786379020792,106.97853676712556,104.46057627953847,104.90843963623047,21795400,91.08031905481423,91.78578469562146,90.01741289645605,90.3842544555664,9085100,81.06283933953053,81.79465548090216,79.34588167978558,79.51476287841797,6546500
2023-05-04,218.94865542502413,219.6301170183584,215.96368932567944,217.26901245117188,955100,152.92032793326743,153.12713061540603,151.57612484273463,152.40333557128906,5128000,163.243711633137,165.37223965151196,162.6695006318279,164.1347198486328,81235400,278.23352086925365,280.010971413438,271.2092321758417,271.60845947265625,4422500,104.98806056672765,105.09753777760864,103.47529629660639,104.1918716430664,23419500,90.48771858446075,92.66995856534388,90.12087704456334,91.57884216308594,6840000,78.97059030865847,79.2332928079789,76.5687307056074,77.5069580078125,10359200
2023-05-05,218.00804457434612,221.68406470355305,217.46096851578696,220.08120727539062,1157900,153.07072315287073,153.3433331914978,151.9897209340363,152.92031860351562,5193700,169.27292902501793,172.55978934902075,169.0551242996228,171.8370819091797,113316400,272.9582225324154,276.4750953886747,271.94116892772587,275.2869567871094,3806300,104.32124140643722,105.37619524656543,103.61462066511625,105.06767272949219,26625100,95.1155914329469,95.56708546251673,93.06503750969944,94.41012573242188,5566700,78.6140696445103,79.7680852636853,78.45457271472294,79.63673400878906,8286500
2023-05-08,219.84125474498492,222.33671530824455,219.84125474498492,221.45370483398438,1058100,152.27171503170808,152.81692072675915,151.66070197223894,152.572509765625,4994900,170.75794076749395,172.1142728432519,170.39163971305302,171.76776123046875,55962800,274.6976260454547,275.4960516506638,270.3632990415835,273.6805725097656,3736500,104.67953705638796,107.44630815726045,104.65963556054464,107.25720977783203,26511400,96.02797956651959,96.64879277498618,94.62645650305844,94.90864562988281,5058900,80.19968019385485,80.28411722279725,79.11133298899566,79.21453857421875,5825300
2023-05-09,220.551508316698,221.78965331272346,219.17900711673204,219.4381561279297,969500,152.0461092315151,152.4033164273149,151.14369633705056,151.3881072998047,5520500,171.32225761857964,171.80735575023974,169.8867375588741,170.05503845214844,45326900,272.00767496096944,276.6556574595515,271.6179620713483,276.19940185546875,2570000,107.8742552366085,109.62588288426798,106.67996814548604,106.83920288085938,36360100,94.07150290961111,96.52652415514939,94.0150607728662,95.5012435913086,4896100,78.81109458794081,79.66488488186789,78.52962352974134,79.15824127197266,4381400
2023-05-10,220.43633632872886,220.9450270157944,214.91750955990636,217.23062133789062,1480800,151.5291024442551,152.25291174011824,150.4574952012606,151.9521026611328,6756600,171.29257694818676,172.29248769554175,170.1837487273319,171.82717895507812,53724500,277.2734972351391,279.041462406222,271.7700605905858,274.72613525390625,3571000,107.45626399131446,112.40261721138486,107.41645340605741,111.21827697753906,63153400,95.93392148739015,96.18789314361203,93.63881142142236,94.50418090820312,5285900,79.8149909615611,79.95572647907836,77.68521827789971,78.54838562011719,4884900
2023-05-11,217.40337935911538,217.40337935911538,214.39922793920474,215.80052185058594,1286100,152.12132848040295,152.4597315606773,149.82770919669534,151.33172607421875,5867600,172.11426641943214,172.8468685009711,170.45103188917147,172.0152587890625,49514700,274.450478347595,275.1253618989681,270.91457702112166,273.45245361328125,3859700,114.85090401178836,117.35890998003737,113.86561676637899,116.01533508300781,78900000,93.00859662788969,94.17497176880401,92.69819716951297,93.95862579345703,5671700,77.66646185786279,77.70399181227081,76.57812181245737,77.52572631835938,6717800
2023-05-12,216.1844413233886,216.89468094113704,211.40464703015698,213.96730041503906,1641200,151.67952889701985,151.8675274268629,150.41051371968467,151.1343231201172,3904200,172.1243165202818,172.5605284867848,169.52689179090092,171.0833740234375,45497800,273.7471162638088,276.57013456057086,273.2243469155258,276.0948791503906,3436100,116.12480660274282,117.46838143400169,115.55751911429611,116.95085906982422,41073800,94.66408269041511,94.95567286031294,92.84868414520727,93.52593231201172,5003900,77.87287163596851,78.12618987606072,76.62502751710917,77.30055236816406,5208200
2023-05-15,212.86354489771287,214.47600971138976,212.29726880135016,213.47781372070312,1863900,151.15309688337376,151.36929443205344,149.4046836549915,149.97808837890625,5104500,171.66828335580215,171.71785564660993,169.9928397669383,170.58767700195312,37266700,275.57214676090433,276.522657708744,272.73961369371676,274.26043701171875,5353600,115.55752158860936,117.91624729796742,115.45799893103178,115.95561981201172,36266800,93.91356974544516,94.9724919000168,93.09100796034795,94.82122039794922,5838100,77.56325573103858,78.22939631138811,77.16920194966677,77.82595825195312,5032100
2023-05-16,212.46041681070432,214.38000857276512,210.5120323438384,212.37403869628906,1529700,149.5174846588635,150.63609508579646,149.01928218452016,149.7806854248047,5599200,170.50836436212853,171.64845141401116,170.3199987334625,170.58767700195312,42110300,267.8064130424091,271.93162635870965,263.3770293138767,268.3576965332031,12362100,115.93571827523857,120.1754505833764,115.87600619542154,118.94135284423828,45035600,94.4241320254803,95.07650170040274,92.10772520321537,92.72228240966797,4822200,77.6101674131587,77.93854555351214,76.75637709013317,76.80329132080078,6862900
2023-05-17,212.57560023186244,216.94267467850494,212.23968044078148,216.8083038330078,2702400,150.20368466116557,150.4574905207432,148.3048811967629,149.45169067382812,6840700,170.23080851956607,171.4402848957753,168.95191277084518,171.20236206054688,57951600,268.18661072936453,279.49768320795954,267.2931282757354,277.91986083984375,7956900,119.04087149490434,121.09106715915512,118.3242961888887,120.2650146484375,33323600,94.11212412134873,95.92742555119186,93.1855599590142,95.21832275390625,5013700,77.44128010953,78.73603117164464,77.4037501595708,78.72665405273438,8216700
2023-05-18,219.88924060099504,224.73619804864546,219.20777908648367,221.16575622558594,2560600,149.14149874023033,149.3952902769315,148.10748540911314,148.9722900390625,5173000,171.50963430597616,173.73034253127065,171.09325435010916,173.54197692871094,65496700,278.16700381401904,281.284678346667,277.16897899084165,280.55279541015625,4547000,120.37449262022581,122.72326387464808,120.25506846385703,122.24555206298828,35234200,94.7361263578416,95.35068352913834,93.83793240904612,95.2466812133789,5503400,78.52962020998324,79.32711912179953,77.89162537539384,79.27082061767578,5367700
2023-05-19,221.9624196801592,222.20236868231314,218.74711183849138,219.8700714111328,1583100,149.0756862776949,150.33529204283428,148.6526860542814,149.37649536132812,6524000,174.8704617599002,174.8704617599002,173.43295602393476,173.65106201171875,55772400,281.12308600978355,281.12308600978355,275.6006205328737,276.4845886230469,4469900,122.96212233272476,125.37060556659539,121.56878235183454,122.1758804321289,41330300,96.74999044104247,97.94127798439077,96.27725522795816,97.00526428222656,6067400,78.6140759122158,79.20515660637426,77.15044343633366,77.15982055664062,11177500
2023-05-22,219.81248679409552,221.17539537385258,218.26721462878564,219.48614501953125,1024400,149.64168370193582,150.7213762847597,148.4862214438065,148.5714569091797,5675900,172.48118909452026,173.20491116640216,171.9557561601792,172.6992950439453,43570900,276.3420248977881,278.49015965523364,273.82314798471623,276.2754821777344,3736200,122.35502582680218,125.82841748352126,122.15597291663258,124.45498657226562,35253000,97.128176157176,99.1987514023195,96.83507543173413,98.07364654541016,5561900,77.16919636700959,78.02298665632286,76.85020251700661,77.18795776367188,5520000
2023-05-23,218.12322126542685,220.30196216203709,216.72192738661326,217.5281524658203,898000,148.78928477097193,149.89738906108897,148.09789197459517,148.51461791992188,5793000,171.6385439691014,171.88639029719062,169.80447509030535,170.08206176757812,50747300,274.96373389158975,283.0335604450941,274.96373389158975,280.3436279296875,5352200,123.56921471447752,124.03697194132886,121.62848881852831,121.97682189941406,34046300,98.76383736375084,99.81331008742734,98.31946512050823,98.6976547241211,5415700,76.93463794996026,78.40765451219013,76.83143237518377,77.53510284423828,5521200
2023-05-24,215.9540944234741,216.83710496323337,213.583397193066,214.56239318847656,1031900,148.7703538083865,148.82717745185212,147.67171519609104,148.37257385253906,5015100,169.61609547644804,170.93463964845503,169.05101376120967,170.35963439941406,45143500,282.65335606747976,282.7959268679206,275.81918196260426,276.69366455078125,4978200,120.54368432083105,121.32992621989823,119.28967758115877,120.3247299194336,34182600,99.73766789074958,99.91730957037005,97.82782090614003,98.31001281738281,5141900,76.94402792824195,77.15043909308876,75.75247517048327,76.20282745361328,6827800
2023-05-25,215.57017058701985,217.2498134555664,214.86950901722173,216.03086853027344,1015400,147.79484995359627,148.0221445385763,145.58810683102092,146.24160766601562,6886100,170.92475054539574,172.4019050243478,170.21095188854838,171.499755859375,56058300,277.34957335909803,277.34957335909803,271.9031356612274,272.5589904785156,5355900,123.92750849840978,124.72370499429998,121.37969186050914,122.89246368408203,42317000,96.38124978965426,96.81616528506103,95.01977017734346,96.14488220214844,4951900,76.19344355436168,77.99483837962013,75.97765526866347,77.87287139892578,6962700
2023-05-26,216.70273199853855,217.72972071175627,214.8983108962322,215.1382598876953,1217900,146.50677893940824,147.06556400428752,146.04269512446825,146.1847686767578,6845400,171.82690796374212,174.2557989304357,171.61871039409903,173.91871643066406,54835000,272.7966382618934,278.7848455476524,271.5514712580061,278.3381042480469,4626100,122.58393158206252,124.66399090771507,121.86735626591603,124.01708221435547,35635900,97.07145095946625,97.24163593178706,95.37905796065573,96.2961654663086,5709500,77.84473333400312,79.41157147088606,77.71338206253434,78.71728515625,7411600
2023-05-30,216.50117223337347,218.2384005015441,214.61037310345912,217.04824829101562,2073700,145.8248556999388,147.1602689553349,145.20924703975044,146.2036895751953,5593100,175.4355461600694,177.44805707235744,175.04890650518007,175.77261352539062,55964400,278.7658365602916,279.8779470803635,274.6501371121993,277.92938232421875,5193300,125.04217814334058,125.06208723131287,121.41949862779474,123.08155059814453,35076700,95.20885968196296,96.050327701566,94.57539628983324,95.68159484863281,6721800,78.96122307081822,79.34589259064528,77.976081416978,78.26692962646484,5876800
2023-05-31,214.71599668848262,214.90795298363128,209.0627981211942,209.2163543701172,3001600,146.51623671853187,147.453870086667,145.71121110591852,146.85719299316406,11324600,175.80238088733307,177.8049837003616,175.23728392863376,175.7230682373047,99625300,277.2400754467891,277.63259399941217,269.93546148870837,271.3619384765625,18288800,122.16593049458432,123.46969481793454,121.91712004551185,122.28536224365234,37325800,94.00812431728512,95.48305586684592,93.81903311829365,93.88521575927734,22757300,77.9291562056875,78.13556735422529,76.11837725456886,76.70946502685547,9559200
2023-06-01,208.76520290247353,209.19712277779914,205.21396096809872,208.55404663085938,2170600,146.3647003173828,146.83824990543795,145.048233040653,146.3647003173828,7901300,176.16916396782793,178.56831456742498,175.4057930547119,178.53857421875,68901800,271.93633684884816,276.88586887988686,268.0399290635245,276.0912780761719,4305100,122.23559799694154,123.82798336385527,122.03655267348697,123.13131713867188,30772700,94.1404808117539,95.47359744431537,93.01536880668709,94.1026611328125,5857800,77.47882607723515,77.72276006524099,76.43739301440962,77.00032806396484,6857500
2023-06-02,209.74421327085128,213.70817533459126,209.54266431745816,212.82516479492188,1541200,146.53516485201015,148.98814790103123,145.93848783137847,148.6661376953125,7657200,179.47047169338217,180.21401063542314,177.7157155545107,179.3911590576172,61945900,278.2548353445144,283.5777193550794,277.36450345287403,283.3192443847656,4514600,123.40003273525558,125.5497587390049,123.17113136582034,124.07679748535156,26963100,95.83289185077876,97.31728026883171,95.00088039549101,96.76890563964844,4958000,77.8165761632594,79.44908969477979,77.8165761632594,79.13947296142578,6218100
2023-06-05,213.03630599299078,214.2360508769172,211.4910339966806,212.19168090820312,1187900,148.45778017976687,150.24779685554566,148.45778017976687,149.94473266601562,6430500,181.05670243794387,183.35670847100744,176.50623240767692,178.03297424316406,121946500,283.0129238748281,283.10866509744085,278.9441702508007,280.60040283203125,3028800,123.41993964810082,126.82366483426891,123.2507427687404,125.4104232788086,32305500,98.56529924949092,98.56529924949092,95.46415717544429,96.5041732788086,5153900,79.18638739900148,79.49600413317017,78.07927887284892,78.56715393066406,6631900
2023-06-06,211.1551146626744,211.8173762291865,209.76341342691708,210.6752166748047,1474700,151.1380812450447,151.16649306288278,149.07339762210086,149.8121337890625,5073600,178.41960027979346,178.56830201271356,175.90147333520082,177.66615295410156,64848400,279.37494724896436,284.2574566738787,279.21218427448423,283.3766784667969,2855400,125.41042147669415,127.67956397510677,124.76351278739155,126.70423126220703,26638300,95.53978801394025,97.13762810506383,94.87795439754792,96.38125610351562,3622400,78.43580237653597,80.90334480479886,78.12618564355824,80.55619812011719,6903900
2023-06-07,211.5870281875862,215.7813467242242,211.17432293165308,215.5701904296875,2141500,149.73639059896792,150.39935715439898,149.11130165316703,150.13417053222656,6504300,176.90278572567038,179.64892709288569,175.7924390908418,176.2881317138672,61944600,284.6308515408704,289.3123255742412,284.4393690973826,288.8336486816406,4842700,126.3658381831414,128.42598057792483,121.5389175209611,121.91710662841797,52539000,96.74053019497723,99.72822009531247,96.74053019497723,99.0947494506836,4827700,80.73447774216059,81.63517526649693,80.4811523133146,81.15667724609375,7410800
2023-06-08,216.02126887895002,217.2977845300066,213.18026658894388,215.9636688232422,1631500,150.11521519168366,151.93364382448408,149.47119470680246,151.7821044921875,5818400,176.367453055308,179.2821284929526,175.93125619506344,179.01446533203125,50214900,289.27403992776084,292.42374224326204,287.96246984096234,288.2496643066406,3757300,121.64841360475143,122.64365544606527,120.66311871482401,121.558837890625,29389200,99.13257870993924,99.8133186119071,96.99581339839949,98.83948516845703,5231300,81.06285300608246,81.54135100922954,79.91821437327553,80.97840881347656,6795900
2023-06-09,216.62968715020045,216.65864199828135,213.50243100729296,215.9733428955078,1654200,151.93364799262284,152.22724642476066,151.03390666625597,151.5453338623047,6264400,179.93643394119178,180.6601409825454,179.0739335613958,179.40109252929688,48870700,288.1443270220793,288.57511865722756,283.4724362934743,284.66912841796875,3485800,121.66830847720398,123.17112570184304,121.3299299142625,121.64840698242188,23762500,99.12311620135884,99.69985373946312,97.97909784917226,98.22492218017578,4085100,81.38183421516831,81.5882453670168,80.36855416862174,80.88457489013672,6282600
2023-06-12,216.6200209849485,217.25705708440967,214.95988906264395,216.73585510253906,1437000,151.53586254531118,151.77263733053823,150.33304258991367,151.44114685058594,6510600,179.70841552076647,182.30584013644759,179.4109969086846,182.20669555664062,54274900,285.6743370337428,289.7047879132572,284.95632176176656,288.0294189453125,4456600,122.20574275748704,123.45974956411615,121.0811222457333,123.05169677734375,28306400,96.6365269547881,98.47074180559119,95.89906121038545,97.21326446533203,6049600,80.87519010528993,82.22623970301485,80.6969317864446,82.0385971069336,7053500
2023-06-13,216.3980312994123,221.02135169699355,214.28423904556752,220.905517578125,2341800,151.28014544867446,152.3314260989822,150.73082619925734,152.23672485351562,6066800,181.22526434191118,182.56362563080822,180.868364972737,181.73086547851562,54929100,289.50372115990285,291.1503705112371,285.93281095040555,287.28265380859375,4043400,124.38532088531461,124.56446470926541,122.59388264580667,123.24079132080078,22278300,98.18709733721383,99.71876194676933,97.59145359573662,97.7710952758789,4904300,82.41388362487,83.48346934567921,82.17932679694205,82.82670593261719,6089200
2023-06-14,221.76452261529303,224.3705764648022,220.1333456926808,221.6776580810547,2091200,153.05122824048428,153.50583178550505,152.46401694109687,153.01333618164062,6699100,181.79033583961464,182.8015531826157,180.45197462688512,182.36534118652344,57462900,288.1539090016809,289.647378582486,283.0225066914519,286.9284973144531,4176000,122.5142630804105,123.45974733869542,120.87211260494071,123.08155059814453,30592300,98.73547928997645,99.22712074963654,96.47580549365267,97.07144927978516,4915300,83.12693866358573,83.96196040114867,82.22624130030793,82.54524230957031,5772500
2023-06-15,221.77417944445324,228.6367573349097,221.77417944445324,228.21206665039062,2321600,153.47743791977504,155.239043120824,152.89022655170018,155.0685577392578,7138300,182.37524971506843,184.91319370821412,182.19679249165128,184.40757751464844,65433200,288.01031365883483,290.48985649466607,286.8040385217907,289.1399841308594,4109700,122.55407071303016,124.86303131123523,121.81759393072211,124.49478912353516,35246300,97.27945411352115,99.567490873432,97.22272819474608,98.47074890136719,4614600,82.21686778729263,83.81185872621907,82.00107948516549,83.54915618896484,8603200
2023-06-16,229.09039991636018,229.71777450182304,225.23924368888245,225.3357696533203,3288900,155.77887380119944,156.26190364665422,155.2011427058265,155.54209899902344,13425100,185.12135487176403,185.37912470625074,182.68255574170084,183.3269500732422,101235600,291.36102833117985,292.93110245944666,287.3401602272959,287.5699157714844,10808400,125.33079673890096,125.5099405617093,122.69340452264717,122.94221496582031,45514000,99.14203506583085,99.7282293599827,98.53693453596902,99.19876098632812,9928200,84.08393901034911,84.11208468599605,82.50771675115982,82.64844512939453,13144000
2023-06-20,226.42645309644394,226.5712420537345,221.95758338841523,223.58876037597656,5215800,155.5705007574023,156.56495775254098,155.14430903136747,155.4473876953125,7995800,182.82136138571053,184.49680491343358,182.82136138571053,183.4161834716797,49799100,286.98589521719674,289.83881963262064,285.5115916211423,288.55596923828125,3371100,122.34507768010195,123.97727366337496,121.55883572827894,122.51426696777344,26097500,98.45183319944306,99.03802746238094,95.51141958745242,96.46634674072266,8590000,81.7195912802973,81.82279684948205,80.92209955686529,81.37245178222656,7382000
2023-06-21,216.01193865108547,224.27405501509983,215.47142856787633,217.98094177246094,7126000,154.92648442326788,156.19559384645922,154.08356673752598,155.2106170654297,7177500,183.30714894064778,183.8127651610623,181.01705115534045,182.37525939941406,49515700,289.9537229961862,290.6238823016431,287.37843909441574,287.87628173828125,2713300,121.8175903515394,122.07635532970119,119.52853131499121,119.97639465332031,30306300,96.24888492519214,98.73546935946861,96.24888492519214,98.04527282714844,6477500,81.21295718295113,81.88848202072684,80.96902322561505,81.00654602050781,6343100
2023-06-22,217.17983006316817,226.61949285486324,216.5910569769551,224.82421875,3592100,155.22953938914165,156.9532667176599,155.12535790827974,156.85855102539062,5485900,182.15715766621673,185.43864089866383,182.08775342754114,185.38906860351562,51245300,288.6421145628168,289.9153820140901,286.8231485398062,288.33575439453125,3052000,119.429020209191,122.65360162877322,118.26458908449361,122.56403350830078,26952200,97.04308915094342,97.27000004560746,95.58706375122847,95.8990707397461,4967700,80.23720116579916,80.3404067486756,79.14886114379314,79.28021240234375,6214600
2023-06-23,222.623568958057,225.65429902156347,222.14096853566556,224.2547607421875,3028000,157.32264451188783,157.4741838482441,156.29977566886276,156.72596740722656,9450700,183.95155271461957,185.94423180057566,183.41619616013958,185.07180786132812,53079300,287.5124734137196,289.4271808351491,286.34450071800296,287.9815673828125,8525900,120.80244235467579,122.20573688397315,120.48396529451563,121.75787353515625,34885300,94.57539632053636,95.41686434041259,94.19720674440445,94.98194885253906,7149000,78.11680551988879,78.73603180392281,77.49757207774866,78.41703796386719,10017300
2023-06-26,224.76632718919208,228.80087457947417,224.49607211743694,226.754638671875,2205800,156.25243706692183,156.25243706692183,152.79553043354463,154.97386169433594,6978800,185.2205087707664,186.42999999051133,183.63428631385352,183.6739501953125,48088700,289.76228609192407,296.0233588778694,289.10170963584704,294.7596740722656,4440100,120.1853997584649,121.41949744247009,117.70724225347334,117.77690887451172,33969900,95.2673040977884,96.89377171790714,95.11511642828354,96.36112213134766,4361000,78.39828407010305,79.03627902762497,78.1074358488279,78.42642974853516,6377400
2023-06-27,227.87425238941066,238.29842393160692,227.7970345583964,238.17294311523438,4162000,155.02117777290178,155.21060915908447,153.84678410744954,154.6518096923828,4927500,184.28863684003687,186.7671004131867,184.0705308354124,186.43994140625,50730800,295.0085343078103,302.0067874581214,294.7596422148819,300.3601379394531,5342500,116.52291548374876,118.51339914725075,115.54757514767203,117.7669677734375,39535900,96.07577815339485,96.65598092613146,95.42899509149373,95.86652374267578,3816900,78.72666348252433,79.62736091511113,78.22939695458267,79.21453857421875,6639900
2023-06-28,237.43940226624093,241.10716833623795,236.56106598334932,239.79449462890625,2980800,154.56658899617577,154.56658899617577,153.344837367536,154.33929443359375,6780400,186.31103877905792,188.26406909954764,185.9838949305078,187.6196746826172,51216800,298.6943387509807,299.5942535191222,293.00765573362474,293.4384765625,4025600,116.53286076190481,119.81716179676539,116.2940048517799,119.60816192626953,27091400,95.89506224493978,97.70225094897815,95.07707164476143,97.50251007080078,5463000,79.31773993476322,79.33650133193773,78.47333389978006,78.80171203613281,4781600
2023-06-29,240.0454431652716,241.29056048192845,239.51457976389838,241.28089904785156,2314400,154.0362047165223,155.62733879858087,153.6478905978048,155.41897583007812,4547500,187.45114025988062,188.43261718372244,187.31234691859044,187.9567413330078,46347300,293.69694049660274,294.9893737185597,291.0642180584405,294.6925964355469,3279700,118.67262791972016,119.48872587696212,117.73710580825735,118.53329467773438,24090900,97.50249081209253,98.26340725627554,96.83668075963791,98.02561950683594,4260300,80.06831623467374,80.74384105190428,79.40217569493429,79.97449493408203,9066500
2023-06-30,241.30021258897526,241.37743042433925,237.1015829988086,239.27328491210938,2604200,156.13876607457928,157.16163488832947,155.6557507118026,156.76385498046875,7580000,189.9791732182635,192.8046122965116,189.61235036422667,192.29901123046875,85069600,296.3775427109872,298.1486528820005,295.1521311555393,297.3923645019531,3229900,119.59820461658656,120.50387829421939,119.12049280738276,119.13043975830078,29519700,98.68193530441364,99.30018502513222,97.53104324299359,98.54877471923828,6999600,80.70632260109501,81.14729065063321,80.12462615966797,80.12462615966797,6188200
2023-07-03,238.51076462388446,239.72691230105275,237.61312024270697,238.93545532226562,1281600,155.64628292268532,155.69364077417808,154.3392958213256,154.7086639404297,4033700,192.11066863921243,192.20981323378058,190.10806582219766,190.8020477294922,31458200,296.56907255165595,298.11998110396956,295.72659649456693,296.798828125,1483300,118.67263503107024,119.61811933616502,118.25463528006463,119.32949829101562,14467900,98.8721679575396,99.8613661125642,98.56779985266341,99.13849639892578,2234000,81.0065523159884,82.24501938689663,80.53743860419851,81.07223510742188,5839300
2023-07-05,237.64209092280353,241.65731498121698,237.62278278338852,239.6786651611328,1613300,154.3677052210157,155.24850054830173,154.1214501777501,154.1972198486328,7224600,189.91970062749374,191.31754248795588,188.97787243386384,189.6817626953125,46920300,297.2583073014192,298.98153217903956,296.77004759244375,297.5455017089844,2496000,118.67262585976906,122.02659333927569,118.66267890915145,121.17068481445312,27584800,99.87086724919098,99.87086724919098,98.10172559166874,98.93873596191406,4154900,80.64064109869338,80.95025785453826,80.0777060977707,80.61249542236328,6734300
2023-07-06,238.0667910279946,240.65353704340495,238.0667910279946,239.05130004882812,1712900,153.6668630433087,153.78051033599726,152.482988905841,153.05125427246094,6332500,188.20460802565435,190.36583614793244,187.57012195006965,190.1576385498047,45094300,293.75443645829176,294.8458338139259,288.68047300521926,289.1399841308594,4828300,119.22996777471036,119.72758866259632,117.83662777001128,119.53849029541016,24745200,97.77834539727164,98.56779537118652,94.4968694322905,95.43850708007812,6004500,79.60858992289144,79.67426555165044,77.89163213919736,78.18248748779297,8546800
2023-07-07,238.17295674323591,244.32129618036214,238.17295674323591,242.5067138671875,2423500,151.98100843454537,152.52084745894064,150.77818841475033,150.82554626464844,7021700,189.76107572138073,191.01021583133178,188.60115666342472,189.037353515625,46778000,289.1112337082726,292.59601519029854,288.0581680140999,289.8962707519531,2951100,119.52853643899117,120.47402068726721,118.83187022918119,118.91149139404297,21692600,95.63825432281982,99.49992580242132,95.22925902399201,98.18733978271484,7391700,77.88223898922355,78.84861182410384,77.77903342840088,78.21061706542969,8217300
2023-07-10,241.744203600818,243.7421616376434,240.64387525629783,242.931396484375,1573000,150.9960076789992,151.81999375092306,150.5887619889977,151.07177734375,5739200,187.62957811566648,188.3533002828443,185.42870151973196,186.9851837158203,59922200,290.2696477681616,297.28703739486144,290.2696477681616,297.0476989746094,3246700,117.73710794498514,117.74705489595593,115.58738201288969,115.89590454101562,35315200,97.82589773697423,99.35725172240329,97.73078406999946,99.25262451171875,6405900,78.26693034430977,79.17701209498198,78.04175776580657,78.2481689453125,6141200
2023-07-11,243.23061829630421,249.87120496903466,243.21131015519612,249.40789794921875,3039700,150.71189185856812,151.81999612616156,149.2628313200547,150.23834228515625,6607000,187.53046059023825,187.66925393721883,184.99251645839882,186.4597625732422,46638100,299.56555405068434,301.154764721312,297.48808363692723,300.2835693359375,2913800,115.73667231326417,117.14991387720602,114.80114257142738,116.58262634277344,23078800,99.87087725821269,102.35338250202489,99.72820312507366,102.19168853759766,5648800,78.71728086098292,80.15276764806868,78.45457833237992,79.71179962158203,11057700
2023-07-12,250.88463429281018,253.49068820822765,250.38274048598785,252.50616455078125,2068300,150.5319436041408,150.5319436041408,149.52802080144937,149.71743774414062,6940400,188.0459566971953,190.04855924155865,186.84638895388292,188.13519287109375,60750200,302.8205530495891,307.5594656533798,302.5333586198332,303.97894287109375,5300500,118.2347265266947,119.75744523552781,117.8465828398585,118.36410522460938,30404400,103.33305975945342,104.21763061411964,103.15233871984942,103.97032928466797,6229200,81.3255308779559,82.29190371177052,80.31224382268991,80.47174072265625,8602300
2023-07-13,252.96947340162677,253.72232884521364,248.06626631234656,249.46578979492188,1747600,149.6416806594149,150.71190743041117,149.08289557343483,150.40882873535156,6401700,188.85889555641208,189.54295381895912,188.1450969456968,188.89854431152344,41342300,304.5342403957372,304.840600614323,300.1016877614658,301.1835021972656,3235600,120.35458719688465,124.23603160712076,119.87686780772502,123.9474105834961,44297900,104.52200175762604,106.30065706248196,104.22714721631964,105.14976501464844,6054900,80.90334344472635,81.28801291653888,80.44360691266152,80.88457489013672,6026500
2023-07-14,249.20519068646422,250.6916081289178,247.24583428960773,248.49095153808594,1044400,150.75923426607457,151.75369125403583,150.5698173282691,151.41273498535156,5361700,188.59124304090398,189.53305615859267,187.99642086899894,189.0472869873047,41573900,301.4132307826719,303.3853770371579,300.8196761723472,303.00244140625,2941000,124.20618186143912,126.17675640796054,122.90240991720911,124.82322692871094,33266800,104.69321371464744,104.84540139193268,101.2500437115013,101.85877990722656,4737900,82.01044750881708,82.01982462749807,80.27472136664868,80.48113250732422,7731300
2023-07-17,247.46786756673083,247.96009998533924,245.05485064083712,245.86561584472656,1494400,151.299110909626,151.4127581994161,149.7837462716799,150.65509033203125,5486800,190.24684079775338,192.64600663390738,190.15761974766676,192.31884765625,50520200,302.2557413761276,304.2661901891846,300.75268890585994,302.5716552734375,2002500,125.34075523343135,126.49523177773591,123.60902902733594,124.05689239501953,25716200,101.47831206437533,102.40092978229502,100.95517606244965,101.24052429199219,4081400,80.38731932671129,81.53195783462824,80.38731932671129,81.03469848632812,7911800
2023-07-18,252.88259253913543,256.3573210758291,250.9425296362338,252.8536376953125,2766700,150.65506434668478,152.37877723473983,149.8216124944114,150.6455841064453,6332500,191.68434955477355,192.65590289157154,190.76235338000512,192.06106567382812,48353800,301.11646398046713,304.74484275493,298.8188208987617,303.2513732910156,2317000,124.00712678682312,124.08674795318163,122.37493084193565,123.17112731933594,26226400,101.25003265204957,104.1510464372306,101.20247945062302,103.43768310546875,4396800,82.13241857204645,86.84231646108641,81.71959627010048,86.2606201171875,21633900
2023-07-19,252.40001034802188,252.6799268288605,248.9349429949322,251.2031707763672,2655500,149.556450420925,151.92419861534816,149.00713110562825,150.34254455566406,7522600,191.4365103758755,196.52230675519328,190.99037488225764,193.41928100585938,80507300,303.4811294522034,306.2957517282608,303.18435213608524,305.8553771972656,2361400,124.00712721064436,124.5843692790778,121.22045471640399,121.44935607910156,37224000,103.45669541872654,105.28291093046248,103.45669541872654,104.13201904296875,5408200,85.78212929761177,88.06202210824348,85.68830799160732,87.40526580810547,12004300
2023-07-20,250.2282990138934,255.31489645540938,249.9869988219803,254.3690185546875,2138600,153.37324366029054,160.192354872146,152.7671007626053,159.47256469726562,21892900,193.40935427253197,194.777470825343,190.84166997972974,191.46624755859375,59581200,306.6786867774178,307.74136459767686,304.3236048096598,305.48199462890625,2101900,120.84225038010163,123.4995440064544,117.65747984586895,118.6328125,37906800,105.10219768089364,106.31966994092045,104.8168494451405,106.23406982421875,6702300,87.35835050303234,88.3247235434113,87.12379366184884,88.00572967529297,9541800
2023-07-21,251.37689150044253,253.3362478900361,250.2379616584421,250.63369750976562,1785100,159.2831347348033,161.78349046831548,159.2831347348033,161.1868133544922,12076500,192.42789492586837,193.29039530573385,189.58260879656223,190.2864990234375,71917800,307.377579722162,308.1626168197514,305.8649444154783,306.80316162109375,3672900,120.04607237662714,120.41430699448074,118.16506592367423,119.44892120361328,72937900,106.6906201618421,107.67030466146748,106.38625209150501,107.37545013427734,4957000,88.44668510571873,88.5686592368504,87.31143092290836,88.20275115966797,6297900
2023-07-24,246.1261729195843,251.7436479355604,245.5856628962863,249.7649688720703,2010400,162.42750402942445,164.6247809915401,161.94448866607706,162.02972412109375,15155400,191.7438412670713,193.230919269526,190.5938306479448,191.0895233154297,45377800,307.28184036462744,311.7718318779432,307.26270380705256,311.2452697753906,2621900,121.08112274560483,122.41474313178708,120.40435800830701,120.95173645019531,29686100,107.86054669500732,110.04819008402,107.86054669500732,109.1160659790039,3999600,88.20275699585395,89.50689246658698,87.91190164384618,88.82198333740234,7259800
2023-07-25,249.26308688248358,252.64128941525684,245.77871168099713,250.6240234375,2363700,161.43305674695023,163.54508392955313,160.77009019317208,163.2704315185547,13790100,191.66453127210508,192.7649696142135,191.25805964859208,191.9520263671875,37283200,311.206965413799,312.95890977984686,310.01982699262635,311.264404296875,2890800,120.78254786384007,122.56403163253377,120.44416169668466,121.62850189208984,52509600,108.78316415259633,110.82813340460004,108.33612193247015,110.50474548339844,3664700,88.85012774630573,89.66638812291058,88.57804811221077,88.5874252319336,7760100
2023-07-26,251.88844487509695,259.947877155719,251.84019661907234,258.7992858886719,2751300,162.90104950996422,164.65318867195572,162.33278425429518,163.5829620361328,14288200,192.0015959886147,193.95462630849192,191.6546201978147,192.82444763183594,47471900,310.84318280340955,316.8457801316223,310.4123619414114,315.5342102050781,3448100,129.45110367587904,130.35676214061976,127.70943058695467,128.6549072265625,61682100,109.68675316372565,111.4178480112155,109.53457274927881,111.12299346923828,4006300,88.56865581083571,89.2723262640604,87.52722296741469,87.76177978515625,7201100
2023-07-27,259.39769814633627,260.8647926630031,255.74924053760856,256.13531494140625,1945100,163.0715190334884,165.06989874848546,162.93892573516763,164.50164794921875,12446400,194.33136299756583,195.50119046422063,190.89125457942112,191.55548095703125,47460200,317.5637857577528,319.2200181667041,314.90234365622655,315.6490783691406,2608600,131.04348970124676,132.60602666094323,128.1771883763532,128.78428649902344,44952100,111.6080840928467,112.13122018256622,109.69627530687126,110.1242904663086,4568500,87.86499783120524,88.8595165890206,86.83294911825065,87.02059173583984,8427800
2023-07-28,257.94993539490724,260.48841842431705,256.9268248177023,259.4942626953125,1058500,164.79525910601578,166.0833145828389,164.06598868306787,165.24986267089844,14138800,192.99299467254062,194.93611671931453,192.46756161890426,194.14300537109375,48291400,317.84144931284106,318.79880307583153,315.44806490536484,317.2383117675781,2268200,130.1577044124772,133.10362643815824,129.94871216599972,131.9491424560547,36591200,110.08624670875825,110.6188963581528,109.0685151331852,110.2669677734375,3138800,87.55084432286046,87.68341045837607,86.25358174038615,86.70809936523438,5798400
2023-07-31,259.4942424610669,261.5211700438232,258.7992967028531,260.55596923828125,1055600,160.71327942071858,161.2152408838825,157.8909276077536,158.66754150390625,22632700,194.3710202090042,194.79732379964574,193.57790885902568,194.75765991210938,38824100,317.50632898134353,319.8231376460991,317.3435952235069,319.6029357910156,2690000,132.0984479281434,132.89464445399818,131.15297119764708,132.0885009765625,28055500,111.49395256522668,112.47363720816529,111.05642385365742,111.96952819824219,4126100,87.02059044480204,87.30465767386991,86.20625138437657,86.69863891601562,5242900
2023-08-01,259.90926724092014,261.1640164841774,256.3959516864454,258.8282470703125,1251900,157.5688876591382,160.1449986127738,157.27528922241132,159.95558166503906,15810300,194.54945856713078,195.0352276872512,193.59772201405482,193.9248809814453,35175100,317.6116699586264,320.68476712703,316.76919403574686,317.908447265625,2547200,130.15771659691958,131.99891993360347,130.05818634611023,130.92405700683594,23166800,111.53198467159271,112.0741405309461,110.51425324239575,111.6461181640625,3308200,86.35774714534283,86.575538509436,85.81801149659617,86.11155700683594,4468500
2023-08-02,257.70860433562274,258.99230839301487,255.8554059057835,256.2125549316406,1227400,159.91770800516167,162.18127454771778,159.91770800516167,160.921630859375,14595600,193.3597894476311,193.4985827896997,190.1972829299724,190.92098999023438,50389300,315.95544213889224,318.3488264017436,313.9354398447816,314.4906921386719,2752600,128.83404293845086,129.47099705811388,126.95303661740036,127.7691421508789,26273300,110.98982210566385,111.79829907420414,109.29677434039655,109.94355010986328,4577800,84.76695384172446,85.3540376908315,84.07571706266508,84.57757568359375,6407400
2023-08-03,255.40176625147885,256.9267999909179,253.23972591318494,254.34970092773438,1810800,160.9595058328294,162.25704156135427,160.6943192134784,161.61300659179688,17424800,189.91968024316816,190.71277634396813,189.047256379482,189.5231170654297,61235200,313.70567158535005,317.93718803968426,313.66739847073563,315.78314208984375,2451300,127.36109434055177,128.7743358739839,126.81370831340226,127.83880615234375,20089500,109.29679244423751,111.56052978245546,107.48960363734865,109.37287902832031,7285300,84.12304533221096,84.76694108700876,83.81057214074389,84.40711975097656,5137700
2023-08-04,255.77822580083696,257.96922113104216,253.43279479962806,253.8478240966797,1593400,161.32885745448561,163.5450658832491,159.00846754651093,160.09762573242188,23414300,183.92181504025928,185.76579240309633,180.35282171627148,180.42222595214844,115799700,314.1652046444792,315.4671916981089,311.4558772180522,312.50897216796875,3591000,128.6648583264697,130.88424328208276,127.30138192389168,127.50042724609375,26130000,110.20990100680687,110.98984476317185,108.0317637130869,108.15541076660156,6928700,84.60597103741794,85.26880895608613,83.82003805388739,84.0757064819336,6191700
2023-08-07,254.57168787116677,257.4769514410013,253.11422536979387,255.1604461669922,1494900,160.5238425331311,164.17016564412899,160.4007150172849,163.94287109375,17736400,180.56099213854247,181.5523773430546,175.8221720711615,177.3092498779297,97576100,313.25567642533264,315.36186612019156,312.6621218429945,315.1321105957031,2111000,128.54542623298215,130.9837654483107,128.4060929974258,130.90414428710938,22746300,108.89729315190682,109.0019203589629,107.71786775756519,108.88778686523438,3635100,84.70066155618366,84.94685891444053,84.25562221052512,84.35031127929688,4663300
2023-08-08,254.33043894527907,260.517380292623,254.12775500241463,258.9248046875,2050800,163.83869427446535,164.36906750923882,162.32332978803822,164.0186309814453,27378700,178.14204563329835,178.71705098279648,176.05022182613857,178.2510986328125,67823000,312.6525530941024,314.5194044633246,309.59862172264445,313.8301086425781,3272600,129.998477634037,130.88424221889798,128.92361467945548,130.77476501464844,23535200,107.14717086271564,110.13378468033014,105.86311835306851,109.94355010986328,4281300,83.18562124721747,83.82004600403329,81.68004543110412,83.772705078125,6921200
2023-08-09,258.2105352672447,258.9633907942377,255.74928474396606,256.2415466308594,1266300,163.84815535028298,165.03202930512606,162.9484140349195,163.91445922851562,42974400,179.31185840559957,179.3713391045639,175.48511045638642,176.6549530029297,60378500,313.3897026339999,316.80746195239846,312.82486752344784,314.2130126953125,2698900,131.0335439778547,131.41172554952155,128.3861970452602,129.04306030273438,24912900,111.02787938814011,113.03480168285796,110.61888409432575,110.75204467773438,4818800,83.7727055855049,84.28403526887998,82.82580036984292,82.91101837158203,5200500
2023-08-10,257.3611617727501,258.7799787062361,255.76855684915515,257.2549743652344,1039000,164.79526607962381,166.66105271952586,162.56011131795162,163.06207275390625,48213800,177.93381484794008,179.19287831156532,176.07002092304583,176.43682861328125,54686900,316.5585699023739,318.7030327867136,314.91192041158,315.352294921875,3075100,130.695170875727,131.42169319546548,128.83405823487684,129.0729217529297,20857800,110.60936550092447,111.84585761279709,109.53456733913634,110.17183685302734,3589300,83.24243907789572,84.20827919714384,82.68376125675465,82.98677062988281,4250100
2023-08-11,256.19325858034733,257.25498542318445,254.81302841245548,256.52142333984375,1204500,163.3556625383624,164.7478994892462,162.54115666540716,164.6531982421875,45904100,176.02984778529373,177.32037701982404,175.26544597344693,176.4964141845703,51988100,314.50980694631704,317.4488896297261,314.3470731887216,316.9893493652344,3103000,128.04781566195854,129.3117618339363,127.56014170520349,128.9435272216797,19569200,110.31450614446018,112.28338860216245,109.82941705873444,112.05510711669922,3771200,82.43755280733518,83.51702400558811,82.39967573774408,83.04357147216797,3922300
2023-08-14,256.7820209992346,258.1043413407297,255.64306170482595,257.65069580078125,2207800,164.34066225063,166.3106303809979,162.66429256897686,164.264892578125,64036900,176.67511718788185,178.38260392804418,176.01991561712387,178.15428161621094,43675600,317.32442934433345,319.555079686631,314.42364898368254,315.87884521484375,3974800,128.77433710267465,130.74491163303028,128.34639041402843,130.70510864257812,24695600,111.4463763517016,112.02657912253365,110.61887951147447,111.94097900390625,4252400,82.34286456692011,82.75950511226596,81.92622402157427,82.69322204589844,3637500
2023-08-15,257.44801080328733,257.86304006313895,255.70099977406105,256.3090515136719,1391100,163.65874275117244,165.32563212125808,163.0336538180453,163.7913360595703,88958100,177.5784931204611,178.17411849604412,175.7618061867858,176.1588897705078,43622600,317.61172576117235,323.74836750619846,314.5098793895833,317.97552490234375,5860900,130.47621742457744,130.7946869315138,128.66486990136232,129.16249084472656,19770700,111.29139332847076,111.62574369626283,109.82979937191446,110.34565734863281,4214900,81.82206866923781,81.87888066034061,81.16870187430686,81.58534240722656,9308700
2023-08-16,255.0929087701871,259.07919249158874,255.0929087701871,255.84576416015625,1475100,163.4030248293103,165.48664019186467,163.0241909276048,163.2704315185547,85832700,175.84123193317788,177.24096145960885,175.2158108770956,175.28530883789062,46964900,318.4349961093682,323.4036643539052,317.535081257086,318.8275146484375,3753900,128.08761596679688,129.66009982508598,127.26157104777742,128.08761596679688,25216100,110.57492274772139,111.68306370085158,109.43812423343978,109.5145492553711,3767200,81.18765113757959,82.18190450337691,81.04561391042091,81.42437744140625,5746300
2023-08-17,255.9229687064058,257.5927765800905,254.33039338656408,255.6913299560547,2194700,163.71557493280943,166.11173484990647,163.6208592283316,164.8047332763672,70904200,175.85114660071363,176.218449670705,172.21777275650916,172.73399353027344,66062900,319.53593966398586,321.33576932685514,313.1121044022485,313.3227233886719,3885100,129.18237944098485,131.36196125693914,128.6747964401177,129.3018035888672,33446300,111.29138828767385,112.60968708738254,111.02390800555537,111.5111083984375,4044700,82.00198383402562,82.28605826628736,80.67631519065908,81.23499298095703,7611200
2023-08-18,253.59685904768676,255.5658770070813,252.27453861097098,253.50999450683594,1972800,164.00917864708896,164.78580698428226,162.24757342902325,163.3651580810547,49617200,171.04636032936088,173.82599075554495,170.70883778094841,173.22042846679688,61114200,311.19742011541507,314.86410148595957,310.5942825541529,313.4089050292969,3471500,127.89851493202701,128.63499931194184,125.77865268655036,126.853515625,30491300,110.66088262368767,112.75297180510604,110.47938232797105,112.04605865478516,4266100,80.44904978618713,81.71790627205678,80.21232353073425,80.38276672363281,6648700
2023-08-21,252.70891535271554,254.22428788690016,249.89051566783453,250.8943328857422,1628600,160.7132636875052,160.8648030261202,157.18058775911487,158.49705505371094,151319500,173.79620604217206,174.84849110751958,172.47588124297116,174.5605926513672,46311900,312.68132238269914,313.8875975653353,309.7039659761868,310.2400817871094,3109700,126.5748532050452,128.11747344866333,125.95780055174251,127.75918579101562,25248700,112.85806344487823,113.78469676021,111.32959950178557,111.96964263916016,3271600,80.50587774877566,80.78048112650211,79.21809330997154,79.77676391601562,5385300
2023-08-22,250.89431223299252,252.24558753686964,248.09523564876292,249.9677276611328,1473700,158.03297134988225,158.96112450921757,156.65968041532165,157.23741149902344,56835400,175.77171419662545,176.38719824747957,174.96761015656983,175.9404754638672,42084200,311.3984698868706,312.3941260509698,308.29665282562803,310.6421813964844,2582200,127.89850997505022,129.6600920991953,127.70942680168035,128.46580505371094,22067500,112.33265281175348,112.47594790361971,110.89016880829578,110.95703887939453,3195900,80.21233779525369,80.26914979488568,78.44162248881965,78.5741958618164,6003300
2023-08-23,249.75535925482234,252.41929333511612,248.31719008587592,251.3865509033203,1653700,157.12375421204968,157.69201952249534,154.82231005307779,155.82623291015625,119011400,177.22112651388355,180.2290795956185,177.0325064942749,179.8022003173828,52722800,310.6804193243822,312.98764530017843,310.2591813494417,312.1834716796875,2728000,129.56056100573272,132.77520272479933,129.25203849949906,131.74014282226562,27819700,109.8679891941407,111.13852032936478,108.7694033940218,110.63221740722656,3136700,78.59311758892467,79.27489036727275,78.47948638442931,78.96240997314453,5878600
2023-08-24,249.66848500305292,252.39032866683115,248.7901488068492,249.77464294433594,1795700,155.35267509633883,157.8530163173762,155.19166997225375,156.35659790039062,70755100,179.35544373491686,179.78232293288016,174.72934624726201,175.09666442871094,54945800,311.2548061413155,314.9693428839476,308.56464479014295,308.83270263671875,2490000,133.31264769004198,133.61122329329774,128.95349855277775,129.16249084472656,28500700,110.03995175229274,111.17674287065266,109.61006651084877,109.66738891601562,3538500,78.75409719665991,80.2502090219965,78.68781412714819,79.009765625,5023000
2023-08-25,250.34412309810958,250.99082058505033,245.6435999841945,249.72640991210938,1415000,156.73820012552957,160.05803126763357,156.50924073222436,158.59844970703125,18185500,176.08939374478845,177.84650437604776,174.54074667761984,177.31044006347656,51449600,309.63691568921826,312.42281860170147,307.50203552959397,309.0912170410156,2418100,128.92359969772878,130.1377957542412,126.64450294743214,129.26199340820312,26762900,110.51759997910989,111.89321383724345,109.62917920342598,111.31048583984375,3710300,79.24649156828724,79.68206705527093,78.34692737238187,78.80144500732422,5461400
2023-08-28,250.73987982744003,253.8092115124207,248.29792281433134,249.35964965820312,1059800,157.4059820696915,158.56029900973505,155.6602048854097,156.72865295410156,18458000,178.77967356057698,179.27603559399373,177.25088516267095,178.8789520263672,43820700,309.4167186440063,313.4758888663223,309.100775571051,312.0111389160156,2099900,130.6851874909537,131.90933055130816,129.52075650385797,130.38661193847656,20543300,111.27228907855553,113.10644588769047,111.21496666756981,112.26578521728516,2821600,79.35065705291278,80.36384530755136,79.32224382906134,79.89985656738281,6439700
2023-08-29,248.4137223815,251.5602863798022,248.2206998970314,251.5120086669922,1793700,157.2819504403446,158.05466833711526,155.27861044066367,156.7477264404297,12208600,178.3925260808221,183.55468861261488,178.19398428109324,182.78036499023438,53003900,312.8536178703483,315.7735349135265,312.8344520983973,315.3331604003906,2628200,131.61077243629086,135.92017096898465,131.61077243629086,133.9296875,43075600,112.59058376421076,112.8198515348203,111.36781260323848,112.39952850341797,3213700,79.92826494319765,81.04560605359987,79.84303972543906,81.00773620605469,6212300
2023-08-30,252.5641012332636,255.6044778011945,250.83638358833406,254.70684814453125,1524400,157.51091853176177,158.19778215720973,156.14672579692296,156.19442749023438,9939100,183.59440922711968,186.48324017846022,183.39586742396716,186.28468322753906,60813900,316.0172847099949,319.5050317453517,315.89202925247827,318.55120849609375,2256200,134.1386874276615,135.6315501147355,133.43207426004315,135.23345947265625,28315800,112.98224527411837,113.6222956807449,112.73387490145392,113.39302062988281,2847500,81.07401782500045,81.43383916474329,80.51534005548348,80.7331314086914,5051800
2023-08-31,254.49451227141202,255.42109680777526,251.53133869513104,251.93670654296875,1524300,155.85099064007957,156.04179740715801,153.85718511011834,154.23876953125,15333000,186.47328650618994,187.7439721096439,186.11590523348306,186.50306701660156,60794500,319.100359363971,320.4492076097744,317.63587035193876,318.23321533203125,2914700,135.36285236962217,137.34338932032665,135.14389792537597,135.5220947265625,30053800,113.84200734608953,114.21457018961986,112.81984644158231,113.70826721191406,4395700,81.12137008951652,81.12137008951652,80.25969007868851,80.62898254394531,5581200
2023-09-01,253.60652988990776,254.43658850366958,250.4985818943843,251.8884735107422,1436500,153.99074884626978,155.00196071391105,152.64563967598622,153.09400939941406,8609500,188.11129296200212,188.53815704908098,186.91009015003394,188.08151245117188,45732600,319.87111994147165,321.2681591842183,319.0425522380453,320.9116516113281,2317100,136.80594945032874,136.80594945032874,134.20836765107612,135.01451110839844,21524600,114.63489280556962,117.023119739019,114.60623524849467,116.67921447753906,6395400,81.43384696582316,81.85995141487248,80.76154514267408,81.1971206665039,4981800
2023-09-05,251.12594722516693,251.27072145990056,247.47748923191992,247.68983459472656,1224900,153.17031762692523,154.51542669558725,152.90320562759672,153.2847900390625,9019800,186.91008160149724,188.5977094450193,186.24495831042893,188.3197479248047,45280000,319.7169416861169,320.16012835090214,315.4102422665532,315.8052673339844,3141400,134.7955460588322,135.77087872900177,133.93963753997775,135.1239776611328,19403100,117.28106412387744,119.40181115197532,117.08045390342107,117.33838653564453,5785700,81.2823237243784,81.6894931733297,80.3070127063656,80.33541870117188,4919400
2023-09-06,248.49096049404906,249.7650031779089,246.58949899097303,248.51025390625,1099900,152.4834633312441,152.63610292773498,150.1080732955996,150.73768615722656,9753800,187.02919231015284,187.4759302206488,180.1496223799182,181.5791473388672,81755800,315.5644357876818,316.6049675087622,313.66640407752044,314.09033203125,3199700,135.37281118261353,135.88037909843112,133.03398657934434,133.8202362060547,18684500,116.9944767635016,117.92111009529694,116.46906385734204,117.5676498413086,4664000,79.80515993710048,80.2502064858916,78.92453791323855,79.69153594970703,5384000
2023-09-07,248.4330572413077,248.48130550085628,245.6725675342779,247.245849609375,1209100,151.81566572709966,153.64729700353035,151.66302614826924,152.66470336914062,9931800,173.90539355501954,176.91336139268128,172.27732670257566,176.26808166503906,112488800,313.15570744784475,317.86707563666715,312.4523658863678,316.421875,2454000,132.95434213781053,134.93487869329522,132.3173880233416,134.61639404296875,18844300,117.49121128187787,118.15036425395995,116.17291262600396,116.26844024658203,3503900,79.5305564954883,80.36383759834466,79.33170729348281,79.38851928710938,5504200
2023-09-08,246.84815731662223,247.54653827760288,244.22922131264642,245.70358276367188,1179700,152.2449762820785,153.28480628657553,151.86339183016645,153.1703338623047,6957000,177.05233659559462,178.92858440411607,176.4963984153427,176.88356018066406,65551300,315.5354764649965,317.45276659252085,314.7454263833106,316.7012634277344,2210300,134.2680724669895,136.00974558565406,134.2083603898534,135.7310791015625,23558300,117.27150413370697,118.46561766919274,116.97535902086888,117.23329162597656,4368400,79.68207996797295,80.43959984988479,79.2180984081745,80.41119384765625,6127600
2023-09-11,247.4495108447979,248.1381973471797,245.7035586139525,247.05181884765625,1263700,153.64730874518384,155.20229364076312,153.0653830433699,155.17367553710938,6309300,178.75983344187836,178.98815574028976,176.04968578063105,178.05499267578125,58953100,317.26015162178476,317.8285937936035,315.6029867096721,316.3737487792969,2087800,135.89029694146225,136.82582658236907,135.1438656559962,136.26849365234375,20763400,117.92110947874815,118.36054241237898,114.46295384240413,115.05523681640625,4294500,80.84675778263745,81.12136113855925,78.92454151549775,79.0760498046875,7780900
2023-09-12,246.06245275060286,246.99363224244837,243.18164996156523,243.9188232421875,1133800,154.75390803479104,156.38519800142967,154.09566260538872,156.0513153076172,6045800,178.18404991763566,178.81939272059032,173.5480302988034,175.0172576904297,90370200,314.88994153431173,316.75907007345745,313.9843095045142,314.36004638671875,2190500,135.6116349892628,136.21873306242523,134.54673421670935,134.69601440429688,18405500,115.82901028877271,117.92109948727236,115.78124283313126,117.57719421386719,4486600,78.91506952570109,81.93569918147989,78.81091660848267,81.00773620605469,8942600
2023-09-13,243.38534901450382,247.05184163720077,242.40568271710697,244.58811950683594,1524600,156.22303424445778,157.35826750282868,155.49801805094495,156.4424591064453,7397500,175.22572770658326,176.00998823848755,172.7141369128852,172.94247436523438,84267900,314.1288286779925,315.9786690866614,313.12681463839834,313.97467041015625,2564300,134.44720728074662,136.24859245755295,133.51167758565322,136.05950927734375,20749500,117.95931723126101,118.16947509585874,116.03918058421411,116.84162139892578,3879700,81.57587562482284,83.13827048114136,81.57587562482284,82.61746978759766,10617400
2023-09-14,246.37289089671907,250.4273668001023,246.11099430947235,249.31190490722656,1568100,157.10070438329902,157.6635610845085,155.91778388346484,156.2039794921875,7758400,172.73398888645488,174.81871550108795,172.3170465930817,174.46133422851562,60895800,315.4295503346166,318.2332140977004,313.3869751101093,317.58770751953125,2707600,136.94528070062265,138.0400375924637,135.59175121605634,137.44290161132812,24751000,117.97841736207526,119.30627103110338,117.92110224459769,118.93370819091797,4686200,83.40340910521621,84.37872027440017,83.25190081034994,84.3408432006836,8109600
2023-09-15,250.84442683288478,250.85413602457558,245.0343044393749,246.45046997070312,2074600,156.43292059603678,157.23427119261493,153.7904185670234,154.0193634033203,13388900,175.19592350235882,175.2157822233053,172.5552892315787,173.7366180419922,109205100,315.3620945387877,317.14451475954843,308.62743874054917,309.6583557128906,7112600,137.323442557438,137.86088156813008,135.83058003957777,136.74620056152344,38908400,118.50383089318343,120.35709015542118,117.68228019274036,118.0452880859375,12420400,83.50756107477048,84.01889068340489,83.2708348054571,83.71588134765625,17598400
2023-09-18,246.1691596790845,247.0421432612518,241.58119677929756,241.81399536132812,1780500,154.65851910033973,155.64111280055582,153.3515771907637,154.99241638183594,5789000,175.1959303652364,178.0748391046168,174.88818834345716,176.6750946044922,67257600,308.463665729928,309.8992224651227,305.33239729491044,305.66961669921875,2740400,135.95997529868072,138.4978447839275,135.95997529868072,137.5523681640625,21861300,119.58332018864026,120.10873312107947,118.52294666192947,118.91461944580078,4945300,83.86738808178666,84.32190572833986,82.90154801629133,83.99995422363281,5501900
2023-09-19,241.52299887477193,243.6472396667057,238.66158477994912,242.4832763671875,2217600,154.78253445292583,155.3549256109497,153.95258037465186,154.73483276367188,5550800,176.22837977645918,178.32302815377042,175.84121799808253,177.76710510253906,51826900,304.40749658037134,305.3516756899274,300.92936443641554,303.1164245605469,2776500,136.7661336216356,137.75142852316634,135.96993710197103,137.3831787109375,20353700,120.21379798919122,120.39530558433876,116.71743724124082,117.65362548828125,4190700,84.06623860603764,84.719605475553,83.27084174255201,83.81057739257812,5769000
2023-09-20,244.09343372029394,246.54746155389188,242.65787938773562,242.99737548828125,4014600,154.72532199649788,156.01318046495126,154.2197160371288,155.4121856689453,3837400,177.95570880879336,178.3925098170354,174.1237933470795,174.21315002441406,58436200,303.4921865336247,304.79287321359203,299.4456122854348,299.50341796875,2320000,137.4229832645566,137.4229832645566,132.98419835818402,133.1036376953125,29927500,117.14731780210131,118.27456133021899,115.64751141444644,115.75259399414062,3444600,84.11357751393047,84.41658684163737,82.43755152605772,82.5133056640625,5268200
2023-09-21,254.13265723428583,260.32108316572425,251.44584552224686,253.98716735839844,7079500,155.08783266259175,155.97502305430623,154.15292601925228,154.21971130371094,4526700,173.28000428145347,175.01727155266988,172.59502219087378,172.6645050048828,63047900,298.09673012351897,298.8964243229695,295.16778175679093,295.5531921386719,2766500,130.81457768472256,131.60081198310746,129.4511013506065,129.8193359375,31488700,116.57414293107556,116.6983354078626,113.44079006426902,113.7464828491211,4470700,81.75578692207878,81.91676628754223,80.32596535165312,80.37330627441406,6933900
2023-09-22,254.16176078503435,256.8000857967199,251.2906519668224,253.24998474121094,2826700,153.8762662724876,153.97165509801056,152.87458898716625,153.1130828857422,4976700,173.39909696300535,175.7915654067452,172.7836129384518,173.51821899414062,56725400,294.9751359104033,296.4106926997709,294.3006970763358,294.56085205078125,2289200,130.1378168923183,131.4017782750434,128.9833479050883,129.6302490234375,26397300,114.55848195543297,115.76215051940186,113.71782859472754,113.83246612548828,3641100,80.70473525907873,80.70473525907873,78.60260451010579,78.86773681640625,7420600
2023-09-25,252.47398411045742,260.3695396702064,252.40607897586838,258.4295959472656,2355900,152.70286637822664,152.97951287036574,151.42452813601872,152.8841094970703,6722500,172.93253251615403,175.6823824720043,172.88289328236814,174.79885864257812,46172700,293.3854140154618,296.0638517241409,293.3854140154618,295.2930603027344,1882300,129.2122519182116,130.54587235985892,128.34639636353074,130.4861602783203,20094600,113.95664974795321,115.84812160556004,113.57453193897182,115.65706634521484,3291300,78.24277273650085,78.85826255083239,77.93029951632546,78.62153625488281,4748800
2023-09-26,257.1783799613592,258.352037745895,252.22180784777248,253.54098510742188,2368300,152.45485203838064,152.71242954940382,151.54857804805613,151.7012176513672,4904800,173.54802313417602,173.92524796713502,170.41101154694528,170.70883178710938,64588900,293.3950426180415,294.63792362969815,290.6106374957857,291.4873962402344,2655500,129.1525314353715,129.73972044721884,126.61466183176898,127.95824432373047,25718700,114.44385844580212,116.0105350169124,114.00441819617883,114.7686538696289,5204500,77.72197957154384,78.37533923878688,77.38109312588954,77.80719757080078,5557000
2023-09-27,254.03562946653878,255.1801891807191,252.24117556819587,254.82130432128906,1885800,151.2814498875372,151.45315850556545,148.11424396090254,149.8791046142578,10211600,171.36400935593267,171.78095161168793,167.81999260813018,169.18994140625,66921800,291.9305855043226,293.1060167606786,288.94383105921935,290.793701171875,2513900,127.95825647590418,130.27715670469198,127.95825647590418,129.9188690185547,22746500,116.86162824562663,118.97381377740975,115.97835119232623,118.17694091796875,5364100,78.03446168769582,78.22383983964022,76.78453987733451,77.31481170654297,5708200
2023-09-28,254.19081912331671,260.1173624840067,253.16265133655858,258.4393005371094,2038500,150.25114338787125,150.6899785289801,149.0300558950177,149.65968322753906,7861900,168.1078907839796,170.77832096236608,166.40040416763804,169.4480743408203,56294400,290.64919131554495,293.73226901258266,289.7627884685,292.4026794433594,2369600,129.2222017860651,132.66574536563317,129.1724366549313,131.68045043945312,22513100,117.95612008026137,119.34824130192168,117.30326156444292,117.82170867919922,3964600,77.15383196317049,78.16702014743542,77.12541874129256,77.82613372802734,5665400
2023-09-29,261.3007413475475,262.338588771717,255.73308257670166,256.9649658203125,2373200,150.12713132746052,150.34655619003058,148.2001111498865,148.58169555664062,7679900,170.76839850543928,171.81076180692196,169.10061419351356,169.96429443359375,51814200,293.80932800007946,294.5030255450738,288.86673666733014,291.1212463378906,3502600,132.6458339437757,133.412174428442,129.7397295336501,130.2373504638672,30848100,117.5912868271459,117.71609531746627,114.8646399300681,115.01825714111328,5308600,78.60259686523588,78.67834378515923,76.72772152911132,77.333740234375,6830500
2023-10-02,258.0125507590314,258.7109317797202,255.64581672231904,257.1492614746094,1913000,148.2669006333535,148.2669006333535,146.26356040960977,148.0093231201172,7259700,169.97421860938772,173.03181060107437,169.6863201427267,172.48580932617188,52164500,289.5411068716339,292.3640876701798,287.5563671036547,288.8763122558594,2806800,130.58567857530397,133.78039613443357,130.545860400469,133.53158569335938,22288000,115.4407015056171,115.50790721103338,111.33153591759863,112.42603302001953,4769500,76.79399984552131,77.14435732269106,75.65771664956858,76.14064025878906,6722200
2023-10-03,256.3926673000055,257.52754748293023,251.51370967486628,252.3769989013672,2090300,147.56093962361336,148.34320660699493,146.80730530037903,148.19056701660156,5740800,171.00666436022635,172.36670680772195,169.5771542436968,171.14564514160156,49594600,287.0264659865996,287.40220283831803,279.47288801153803,281.2745666503906,3609200,133.30267514343655,133.62114458922525,131.21266150812517,131.7998504638672,22989400,112.09959849361617,112.97327259460751,111.43713707509883,112.90606689453125,4162600,75.35470983222937,75.60089995750971,73.697625901943,73.87753295898438,7526800
2023-10-04,252.3479079866452,253.647666857404,247.9927285697504,252.24119567871094,2152600,148.41000638372168,148.75342366088418,147.45603068534413,148.3623046875,4955200,169.84514590084152,172.9424550881848,169.72602386786275,172.39645385742188,53020300,282.6426952638611,283.46164818206665,279.75229395444114,281.7081604003906,2956300,132.15815718510046,134.9249434701971,131.8993997738575,134.5965118408203,26752300,110.71707936089867,111.0147035751489,107.21276519442651,108.80651092529297,7287600,73.95328258084966,75.0801018963504,73.48930113153672,74.89071655273438,6848700
2023-10-05,250.93173565498577,252.27027197616124,249.7580483745371,251.37791442871094,1460100,149.0777759614901,150.7663023480026,148.8869837465552,149.90773010253906,5993300,172.52551359241795,174.17343922355133,171.42358924241523,173.6373748779297,48527900,281.33242439707124,281.9779603628353,279.6367127041746,281.04339599609375,2469300,134.4273223876953,134.84532213743643,132.81502028305357,134.4273223876953,19832600,108.0192396765395,110.00661670009372,107.71201255828042,108.89291381835938,4070100,74.31311559857083,75.31683269511223,73.87753289416833,74.94754028320312,5589300
2023-10-06,251.4070184961448,252.60977417673487,249.60285537406654,250.15574645996094,1580300,149.85049581735203,151.01434726686222,149.38304251172477,150.3847198486328,5801100,172.53543905358532,176.69495515352654,171.91993985589522,176.19859313964844,57224100,280.1377270000612,283.7796317687012,276.890847304015,282.1224670410156,2922000,133.3723635946971,137.50262665466772,133.3723635946971,136.92538452148438,27583200,109.81459876836804,111.93638726782154,108.64330037750774,110.7266845703125,4209100,74.54037769637151,76.50047115026986,74.23736832461037,76.06489562988281,6305600
2023-10-09,247.34283304132867,249.15667574744086,245.28649736164655,248.0412139892578,1725900,149.94587872671423,151.56764890172147,149.86002441575855,151.2432861328125,4414100,175.52353680032698,177.74724412480685,174.52089096334598,177.68768310546875,42390800,279.69446972937925,284.73341292955286,279.0971248694813,284.5696105957031,1929900,136.28841418957376,138.27889778472175,134.96474077645817,137.76136779785156,19278100,114.21178841820604,117.00564118477371,114.01017131003192,116.95763397216797,6532800,75.37364505611838,75.82816268607814,74.73922036839994,75.66719055175781,5125000
2023-10-10,247.934542171168,251.4264324719246,247.69204917247944,249.07911682128906,1501000,151.09066256761648,151.93970028273876,150.6327437917097,151.0715789794922,5273500,176.80415770883764,178.41236580749592,176.6552400140717,177.092041015625,43698000,285.85106459585535,289.685674350762,284.38660514607017,288.28863525390625,3116300,137.8410002873595,139.05519659503832,136.6765691108844,137.40309143066406,27786600,116.41038340068333,117.3608661296505,115.39269497017045,115.58470916748047,5705500,75.98913475350713,76.80347372258007,75.77134340043816,75.87550354003906,6245400
2023-10-11,248.79782690383792,249.20522818294413,244.9955383038355,247.7890625,2149200,151.16699075683925,151.72983290739862,148.8583568305368,148.99191284179688,6922900,176.90342620076967,178.54143000452555,176.30780084757703,178.49179077148438,47551100,288.78960812462526,289.8590718542083,285.08989813013204,287.1613464355469,2292800,137.920628289257,140.43858915374793,137.920628289257,139.88125610351562,25884300,114.73024058968787,115.39270206341182,113.31891344560081,115.24868774414062,7300700,75.66718389685172,75.9512510693194,74.53089353404505,74.71080780029297,8928700
2023-10-12,247.49803258561656,248.31280542627835,242.57057357686725,244.47171020507812,2514800,148.74386105081163,149.35440480019858,147.9329905942492,149.13499450683594,5792400,178.75982932462722,181.01330204161414,177.73730960362397,179.39517211914062,56743100,286.82420397787325,286.82420397787325,280.1473537780782,282.3151550292969,2546400,140.37885098714375,140.54804026123193,137.60211801793758,138.30874633789062,24765500,116.24717668976093,116.8712338510161,115.65192092712373,116.2759780883789,3859500,74.68242016289219,74.68242016289219,73.18630812414779,73.67869567871094,11654600
2023-10-13,244.12252171266982,246.17887221370918,233.80202124536274,235.5479736328125,2919200,149.51658603196782,150.1175952952192,148.8678896357381,149.63107299804688,5359800,180.09998356079097,180.60626734000098,176.84385010145385,177.54869079589844,51427100,282.23806647446065,283.9626808886104,280.26297059761987,281.2553405761719,2092700,138.71679820107695,139.33384321860913,135.9699212870382,136.70640563964844,23420500,119.10822553333261,120.941992673692,118.50337419992802,119.87629699707031,5589100,74.0479715742143,75.02328983826129,73.23363265817486,73.65974426269531,6442800
2023-10-16,236.9253408569521,243.5211530124336,235.8486714109794,240.12625122070312,2025800,150.55643096352378,150.9666334701875,149.621524427222,150.27976989746094,6408100,175.46397958471027,177.7770284883398,175.22572035442593,177.41964721679688,52517000,283.6736329609315,287.46969597839524,282.85467998256166,286.4676818847656,2567000,137.51255809555218,138.9656178098258,137.33342186038425,138.43814086914062,28501900,120.56755394056917,121.08600105445271,119.22343260733837,120.3083267211914,3769500,74.60666246476453,74.97595491922407,73.73551140420935,74.54985046386719,7901500
2023-10-17,237.9923298634421,241.9595117804871,237.4297443289035,240.5821533203125,1462500,148.80108323878477,151.634391425516,147.49414156002337,148.90602111816406,12244400,175.3646914585386,177.12181720914745,173.52816111664285,175.86105346679688,57549400,285.85104879247325,287.46002234198795,283.74105354631496,285.1284484863281,2139700,137.9703659398381,139.23431200334724,136.5272532818645,139.05517578125,23515800,120.20272247758304,121.3836310699459,119.95310547828058,120.45234680175781,4213800,73.84913372912499,76.34896285223266,73.83966987873262,76.06489562988281,12324800
2023-10-18,237.74013968597063,238.68101369642713,234.65562107421692,236.2948760986328,1842400,148.2573611973337,148.7725016501992,145.05200238918894,145.70069885253906,9097300,174.30248985254676,176.28793794498117,173.83590833900334,174.5605926513672,54764400,282.2958668994459,282.61379811269813,279.00079640323423,279.6366882324219,2720100,138.7864742597851,140.0504356733887,136.7263315075888,137.30357360839844,23375000,121.1724091641893,122.16129621298836,120.44274201828163,121.53723907470703,4781900,72.37195688945356,72.97797557389646,69.50283559997581,70.90425109863281,34732300
2023-10-19,236.81865832511608,239.84498103521406,235.06301136991016,235.98448181152344,1388400,144.68947743887685,146.06320463128895,143.23943045171822,145.3095703125,7733800,174.75914678442408,176.54605322348112,173.91534037415258,174.18338012695312,59302900,280.3689645253493,280.69653985592254,275.9562975397613,276.2934875488281,3028600,137.84099006998994,138.9954742091233,136.72632410734244,137.0945587158203,26066000,120.67317056148734,122.26690896944524,119.88590060276474,121.33562469482422,4491300,70.89478620299444,72.40036181810213,69.01991095895116,69.0483169555664,17486100
2023-10-20,237.04175744107204,238.42881026954544,231.45470935840987,233.3946533203125,1680200,145.71022356269893,146.78820598261808,145.31909011292203,145.958251953125,7206600,174.03444341613093,174.14364366291989,171.3838721325441,171.62213134765625,64189300,275.4167306507151,276.6885144620248,273.24892936435464,275.9466552734375,2884000,136.67656764747252,137.21399157463526,134.43727344295388,134.95480346679688,26315200,121.15321783678395,121.61405487469644,118.91621637916889,119.10823059082031,5289400,69.2376980164907,70.0709718375908,68.5085771017551,69.24716186523438,11269900
2023-10-23,232.50225065599645,234.5973934146927,229.83482805506063,230.82420349121094,1342900,145.82470855621,146.4352523485624,144.250654663016,144.42236328125,5874000,169.66648220683237,172.7439178760632,168.69360166729962,171.74127197265625,55980100,275.3782401481177,277.7194587104362,273.9426538282574,274.6556396484375,2590900,134.39744989145308,137.0049938097521,133.31263994264685,135.8505096435547,26317900,118.1481287599027,118.2441431774986,115.82472342156647,116.49678039550781,5969400,68.8684075657803,69.00097369502895,67.4575138377149,67.8930892944336,12847100
2023-10-24,232.12399218828952,235.771096305827,231.9009027770352,234.42282104492188,1469500,143.81181017997258,144.96612696837167,143.22035001343542,144.26971435546875,6155300,171.7909082758531,172.4063923696406,170.20254365913797,172.17807006835938,43816600,276.2645854606195,277.39185506236635,271.7266630180727,272.95989990234375,2705200,137.17417294722958,138.6968916178538,136.76612018289654,138.14950561523438,44814300,116.71761869853077,117.12085293609019,115.11427733142125,115.16227722167969,4664400,67.94045049998337,68.27186588682788,67.30602572740764,67.76053619384766,9265500
2023-10-25,233.481955736391,234.13183516999138,227.29352992899405,228.14710998535156,1612400,144.27927200507858,145.16646230763274,143.3157473528067,144.59408569335938,5880800,170.62942613878033,171.80083332633419,169.4083645680371,169.8551025390625,57157000,271.4568897782351,272.8828318516557,269.000060123393,270.6668395996094,2962800,127.55019106624778,127.69947125982357,124.4748899960184,125.01232147216797,84366200,114.75903989850535,116.10316131243557,114.02937273239367,115.60391998291016,5010600,67.46699445458432,68.08248426990984,67.35336323159225,67.6090316772461,8461700
2023-10-26,227.38081646940523,228.64178292973415,217.94299380046562,221.085693359375,2987800,144.97568876344724,144.97568876344724,142.02790733445562,142.1423797607422,7612500,169.1303957533013,170.13305676328346,164.4645956319317,165.67572021484375,70625300,270.28144282347813,272.89243060982915,267.6030052788824,267.8438720703125,3108200,122.68345314790562,123.73841461751326,120.69296955110403,121.69816589355469,57061100,113.99096428936409,114.40380138231315,112.57003440611311,113.58772277832031,6066500,67.67531233345596,68.83053777417366,67.60902926182361,68.24345397949219,10903200
2023-10-27,221.59975880164686,226.18772116509123,220.270887402057,221.9683380126953,2004500,141.65583831569654,141.81801241660054,138.27875662989433,138.8988494873047,11385800,165.6955969766749,167.7306845808466,165.6161772243234,166.99606323242188,58499100,268.7880633424265,269.45285799660775,264.24049743402577,266.360107421875,2907300,122.29531249468846,122.72326678236502,119.63801864923039,121.58869171142578,44566500,113.00208432467494,113.61653858866778,111.79238161267985,113.09809875488281,5312500,68.09194565354987,68.18663471374359,66.46326781069408,66.66211700439453,11099100
2023-10-30,222.63765196053075,230.49443037443515,222.19147316897775,229.70875549316406,2081700,139.36629161472015,140.46337228629977,139.28043730446532,140.26303100585938,8205300,167.79021577395145,169.92456632823416,167.6412980843576,169.05096435546875,51131000,267.33326418790006,272.0060863210313,266.8418864720662,271.19677734375,3074400,122.62373800525754,124.80331991907411,122.16592770060555,123.86779022216797,28940100,113.07888336067906,113.77014618033657,111.8595778439685,113.42451477050781,5830500,67.14137160866179,67.94648943614509,66.53752592544416,67.65894317626953,9769600
2023-10-31,231.02791485587457,233.4528447614099,229.59236049596498,232.89027404785156,1550400,140.74955767556958,141.70353330306338,139.8909854334303,141.5127410888672,7576900,168.11782995408234,169.6565401685357,166.67836791176023,169.52749633789062,44846000,272.2662026701258,274.9735432508442,271.33163827517654,274.28948974609375,3036000,124.46494151125496,124.77347164354663,122.10622322082405,123.48960876464844,26292300,113.19409561375555,114.24058541946393,111.84037137898935,114.05817413330078,4505000,67.83146771830647,68.07108715781422,67.35222883929097,67.87939453125,8949000
2023-11-01,233.3364462416909,237.95352212321254,232.49257539469895,235.92626953125,2079300,142.32363701994836,142.8673955995913,141.6272388347336,141.84664916992188,5733000,169.75581666227828,172.9623111800798,168.88221462983017,172.70420837402344,56934900,275.15658576319476,276.3512756460527,271.7170009070101,276.1585998535156,2747300,123.47965479092001,125.88813822149176,123.13132166552205,125.84832763671875,30082400,114.71102907211997,114.98944744625513,111.84036789522406,112.01318359375,8350900,68.21484878518358,68.92412747164022,67.76436314482979,68.00398254394531,9429000
2023-11-02,237.8565348080624,241.74611719631514,237.8565348080624,239.82557678222656,1490200,140.91174497440903,143.47792715999142,140.74955630957783,143.32530212402344,5349100,174.2429429068373,176.4864939793014,174.18338188289627,176.2780303955078,77334800,279.64635063519313,283.8952444522361,279.4054838387804,283.7699890136719,3628000,127.80895226837836,128.36628525589762,126.32604408767605,126.88337707519531,27124600,113.16530089145334,118.33055917423464,112.6852580550467,117.14965057373047,9068700,68.70368555183039,70.4768679304053,68.67493238928887,70.40977478027344,11638000
2023-11-03,241.726705765876,242.4929770611266,239.48605822532994,239.71885681152344,1409200,144.2506573766429,145.26186918707634,143.23943100969691,144.37466430664062,4925500,172.9722618796391,175.53349201222565,172.0887379893404,175.36471557617188,79763700,283.43276535928754,286.93015589507826,283.42315068140135,284.8105163574219,3071100,127.41086997739491,128.91367975208917,127.25162763160075,128.48573303222656,26380100,116.65040282566015,117.02483563145647,114.58621727776256,114.97025299072266,5934800,71.49285012753309,73.49607237897546,71.4449306287589,73.09351348876953,14949500
2023-11-06,239.93223747276488,240.26202434971086,234.64589384895763,237.96319580078125,1018000,144.79442893277204,145.4145073081059,144.40329540666232,144.71810913085938,4851400,175.09669429529205,178.12449090151532,174.92793300379333,177.9259490966797,63841300,283.9819497496496,285.6102116271465,282.50784614843053,283.80853271484375,2890300,128.43596185853923,129.7198171439132,128.0577651016171,129.6302490234375,19052700,115.44069664623633,115.74792376161723,113.4725254562523,113.74134826660156,4610800,73.49606128183726,73.57274124342378,72.23087116607432,72.76761627197266,8140300
2023-11-07,235.67408039703415,238.26390366725906,235.04360456442924,236.8671417236328,948600,144.93750396856376,145.2427831435776,143.74503448462633,143.9549102783203,4840400,177.87630973489087,181.1126002277605,177.66784614167742,180.4971160888672,70530000,283.8470624202276,285.18629596388786,282.8354336044031,284.001220703125,2629000,130.08805962107587,131.28234671869467,129.26200712212525,130.34681701660156,29757300,111.77317028544003,111.84997889587005,109.76659478084336,110.64987182617188,5491000,72.71012242596072,73.00724818730727,71.81873782931619,72.3746566772461,7657700
2023-11-08,237.63343488120103,238.1863111999326,235.57708426962003,238.00201416015625,1104800,144.3842124133055,144.84211662399366,143.42068774426932,143.43023681640625,5460000,181.023246561535,182.11523398810698,180.26876654734838,181.55931091308594,49340300,284.2516920781078,287.12283456795603,283.36528942532635,285.10919189453125,2454900,130.34682148408558,131.580926799427,130.15772310979614,131.21267700195312,26425800,110.60186201543216,111.00510354828164,109.42096078851662,109.88179779052734,5884300,72.31713926067877,73.02641802101489,71.94333354413072,72.8155517578125,8075200
2023-11-09,239.14659060044357,239.58307502397096,233.52075025109718,233.94754028320312,944100,143.57333275577233,143.57333275577233,140.48244646473862,140.6350860595703,6973600,181.62879543623518,182.78034380026955,180.48715371155149,181.08279418945312,53763500,281.28423374780806,282.0453515926719,277.17021038176654,277.353271484375,4059100,131.33210198045876,131.9192909413078,129.45109576679184,129.6202850341797,23747800,111.03390902024046,111.43714324301655,109.49777341570844,109.59378051757812,4306200,72.53758856888425,72.91139426595556,70.88900584713167,71.10945892333984,9497200
2023-11-10,234.89810435223959,239.3793700059101,233.5207459651936,238.64219665527344,1239500,141.42689130747462,141.66538522198974,138.93701425767608,140.47291564941406,6930700,182.87206148972973,185.4565506612299,182.43468499907056,185.2875518798828,66133400,278.66360960790956,280.9373779296875,276.31274744994863,280.9373779296875,3653500,129.48094911346612,132.16809862200418,128.79422992197888,131.95909118652344,26913300,110.64027194731226,111.57155623087053,110.02581769679652,110.9955062866211,4602300,71.55994725731935,72.25963187021036,70.97527528621625,72.2021255493164,8924000
2023-11-13,237.5364068949371,238.65186860755432,235.02418334351842,238.02139282226562,946200,140.47291854434278,141.09299691225564,139.90052731510502,140.83543395996094,5889300,184.71101456121173,184.9197527658604,183.1106225987718,183.6970977783203,43627500,277.276189875422,279.33799406799506,276.74626535760694,277.54595947265625,4586700,131.15296428561638,131.95910772056664,130.62548734210117,131.46148681640625,18324800,110.95690122527311,111.8446392406613,110.95690122527311,111.31392669677734,3225700,71.64620442201897,72.38422899584378,71.4545118168345,71.92416381835938,4868400
2023-11-14,241.47450585069396,248.21580771578107,240.8052228596643,246.54745483398438,1899100,140.84496060114193,141.70353284047846,140.20579867958915,140.86404418945312,6713600,186.579792942837,186.987349680322,185.18815428767326,186.32135009765625,60108400,289.89764602846515,296.9791060869505,289.17504566309447,292.53753662109375,7952800,133.55148695631235,135.05429646532818,132.68563153168148,132.98419189453125,32395200,111.93148283429164,112.7130710052016,111.29462776036091,111.48761749267578,5421700,73.49607170854948,75.68139973556694,73.48648488384019,75.05838775634766,12287700
2023-11-15,246.30494835347218,254.05504367665725,246.30494835347218,249.69017028808594,2121900,140.56830692977968,142.54302880248264,140.49198713692715,141.95156860351562,6729100,186.72890587030213,188.36905250310778,186.65931635404164,186.887939453125,53790500,292.99036166643936,297.64389499182323,292.9036531526018,296.9309387207031,3985900,134.22827214854598,134.38751449955015,132.93446980864985,133.97946166992188,23861500,110.96655203893134,112.57797759301124,110.85075820394516,110.99549865722656,4733300,75.30759487313306,76.7165583047444,75.24050172460892,76.37150573730469,9841600
2023-11-16,249.1664006717775,250.0005623449565,243.977044789473,247.28465270996094,1496100,142.61936596430155,143.25852793120606,141.79894628686174,143.19175720214844,6875600,188.43865594913416,189.82035984023278,187.52413314974999,188.57781982421875,54412900,294.7053338001176,296.6997178386764,293.21194208992387,295.244873046875,3114000,134.54676162685195,136.56710157010505,133.68090599008264,136.27847290039062,28013200,109.52882642397466,109.77005808718202,106.12263651737575,108.0621337890625,6733200,76.659045624182,76.9465845314681,75.75807429362307,76.35233306884766,6757600
2023-11-17,249.13729636227515,249.8453569270405,246.0139855608501,248.26431274414062,1231400,143.6210268525972,143.8499716762229,142.2091470663607,142.89599609375,7023300,189.11457782649978,189.24380683321974,187.44461143684416,188.55792236328125,50922700,297.2296002641076,297.43192012229804,294.2910373710298,296.0445251464844,2770300,135.35288749837048,135.41259957777135,133.01406314727024,134.66616821289062,37240600,108.84371842469025,111.47796379906782,108.29371058242859,110.57093048095703,5799100,76.99451341769708,77.09994654699639,76.62070770931015,76.94658660888672,6080700
2023-11-20,247.69201983192787,248.89479029116336,244.80150777412538,247.86660766601562,1201600,142.23248583870935,144.62689792701082,141.87667829183454,144.1557159423828,8851700,188.75673136709773,190.7646802061248,188.74679650771577,190.3074188232422,46505100,295.96747158559657,298.35688066562693,294.57043247861867,296.9309387207031,3459000,133.05389813694657,136.00976793027115,132.98422391138493,135.60171508789062,27815500,110.95690053210684,112.4911375555106,110.57092844458478,111.3428726196289,4046400,76.70696251559563,76.86990195545455,76.04561061985738,76.39066314697266,7644600
2023-11-21,247.4010519232196,248.87539868278063,245.6648085837558,248.17703247070312,851700,144.33842287078735,145.4827324390159,143.86722622051843,145.3192596435547,5916300,190.26766718139268,190.37701130719432,188.60763557529475,189.50225830078125,38134500,294.40669716569727,294.88843079483144,291.29468733652317,294.1850891113281,2977200,135.64151069808045,136.52727537398616,135.31309423775954,136.3182830810547,22635300,111.14023604323067,111.57445002928606,110.54197895502088,111.13058471679688,3720200,75.78683137273973,76.04561713394189,74.97212679105351,75.21174621582031,7394800
2023-11-22,249.82596244660894,249.82596244660894,247.45922862119136,248.7589874267578,954700,145.8097134378771,146.20396450742751,144.6173053405524,145.0308074951172,4633500,190.3471923134316,191.77858564632436,189.69112755602794,190.1682586669922,39617700,296.16020989459986,298.5399457578732,295.2834511752791,297.9040832519531,2873500,136.81588856208788,138.75660699373168,136.81588856208788,137.83103942871094,17813900,108.09107896236765,111.09200140140014,107.26124882491547,110.82182312011719,4559000,75.51845748468598,75.59513745431408,74.96253867378886,75.23091125488281,4265400
2023-11-24,249.50590145737203,251.42642702057978,248.7590040928397,249.8744659423828,452200,145.06926820307024,146.81940021950325,145.06926820307024,146.6463165283203,3351400,189.73086532541635,189.76068506922263,188.1205384889839,188.83624267578125,24048300,297.88481507410825,300.00445491166886,297.0466032210193,299.34930419921875,1259900,137.37324766801746,137.47277793932125,135.34296073463057,136.0396270751953,12514300,110.86041472322225,112.48149167993175,110.8314681035712,111.43936920166016,2159200,75.01046401051174,75.6334759544527,74.80918457864236,75.38426971435547,2398000
2023-11-27,248.14791172214237,249.12757800806799,244.10313069527797,245.98487854003906,1787400,146.44438594991203,146.47324790782883,145.17506139805255,145.47315979003906,6449700,188.78654712309,189.53207108953595,187.77263028176083,188.65731811523438,40552600,299.3396407279598,301.4592804282236,298.43397916536406,299.5612487792969,2992600,135.38275901618942,137.761386630107,135.3529029730756,135.76095581054688,23436500,110.94726190875836,111.09199500696768,109.38407819184724,110.77357482910156,5289500,75.02003803795424,75.09671800047165,74.36827298176361,74.71332550048828,5237800
2023-11-28,246.43105870090008,248.6037862858848,244.58811800997958,245.8005828857422,1141900,145.5885103602498,145.98277604595097,145.05000828859988,145.8096923828125,5909000,188.64737693705334,189.9396214691522,188.26963995303524,189.263671875,38415400,299.3588684517465,303.0874815992337,298.08711416612476,301.8927917480469,3116900,135.43248388353294,136.59691477732565,134.7756207579528,136.54714965820312,18730000,111.21744389978132,111.91219224167946,110.46480231666027,110.947265625,3469100,74.14783189083263,74.23409136963377,73.16060107733071,73.68775939941406,9197900
2023-11-29,247.91510373650232,249.53496976455602,245.81996097021369,246.30494689941406,1012100,145.52122734216837,146.35782785563535,145.27121267700483,146.2712860107422,5190000,189.76069003248776,190.9435904601538,187.84221568139642,188.2398223876953,43014200,304.6182933553987,304.6182933553987,301.5629989139346,301.669677734375,3083800,136.9154278069515,137.63198796354249,134.19840663801398,134.3477020263672,23967200,111.31394188712376,111.50692427752291,109.34549058546597,109.97269439697266,6065300,74.26285837288951,76.22773334862624,74.1286647619458,75.2884292602539,7420700
2023-11-30,246.20797081952827,251.40702083074189,244.59781390248676,251.0578155517578,1806600,146.41551874648394,149.18497509826693,146.0885731141437,148.72340393066406,12481900,188.70701635554832,189.1841625986753,187.06686975200412,188.8163604736328,48794400,303.1440380589547,304.3273620698634,299.3127760826196,304.0654602050781,4493700,134.4074124729324,134.9050333890216,130.65534651348793,131.89939880371094,38988300,111.1305837121257,112.6069200855333,109.6542473387181,111.51655578613281,10242700,75.49928416100782,76.17980975363143,74.96253899650918,76.04561614990234,8480500
2023-12-01,251.3682694765941,257.33359210619216,250.76689149719266,256.48004150390625,1994900,150.43507764930436,152.3775443767221,149.50230977229637,152.3006134033203,10342500,189.19410585978827,190.41676093068807,188.1006646303825,190.0986785888672,45679300,304.39525750651774,310.4767802782311,303.5902229744413,310.0111999511719,3613600,131.2325897216797,131.48140018185381,130.04824950146127,131.2325897216797,31431200,110.9955020903429,112.9350065559703,110.82181501339409,111.18849182128906,4675100,75.79642285686106,77.61753205956273,75.47053661658992,77.53126525878906,9615800
2023-12-04,254.74372451290245,259.7584626529292,254.02595478018674,257.6245422363281,1420300,151.93519182971008,153.8776585172619,151.93519182971008,152.7814178466797,8920300,188.84618961175903,188.91577913023963,186.33128993843854,188.29946899414062,43389500,310.0111842976945,315.3070307500526,309.3710224803579,314.2789001464844,3827900,129.26200531072064,129.41128550101195,127.29142327486284,128.6549072265625,36669900,110.07883222387234,111.85429369757706,109.88584247990053,110.51304626464844,4824800,76.8219829781727,78.096759972322,76.73571618951249,77.83796691894531,6713800
2023-12-05,256.2860151291413,259.25412722123764,254.62737121913392,258.09014892578125,1176200,152.7044693086439,153.5026115422753,152.1467308318985,152.4640655517578,7268200,189.07482149235318,193.23980256929687,189.0449865799245,192.26565551757812,66628400,312.3196613954429,314.1819531458302,310.389496562585,313.7745666503906,3269800,128.33642794624606,131.51125173964408,127.63976171874135,130.36672973632812,27384800,110.70602040796186,110.87005614586754,109.07529226978022,109.17178344726562,5821400,77.32998168389946,77.48333431444651,76.28523718084159,76.84115600585938,6103200
2023-12-06,259.3996132927073,260.9612836561228,258.39086369275896,259.18621826171875,1649300,152.43523181535394,152.5698573442455,150.1754304306581,150.608154296875,6642900,193.28950362567244,193.5976510937421,190.9634725753497,191.17222595214844,41089700,315.22941478791074,318.4399027674336,314.4631565377779,316.3060302734375,3030800,130.8145935589201,131.21268423164344,129.26201867463922,129.40135192871094,23576200,108.3902065358678,108.3902065358678,105.89104281854696,106.64368438720703,7489500,77.42583418763756,78.365145633093,76.03604432648751,76.11272430419922,7321800
2023-12-07,259.95245173723157,260.90303479180403,257.5469109303985,259.59356689453125,1401400,150.56969576017718,150.56969576017718,148.7714801989605,149.4349822998047,6532400,192.4744158469115,193.83623479668313,192.43464607405332,193.110595703125,47477700,316.30606489194423,317.5670004491712,314.9190624191035,316.3642883300781,2742300,134.39746622266577,137.90072213818786,134.0590876044096,136.27847290039062,56767100,107.41562910787259,107.98493963155042,106.76913005095848,106.96211242675781,5816800,76.44818118780515,77.22454576231068,76.31399489869565,77.01367950439453,5430400
2023-12-08,260.61691205121105,266.79562039400884,260.57792131413214,265.2850341796875,2046000,149.45422992875703,149.8677320873055,147.93487617937907,148.49261474609375,6253700,193.04099429291227,194.8203199094653,192.5141585929263,194.5419921875,53377300,316.1993410027829,317.44085870369713,315.2875982036612,316.65521240234375,2889300,133.56145246512227,135.75098148530094,133.39226317393695,134.3477020263672,32233900,107.82090044562473,108.25512184971495,107.16475003745362,108.13932800292969,5713900,76.94658533051685,79.22776684007123,76.82198586732606,78.86354064941406,10342300
2023-12-11,265.0413976311345,266.93204689806186,264.19353497105004,264.4761657714844,1295500,148.56954533216455,149.51192410024183,148.4253089243763,149.10804748535156,6090400,191.9575100014726,192.33524699521988,190.27759358324766,192.02708435058594,60943700,319.8948169963447,322.1062714630198,318.92488030745,321.3691101074219,3520700,131.75011845279244,132.70554210632815,130.73496753299872,132.65577697753906,31138000,108.18757545260229,108.679682729066,107.62791624530004,108.2261734008789,7250100,78.94980675644541,79.40028510989092,78.55682740943048,79.38111877441406,6378100
2023-12-12,266.52268062203376,269.2222011264933,265.2167737855148,266.06463623046875,1539900,149.05035567431702,149.3580795807247,147.75216928792022,149.11767578125,5324400,191.92769665062553,193.5579084922386,190.5758125501861,193.5479736328125,52696900,320.50588758198705,324.4632163194436,320.38949991325586,323.18292236328125,2893400,131.18283687704292,132.36717720816904,130.63545077616277,131.88946533203125,29032800,106.88491953946033,107.57002392498006,105.85244834008802,107.16474914550781,6888800,79.49614689114453,80.18625204086713,79.14150749125795,80.12873840332031,7395300
2023-12-13,265.1193284284528,267.8773203264596,261.7278486951819,266.86376953125,1500000,147.7617825931875,149.95426388897098,145.94433060660165,149.8100128173828,10764600,193.925682544677,196.8183190559037,193.68712459255818,196.778564453125,70404200,324.8318013151661,333.5030379521592,321.9316999970186,333.0762634277344,5822700,132.74535238978922,132.86477654283303,130.94396721251857,131.939208984375,30104800,107.58931725819542,108.32266354475871,106.98141614277141,107.92704010009766,8570100,80.0041394809741,82.53452017236354,79.84120001744337,82.07444763183594,10144600
2023-12-14,270.4404562676191,275.05986211154135,268.94938034703546,272.3505859375,2889700,150.46394678633442,151.12746368935888,149.09845482453971,150.8485870361328,9240700,196.83819885132337,198.42864077264184,194.98929893159502,196.9276580810547,66831600,339.2256832147935,342.4555892992026,337.53800267346514,341.23345947265625,7594800,132.74534532925426,133.08372386900336,129.07290095664663,131.31219482421875,38722400,108.98845883191048,112.26921081370548,108.79547645254848,110.9183120727539,11490400,83.60801367444233,88.17994912340319,83.5888400252265,87.25981140136719,19849500
2023-12-15,270.78154390437805,277.2818434564862,269.8459744869557,274.134033203125,2766700,149.52154313041927,150.67547836171525,147.85793837660935,149.20420837402344,21712500,196.3511298862745,197.2159328291742,195.82429416614897,196.39089965820312,128256700,337.75137182326705,343.72618567663653,336.32556363552976,343.35760498046875,11212800,130.99373767011565,132.87474430610476,130.55582879211832,131.96908569335938,50815200,110.33935141590824,111.68059875450814,109.63495914491688,110.52268981933594,30859600,87.22146312423283,88.0265808122528,86.51219173536707,87.77738189697266,16905100
2023-12-18,276.04413763652235,278.2661333888377,273.50055014979324,274.74798583984375,2469100,149.25231282051715,150.4350954965916,148.81957420965747,149.47348022460938,7231400,194.91972010314345,195.45650584640038,193.22986883323685,194.72091674804688,55751900,343.0762992581015,344.2499439682556,339.7882292621861,340.26348876953125,4420500,131.99892443621175,136.4974064259798,131.79986392780293,135.15383911132812,32258000,111.76743809043984,113.1569272422817,110.62882452771368,110.87005615234375,7000500,87.85407122891093,87.86365074102505,86.84766669897266,86.99143981933594,9145500
2023-12-19,273.9196481454519,276.36577407337523,271.4150212424142,272.8768615722656,6880300,149.33882292684746,150.4927580733044,148.9926409156022,150.4542999267578,6651500,194.98930475456203,195.77458329630363,194.72091188963017,195.7646484375,40714100,340.8939189680204,342.3488239099315,339.86578851041253,341.485595703125,4654700,136.18890002941743,136.8159072955645,135.4325216409029,135.9998016357422,25476800,110.91830150827312,112.54902969724401,110.2428558830335,112.40428924560547,6379200,87.14478620474107,88.52499636111914,86.93391995167174,88.10326385498047,8114900
2023-12-20,240.22906788472596,246.25184224593232,239.67356148235461,239.9854278564453,18816500,150.53122005397574,150.6466238427179,147.23288733130985,147.38674926757812,7008300,195.72487446786357,196.50021813416774,193.667236328125,193.667236328125,52242800,340.44781013665687,344.1044611450439,337.8386778277138,338.17816162109375,3259500,138.30875463223933,141.02576050336694,137.41304308366068,137.68174743652344,49107200,112.77096948458153,114.76836716518476,112.29815017065799,112.59728240966797,7767200,87.66237206510826,88.47707667082729,87.1543800396342,87.35565948486328,10467000
2023-12-21,241.79811982076893,242.4218377230008,238.40665465679623,241.06719970703125,5851700,147.79064798152547,149.17537626918065,147.41561862637585,148.89649963378906,4598600,194.92966611931476,195.90381315665195,192.34517705306277,193.51812744140625,46482500,341.2916313890206,341.66021208129496,336.5680442646114,338.47882080078125,2794200,138.82627876474274,140.02056584118617,138.51774106231403,139.75184631347656,27488300,112.41394855477732,112.78061801140123,111.23673692850362,112.73237609863281,4149300,88.31413095340068,88.81254343135434,87.83489212369366,88.78378295898438,7748000
2023-12-22,240.9307624631457,243.07479182783854,239.59561981075126,241.72015380859375,3343100,149.29074541134585,150.5216115748682,149.06957804512535,149.49269104003906,3798500,194.01515250091973,194.24379077463595,191.8183503425399,192.44459533691406,37122800,338.5467434026494,340.7775861659803,336.2673860400416,338.1102600097656,2029900,140.10018194492363,141.3143780648777,140.0404698711855,140.81675720214844,26514600,113.8613356614463,114.46923675243963,113.17623867774748,113.53326416015625,4299400,89.04258908620872,89.77103426176836,88.40041071520739,88.57293701171875,5800800
2023-12-26,243.64004191004744,246.84633831851616,242.8603908018137,245.5794219970703,3594500,149.05033533861877,150.34852154789738,148.90609894784623,150.14657592773438,4170000,192.45452839560733,192.73285613100865,191.67918468017166,191.8978729248047,28919300,337.9550446992351,339.5651432086108,337.6931724405266,338.80859375,1585500,140.91629294532333,142.00110294060704,140.51820227118546,140.8466339111328,16780300,114.5367819557684,115.24118159746797,114.2280057450329,114.8455581665039,2893600,88.7646082702512,89.15758027107658,88.53457570116797,88.98505401611328,2726200
2023-12-27,246.32981353313605,248.17173158721027,244.34171740755096,244.55612182617188,3134400,149.5311473008389,150.5119988063877,149.4542163324545,150.34852600097656,5288100,191.34121910492223,192.34518593287333,189.94956524818429,191.9972686767578,48087700,339.39058047372754,339.4778712314582,336.7426424220785,338.05206298828125,2764300,140.91628362015615,141.40395757196106,139.2243755877538,139.70208740234375,19628600,114.35345487653552,115.44381929810393,113.93853613880493,114.33415222167969,3441400,88.84130205450549,89.79977977286208,88.56334263866952,89.77102661132812,4073200
2023-12-28,244.4001958616226,247.51878540111483,244.22478217062363,247.12896728515625,2246900,150.01196359992426,151.2043716698232,150.00235273072124,150.5697021484375,4377500,192.98136861854135,193.4982694967864,192.01715638138543,192.42471313476562,34049900,338.022978500288,338.54675266605585,335.4041372715711,336.917236328125,2859400,140.11014545033115,140.46843312127822,139.08504756687975,139.56275939941406,16045700,113.53326644037567,114.05432032208886,112.35605481929294,112.41394805908203,3711400,89.43555453733121,90.04897969877567,89.36846138881712,89.7518539428711,4089500
2023-12-29,247.60649166237772,249.12680303857397,245.46244754660663,246.5344696044922,1947400,150.50237448025734,150.8774037834842,149.99271964954087,150.7235565185547,4311100,192.7427850763616,193.23980104114617,190.58573760932344,191.38096618652344,42628800,335.4332056510678,337.10149800738617,332.70768581314644,336.1315612792969,10325700,138.9656175115826,139.6921397740678,138.11965590639036,139.02532958984375,18727200,113.09904681078334,113.42712568555683,111.74814808757431,111.99903106689453,3643300,89.60807672529432,89.87644930708412,89.19593102823015,89.37804412841797,4772100
